year,jurisdiction,code,occupation,group,experience,deployment,displacement,reinstatement,netChange,employmentIndex,yoyChange,hiringChange
2026,United States,US,Administrative & clerical,Business services,Entry,0.31272,0.23724,0.00378,-0.23346,76.65394,-0.12511,-0.3132
2027,United States,US,Administrative & clerical,Business services,Entry,0.50443,0.38268,0.00759,-0.37509,62.49096,-0.18477,-0.40466
2028,United States,US,Administrative & clerical,Business services,Entry,0.68352,0.51855,0.01331,-0.50523,49.47693,-0.20825,-0.37183
2029,United States,US,Administrative & clerical,Business services,Entry,0.80581,0.61131,0.01966,-0.59166,40.83429,-0.17468,-0.24693
2030,United States,US,Administrative & clerical,Business services,Entry,0.87252,0.66193,0.02468,-0.63725,36.27526,-0.11165,-0.13026
2026,Singapore,SG,Administrative & clerical,Business services,Entry,0.2925,0.22974,0.00308,-0.22666,77.33441,-0.12818,-0.32487
2027,Singapore,SG,Administrative & clerical,Business services,Entry,0.49636,0.38986,0.00658,-0.38328,61.67248,-0.20252,-0.44748
2028,Singapore,SG,Administrative & clerical,Business services,Entry,0.69263,0.54402,0.01225,-0.53177,46.8226,-0.24079,-0.42428
2029,Singapore,SG,Administrative & clerical,Business services,Entry,0.82532,0.64823,0.01883,-0.62941,37.05919,-0.20852,-0.27895
2030,Singapore,SG,Administrative & clerical,Business services,Entry,0.89503,0.70299,0.02409,-0.6789,32.11037,-0.13354,-0.14139
2026,United Kingdom,UK,Administrative & clerical,Business services,Entry,0.22387,0.15458,0.00232,-0.15226,84.77409,-0.0793,-0.20861
2027,United Kingdom,UK,Administrative & clerical,Business services,Entry,0.38281,0.26433,0.00466,-0.25967,74.03255,-0.12671,-0.3069
2028,United Kingdom,UK,Administrative & clerical,Business services,Entry,0.56215,0.38816,0.0085,-0.37967,62.03339,-0.16208,-0.34283
2029,United Kingdom,UK,Administrative & clerical,Business services,Entry,0.71203,0.49165,0.01349,-0.47816,52.18411,-0.15877,-0.28141
2030,United Kingdom,UK,Administrative & clerical,Business services,Entry,0.80894,0.55857,0.01834,-0.54023,45.97735,-0.11894,-0.17734
2026,Canada,CA,Administrative & clerical,Business services,Entry,0.20074,0.14819,0.00206,-0.14613,85.38714,-0.07562,-0.19958
2027,Canada,CA,Administrative & clerical,Business services,Entry,0.34658,0.25584,0.00409,-0.25175,74.82496,-0.1237,-0.30178
2028,Canada,CA,Administrative & clerical,Business services,Entry,0.51964,0.38359,0.00749,-0.3761,62.38973,-0.16619,-0.35529
2029,Canada,CA,Administrative & clerical,Business services,Entry,0.67388,0.49745,0.01208,-0.48537,51.46301,-0.17514,-0.31219
2030,Canada,CA,Administrative & clerical,Business services,Entry,0.78002,0.5758,0.01682,-0.55899,44.10109,-0.14305,-0.21034
2026,United Arab Emirates,AE,Administrative & clerical,Business services,Entry,0.17156,0.1208,0.00168,-0.11912,88.08826,-0.06516,-0.17542
2027,United Arab Emirates,AE,Administrative & clerical,Business services,Entry,0.31516,0.22191,0.00361,-0.2183,78.17009,-0.11259,-0.28338
2028,United Arab Emirates,AE,Administrative & clerical,Business services,Entry,0.49072,0.34553,0.00709,-0.33844,66.15634,-0.15369,-0.34325
2029,United Arab Emirates,AE,Administrative & clerical,Business services,Entry,0.64406,0.4535,0.01204,-0.44146,55.85424,-0.15572,-0.29435
2030,United Arab Emirates,AE,Administrative & clerical,Business services,Entry,0.74334,0.5234,0.01716,-0.50624,49.37585,-0.11599,-0.1851
2026,Australia,AU,Administrative & clerical,Business services,Entry,0.18674,0.12636,0.00184,-0.12453,87.54708,-0.06419,-0.17158
2027,Australia,AU,Administrative & clerical,Business services,Entry,0.32645,0.2209,0.00367,-0.21723,78.27734,-0.10588,-0.26485
2028,Australia,AU,Administrative & clerical,Business services,Entry,0.49683,0.3362,0.00679,-0.3294,67.05958,-0.14331,-0.32051
2029,Australia,AU,Administrative & clerical,Business services,Entry,0.65308,0.44193,0.01112,-0.43082,56.91849,-0.15123,-0.28975
2030,Australia,AU,Administrative & clerical,Business services,Entry,0.7631,0.51638,0.0157,-0.50068,49.93199,-0.12275,-0.19961
2026,Germany,DE,Administrative & clerical,Business services,Entry,0.18062,0.09784,0.00172,-0.09612,90.38799,-0.04625,-0.12523
2027,Germany,DE,Administrative & clerical,Business services,Entry,0.30566,0.16557,0.00325,-0.16232,83.76848,-0.07323,-0.18913
2028,Germany,DE,Administrative & clerical,Business services,Entry,0.46101,0.24972,0.00577,-0.24395,75.60487,-0.09745,-0.23325
2029,Germany,DE,Administrative & clerical,Business services,Entry,0.61255,0.3318,0.00924,-0.32256,67.74396,-0.10397,-0.2246
2030,Germany,DE,Administrative & clerical,Business services,Entry,0.72923,0.395,0.01308,-0.38192,61.80758,-0.08763,-0.16961
2026,Japan,JP,Administrative & clerical,Business services,Entry,0.16856,0.08471,0.0014,-0.08331,91.66936,-0.04009,-0.1094
2027,Japan,JP,Administrative & clerical,Business services,Entry,0.28811,0.14478,0.00267,-0.14211,85.78853,-0.06415,-0.16802
2028,Japan,JP,Administrative & clerical,Business services,Entry,0.44,0.22112,0.00477,-0.21635,78.36539,-0.08653,-0.21209
2029,Japan,JP,Administrative & clerical,Business services,Entry,0.59189,0.29745,0.00773,-0.28972,71.02845,-0.09362,-0.20963
2030,Japan,JP,Administrative & clerical,Business services,Entry,0.71144,0.35753,0.01109,-0.34644,65.35594,-0.07986,-0.16207
2026,India,IN,Administrative & clerical,Business services,Entry,0.12095,0.09794,0.00124,-0.0967,90.33003,-0.05124,-0.13938
2027,India,IN,Administrative & clerical,Business services,Entry,0.22322,0.18075,0.00257,-0.17818,82.18208,-0.0902,-0.2328
2028,India,IN,Administrative & clerical,Business services,Entry,0.36,0.29151,0.00499,-0.28652,71.34835,-0.13183,-0.30954
2029,India,IN,Administrative & clerical,Business services,Entry,0.49678,0.40226,0.00865,-0.39361,60.63871,-0.1501,-0.30599
2030,India,IN,Administrative & clerical,Business services,Entry,0.59905,0.48508,0.01291,-0.47217,52.78285,-0.12955,-0.22445
2026,France,FR,Administrative & clerical,Business services,Entry,0.16451,0.09194,0.00149,-0.09044,90.95558,-0.04295,-0.11662
2027,France,FR,Administrative & clerical,Business services,Entry,0.2785,0.15565,0.0028,-0.15285,84.71533,-0.06861,-0.17829
2028,France,FR,Administrative & clerical,Business services,Entry,0.42461,0.2373,0.00494,-0.23236,76.76395,-0.09386,-0.22718
2029,France,FR,Administrative & clerical,Business services,Entry,0.57419,0.3209,0.00796,-0.31294,68.70628,-0.10497,-0.23022
2030,France,FR,Administrative & clerical,Business services,Entry,0.69594,0.38894,0.01143,-0.37751,62.24946,-0.09398,-0.18448
2026,Brazil,BR,Administrative & clerical,Business services,Entry,0.09137,0.06559,0.00084,-0.06475,93.52545,-0.03153,-0.08699
2027,Brazil,BR,Administrative & clerical,Business services,Entry,0.16352,0.11739,0.00162,-0.11577,88.4234,-0.05455,-0.14577
2028,Brazil,BR,Administrative & clerical,Business services,Entry,0.26903,0.19312,0.00299,-0.19014,80.98646,-0.08411,-0.21248
2029,Brazil,BR,Administrative & clerical,Business services,Entry,0.39586,0.28417,0.00515,-0.27902,72.09757,-0.10976,-0.25397
2030,Brazil,BR,Administrative & clerical,Business services,Entry,0.51686,0.37104,0.00803,-0.36301,63.69917,-0.11649,-0.23995
2026,Nigeria,NG,Administrative & clerical,Business services,Entry,0.0536,0.04748,0.00049,-0.04699,95.301,-0.02194,-0.06108
2027,Nigeria,NG,Administrative & clerical,Business services,Entry,0.09502,0.08417,0.00091,-0.08327,91.6731,-0.03807,-0.10365
2028,Nigeria,NG,Administrative & clerical,Business services,Entry,0.1593,0.14111,0.00164,-0.13948,86.05228,-0.06131,-0.16059
2029,Nigeria,NG,Administrative & clerical,Business services,Entry,0.24627,0.21815,0.00283,-0.21532,78.46794,-0.08814,-0.2167
2030,Nigeria,NG,Administrative & clerical,Business services,Entry,0.34443,0.3051,0.00457,-0.30053,69.94661,-0.1086,-0.24347
2026,United States,US,Administrative & clerical,Business services,Junior,0.31272,0.12546,0.00569,-0.11978,88.02227,-0.0598,-0.23326
2027,United States,US,Administrative & clerical,Business services,Junior,0.50443,0.20238,0.01141,-0.19097,80.90332,-0.08088,-0.29662
2028,United States,US,Administrative & clerical,Business services,Junior,0.68352,0.27423,0.02002,-0.25421,74.5793,-0.07817,-0.2635
2029,United States,US,Administrative & clerical,Business services,Junior,0.80581,0.32329,0.02956,-0.29373,70.62693,-0.053,-0.16468
2030,United States,US,Administrative & clerical,Business services,Junior,0.87252,0.35006,0.03711,-0.31294,68.70569,-0.0272,-0.08005
2026,Singapore,SG,Administrative & clerical,Business services,Junior,0.2925,0.1215,0.00463,-0.11686,88.31381,-0.06206,-0.24346
2027,Singapore,SG,Administrative & clerical,Business services,Junior,0.49636,0.20618,0.0099,-0.19627,80.37266,-0.08992,-0.33088
2028,Singapore,SG,Administrative & clerical,Business services,Junior,0.69263,0.2877,0.01842,-0.26929,73.07135,-0.09084,-0.30422
2029,Singapore,SG,Administrative & clerical,Business services,Junior,0.82532,0.34282,0.02831,-0.3145,68.54968,-0.06188,-0.1884
2030,Singapore,SG,Administrative & clerical,Business services,Junior,0.89503,0.37177,0.03623,-0.33554,66.44574,-0.03069,-0.08766
2026,United Kingdom,UK,Administrative & clerical,Business services,Junior,0.22387,0.08175,0.00349,-0.07826,92.17423,-0.03901,-0.15592
2027,United Kingdom,UK,Administrative & clerical,Business services,Junior,0.38281,0.13979,0.007,-0.13279,86.72127,-0.05916,-0.22721
2028,United Kingdom,UK,Administrative & clerical,Business services,Junior,0.56215,0.20528,0.01278,-0.1925,80.74984,-0.06886,-0.24881
2029,United Kingdom,UK,Administrative & clerical,Business services,Junior,0.71203,0.26001,0.02029,-0.23972,76.02837,-0.05847,-0.19673
2030,United Kingdom,UK,Administrative & clerical,Business services,Junior,0.80894,0.2954,0.02758,-0.26781,73.21865,-0.03696,-0.11707
2026,Canada,CA,Administrative & clerical,Business services,Junior,0.20074,0.07837,0.00309,-0.07527,92.47267,-0.03737,-0.14957
2027,Canada,CA,Administrative & clerical,Business services,Junior,0.34658,0.1353,0.00616,-0.12915,87.08535,-0.05826,-0.22447
2028,Canada,CA,Administrative & clerical,Business services,Junior,0.51964,0.20286,0.01126,-0.1916,80.84013,-0.07171,-0.26022
2029,Canada,CA,Administrative & clerical,Business services,Junior,0.67388,0.26308,0.01817,-0.2449,75.50972,-0.06594,-0.2221
2030,Canada,CA,Administrative & clerical,Business services,Junior,0.78002,0.30451,0.02529,-0.27922,72.07772,-0.04545,-0.143
2026,United Arab Emirates,AE,Administrative & clerical,Business services,Junior,0.17156,0.06388,0.00253,-0.06135,93.86462,-0.03253,-0.13149
2027,United Arab Emirates,AE,Administrative & clerical,Business services,Junior,0.31516,0.11736,0.00543,-0.11192,88.80769,-0.05387,-0.21071
2028,United Arab Emirates,AE,Administrative & clerical,Business services,Junior,0.49072,0.18273,0.01066,-0.17207,82.79322,-0.06772,-0.2506
2029,United Arab Emirates,AE,Administrative & clerical,Business services,Junior,0.64406,0.23983,0.01811,-0.22172,77.82772,-0.05997,-0.2069
2030,United Arab Emirates,AE,Administrative & clerical,Business services,Junior,0.74334,0.2768,0.02581,-0.25099,74.90112,-0.0376,-0.12194
2026,Australia,AU,Administrative & clerical,Business services,Junior,0.18674,0.06683,0.00276,-0.06407,93.59331,-0.03189,-0.12844
2027,Australia,AU,Administrative & clerical,Business services,Junior,0.32645,0.11682,0.00553,-0.1113,88.87028,-0.05046,-0.19679
2028,Australia,AU,Administrative & clerical,Business services,Junior,0.49683,0.1778,0.01021,-0.16758,83.24182,-0.06333,-0.23452
2029,Australia,AU,Administrative & clerical,Business services,Junior,0.65308,0.23371,0.01672,-0.217,78.30039,-0.05936,-0.20589
2030,Australia,AU,Administrative & clerical,Business services,Junior,0.7631,0.27308,0.02361,-0.24948,75.05237,-0.04148,-0.13533
2026,Germany,DE,Administrative & clerical,Business services,Junior,0.18062,0.05174,0.00258,-0.04916,95.08412,-0.02297,-0.09315
2027,Germany,DE,Administrative & clerical,Business services,Junior,0.30566,0.08756,0.00489,-0.08267,91.73329,-0.03524,-0.13962
2028,Germany,DE,Administrative & clerical,Business services,Junior,0.46101,0.13206,0.00867,-0.12339,87.6611,-0.04439,-0.16967
2029,Germany,DE,Administrative & clerical,Business services,Junior,0.61255,0.17547,0.0139,-0.16157,83.84277,-0.04356,-0.1591
2030,Germany,DE,Administrative & clerical,Business services,Junior,0.72923,0.2089,0.01967,-0.18923,81.07743,-0.03298,-0.11522
2026,Japan,JP,Administrative & clerical,Business services,Junior,0.16856,0.0448,0.00211,-0.04269,95.73102,-0.02004,-0.08156
2027,Japan,JP,Administrative & clerical,Business services,Junior,0.28811,0.07657,0.00401,-0.07255,92.74462,-0.0312,-0.12443
2028,Japan,JP,Administrative & clerical,Business services,Junior,0.44,0.11694,0.00717,-0.10976,89.02381,-0.04012,-0.15503
2029,Japan,JP,Administrative & clerical,Business services,Junior,0.59189,0.15731,0.01163,-0.14567,85.43262,-0.04034,-0.14963
2030,Japan,JP,Administrative & clerical,Business services,Junior,0.71144,0.18908,0.01667,-0.1724,82.75952,-0.03129,-0.11138
2026,India,IN,Administrative & clerical,Business services,Junior,0.12095,0.05179,0.00186,-0.04993,95.00657,-0.02579,-0.1048
2027,India,IN,Administrative & clerical,Business services,Junior,0.22322,0.09559,0.00386,-0.09172,90.82762,-0.04399,-0.17412
2028,India,IN,Administrative & clerical,Business services,Junior,0.36,0.15416,0.0075,-0.14666,85.33423,-0.06048,-0.22889
2029,India,IN,Administrative & clerical,Business services,Junior,0.49678,0.21274,0.01301,-0.19973,80.02746,-0.06219,-0.22112
2030,India,IN,Administrative & clerical,Business services,Junior,0.59905,0.25653,0.01941,-0.23712,76.28779,-0.04673,-0.15582
2026,France,FR,Administrative & clerical,Business services,Junior,0.16451,0.04862,0.00225,-0.04637,95.36265,-0.02143,-0.087
2027,France,FR,Administrative & clerical,Business services,Junior,0.2785,0.08231,0.00421,-0.0781,92.18968,-0.03327,-0.13221
2028,France,FR,Administrative & clerical,Business services,Junior,0.42461,0.12549,0.00743,-0.11807,88.19323,-0.04335,-0.16652
2029,France,FR,Administrative & clerical,Business services,Junior,0.57419,0.16971,0.01197,-0.15773,84.22656,-0.04498,-0.16528
2030,France,FR,Administrative & clerical,Business services,Junior,0.69594,0.20569,0.01719,-0.18849,81.15057,-0.03652,-0.12817
2026,Brazil,BR,Administrative & clerical,Business services,Junior,0.09137,0.03469,0.00127,-0.03342,96.65811,-0.01598,-0.06541
2027,Brazil,BR,Administrative & clerical,Business services,Junior,0.16352,0.06208,0.00244,-0.05964,94.03568,-0.02713,-0.10927
2028,Brazil,BR,Administrative & clerical,Business services,Junior,0.26903,0.10213,0.00449,-0.09764,90.23609,-0.04041,-0.15832
2029,Brazil,BR,Administrative & clerical,Business services,Junior,0.39586,0.15028,0.00774,-0.14254,85.74582,-0.04976,-0.18709
2030,Brazil,BR,Administrative & clerical,Business services,Junior,0.51686,0.19622,0.01208,-0.18415,81.58538,-0.04852,-0.17335
2026,Nigeria,NG,Administrative & clerical,Business services,Junior,0.0536,0.02511,0.00073,-0.02437,97.56252,-0.01123,-0.04617
2027,Nigeria,NG,Administrative & clerical,Business services,Junior,0.09502,0.04452,0.00136,-0.04315,95.68464,-0.01925,-0.07825
2028,Nigeria,NG,Administrative & clerical,Business services,Junior,0.1593,0.07463,0.00246,-0.07217,92.78341,-0.03032,-0.12088
2029,Nigeria,NG,Administrative & clerical,Business services,Junior,0.24627,0.11537,0.00426,-0.11111,88.88887,-0.04197,-0.16227
2030,Nigeria,NG,Administrative & clerical,Business services,Junior,0.34443,0.16135,0.00687,-0.15448,84.55208,-0.04879,-0.1807
2026,United States,US,Administrative & clerical,Business services,Mid,0.31272,0.0479,0.0065,-0.0414,95.85952,-0.01947,-0.11899
2027,United States,US,Administrative & clerical,Business services,Mid,0.50443,0.07727,0.01304,-0.06423,93.57696,-0.02381,-0.14266
2028,United States,US,Administrative & clerical,Business services,Mid,0.68352,0.10471,0.02288,-0.08182,91.81778,-0.0188,-0.10995
2029,United States,US,Administrative & clerical,Business services,Mid,0.80581,0.12344,0.03378,-0.08966,91.03441,-0.00853,-0.04896
2030,United States,US,Administrative & clerical,Business services,Mid,0.87252,0.13366,0.04242,-0.09124,90.87577,-0.00174,-0.00992
2026,Singapore,SG,Administrative & clerical,Business services,Mid,0.2925,0.04639,0.0053,-0.04109,95.89064,-0.02074,-0.12694
2027,Singapore,SG,Administrative & clerical,Business services,Mid,0.49636,0.07872,0.01132,-0.0674,93.25954,-0.02744,-0.16444
2028,Singapore,SG,Administrative & clerical,Business services,Mid,0.69263,0.10985,0.02105,-0.0888,91.11969,-0.02295,-0.13374
2029,Singapore,SG,Administrative & clerical,Business services,Mid,0.82532,0.13089,0.03236,-0.09854,90.14644,-0.01068,-0.06083
2030,Singapore,SG,Administrative & clerical,Business services,Mid,0.89503,0.14195,0.0414,-0.10054,89.94554,-0.00223,-0.01256
2026,United Kingdom,UK,Administrative & clerical,Business services,Mid,0.22387,0.03121,0.00399,-0.02722,97.27772,-0.01307,-0.08054
2027,United Kingdom,UK,Administrative & clerical,Business services,Mid,0.38281,0.05337,0.008,-0.04537,95.46291,-0.01866,-0.11343
2028,United Kingdom,UK,Administrative & clerical,Business services,Mid,0.56215,0.07838,0.0146,-0.06378,93.62224,-0.01928,-0.11504
2029,United Kingdom,UK,Administrative & clerical,Business services,Mid,0.71203,0.09928,0.02319,-0.07609,92.39148,-0.01315,-0.07692
2030,United Kingdom,UK,Administrative & clerical,Business services,Mid,0.80894,0.11279,0.03152,-0.08126,91.87354,-0.00561,-0.03237
2026,Canada,CA,Administrative & clerical,Business services,Mid,0.20074,0.02992,0.00354,-0.02639,97.36141,-0.01266,-0.07801
2027,Canada,CA,Administrative & clerical,Business services,Mid,0.34658,0.05166,0.00703,-0.04463,95.53738,-0.01873,-0.114
2028,Canada,CA,Administrative & clerical,Business services,Mid,0.51964,0.07746,0.01287,-0.06459,93.54149,-0.02089,-0.12474
2029,Canada,CA,Administrative & clerical,Business services,Mid,0.67388,0.10045,0.02077,-0.07968,92.03229,-0.01613,-0.09433
2030,Canada,CA,Administrative & clerical,Business services,Mid,0.78002,0.11627,0.0289,-0.08737,91.26339,-0.00835,-0.04806
2026,United Arab Emirates,AE,Administrative & clerical,Business services,Mid,0.17156,0.02439,0.00289,-0.0215,97.85003,-0.0111,-0.06862
2027,United Arab Emirates,AE,Administrative & clerical,Business services,Mid,0.31516,0.04481,0.00621,-0.0386,96.14017,-0.01747,-0.10687
2028,United Arab Emirates,AE,Administrative & clerical,Business services,Mid,0.49072,0.06977,0.01219,-0.05758,94.24161,-0.01975,-0.11866
2029,United Arab Emirates,AE,Administrative & clerical,Business services,Mid,0.64406,0.09157,0.02069,-0.07088,92.91232,-0.01411,-0.08308
2030,United Arab Emirates,AE,Administrative & clerical,Business services,Mid,0.74334,0.10569,0.0295,-0.07619,92.38116,-0.00572,-0.0332
2026,Australia,AU,Administrative & clerical,Business services,Mid,0.18674,0.02552,0.00315,-0.02236,97.7639,-0.0108,-0.06671
2027,Australia,AU,Administrative & clerical,Business services,Mid,0.32645,0.0446,0.00631,-0.03829,96.17096,-0.01629,-0.09956
2028,Australia,AU,Administrative & clerical,Business services,Mid,0.49683,0.06789,0.01167,-0.05621,94.37875,-0.01864,-0.11201
2029,Australia,AU,Administrative & clerical,Business services,Mid,0.65308,0.08924,0.01911,-0.07013,92.98697,-0.01475,-0.08699
2030,Australia,AU,Administrative & clerical,Business services,Mid,0.7631,0.10427,0.02698,-0.07729,92.27122,-0.0077,-0.04473
2026,Germany,DE,Administrative & clerical,Business services,Mid,0.18062,0.01976,0.00295,-0.0168,98.31951,-0.00764,-0.0473
2027,Germany,DE,Administrative & clerical,Business services,Mid,0.30566,0.03343,0.00559,-0.02784,97.21603,-0.01122,-0.06897
2028,Germany,DE,Administrative & clerical,Business services,Mid,0.46101,0.05042,0.00991,-0.04051,95.94889,-0.01303,-0.0792
2029,Germany,DE,Administrative & clerical,Business services,Mid,0.61255,0.067,0.01589,-0.05111,94.88878,-0.01105,-0.06626
2030,Germany,DE,Administrative & clerical,Business services,Mid,0.72923,0.07976,0.02248,-0.05728,94.27202,-0.0065,-0.03855
2026,Japan,JP,Administrative & clerical,Business services,Mid,0.16856,0.0171,0.00241,-0.0147,98.53043,-0.00674,-0.04176
2027,Japan,JP,Administrative & clerical,Business services,Mid,0.28811,0.02924,0.00459,-0.02465,97.5353,-0.0101,-0.0622
2028,Japan,JP,Administrative & clerical,Business services,Mid,0.44,0.04465,0.0082,-0.03645,96.35513,-0.0121,-0.07376
2029,Japan,JP,Administrative & clerical,Business services,Mid,0.59189,0.06006,0.01329,-0.04677,95.32309,-0.01071,-0.0645
2030,Japan,JP,Administrative & clerical,Business services,Mid,0.71144,0.07219,0.01905,-0.05314,94.68603,-0.00668,-0.03982
2026,India,IN,Administrative & clerical,Business services,Mid,0.12095,0.01978,0.00212,-0.01765,98.23485,-0.00892,-0.05528
2027,India,IN,Administrative & clerical,Business services,Mid,0.22322,0.0365,0.00442,-0.03208,96.79192,-0.01469,-0.09018
2028,India,IN,Administrative & clerical,Business services,Mid,0.36,0.05886,0.00858,-0.05029,94.97145,-0.01881,-0.11378
2029,India,IN,Administrative & clerical,Business services,Mid,0.49678,0.08123,0.01487,-0.06636,93.36426,-0.01692,-0.10045
2030,India,IN,Administrative & clerical,Business services,Mid,0.59905,0.09795,0.02218,-0.07577,92.42335,-0.01008,-0.05881
2026,France,FR,Administrative & clerical,Business services,Mid,0.16451,0.01856,0.00257,-0.016,98.40047,-0.00721,-0.04465
2027,France,FR,Administrative & clerical,Business services,Mid,0.2785,0.03143,0.00481,-0.02662,97.33823,-0.0108,-0.06639
2028,France,FR,Administrative & clerical,Business services,Mid,0.42461,0.04792,0.00849,-0.03943,96.05718,-0.01316,-0.08007
2029,France,FR,Administrative & clerical,Business services,Mid,0.57419,0.0648,0.01368,-0.05112,94.88843,-0.01217,-0.07305
2030,France,FR,Administrative & clerical,Business services,Mid,0.69594,0.07854,0.01965,-0.05889,94.1115,-0.00819,-0.04856
2026,Brazil,BR,Administrative & clerical,Business services,Mid,0.09137,0.01324,0.00145,-0.0118,98.82044,-0.00555,-0.0345
2027,Brazil,BR,Administrative & clerical,Business services,Mid,0.16352,0.0237,0.00278,-0.02092,97.90807,-0.00923,-0.05702
2028,Brazil,BR,Administrative & clerical,Business services,Mid,0.26903,0.039,0.00514,-0.03386,96.61393,-0.01322,-0.08088
2029,Brazil,BR,Administrative & clerical,Business services,Mid,0.39586,0.05738,0.00885,-0.04853,95.14664,-0.01519,-0.09171
2030,Brazil,BR,Administrative & clerical,Business services,Mid,0.51686,0.07492,0.0138,-0.06112,93.88797,-0.01323,-0.07867
2026,Nigeria,NG,Administrative & clerical,Business services,Mid,0.0536,0.00959,0.00084,-0.00875,99.12516,-0.00399,-0.02481
2027,Nigeria,NG,Administrative & clerical,Business services,Mid,0.09502,0.017,0.00156,-0.01544,98.45595,-0.00675,-0.04183
2028,Nigeria,NG,Administrative & clerical,Business services,Mid,0.1593,0.02849,0.00281,-0.02568,97.43193,-0.0104,-0.064
2029,Nigeria,NG,Administrative & clerical,Business services,Mid,0.24627,0.04405,0.00487,-0.03918,96.08155,-0.01386,-0.0844
2030,Nigeria,NG,Administrative & clerical,Business services,Mid,0.34443,0.06161,0.00786,-0.05375,94.62487,-0.01516,-0.09104
2026,United States,US,Administrative & clerical,Business services,Senior,0.31272,0.02196,0.00548,-0.01647,98.3528,-0.00744,-0.06703
2027,United States,US,Administrative & clerical,Business services,Senior,0.50443,0.03542,0.011,-0.02441,97.55873,-0.00807,-0.07219
2028,United States,US,Administrative & clerical,Business services,Senior,0.68352,0.04799,0.01931,-0.02868,97.13181,-0.00438,-0.03881
2029,United States,US,Administrative & clerical,Business services,Senior,0.80581,0.05658,0.0285,-0.02807,97.19279,0.00063,0.00554
2030,United States,US,Administrative & clerical,Business services,Senior,0.87252,0.06126,0.03579,-0.02547,97.45283,0.00268,0.02364
2026,Singapore,SG,Administrative & clerical,Business services,Senior,0.2925,0.02126,0.00447,-0.01679,98.32064,-0.00822,-0.07411
2027,Singapore,SG,Administrative & clerical,Business services,Senior,0.49636,0.03608,0.00955,-0.02653,97.3468,-0.0099,-0.08853
2028,Singapore,SG,Administrative & clerical,Business services,Senior,0.69263,0.05035,0.01776,-0.03259,96.74105,-0.00622,-0.05507
2029,Singapore,SG,Administrative & clerical,Business services,Senior,0.82532,0.05999,0.0273,-0.03269,96.73091,-0.0001,-0.00092
2030,Singapore,SG,Administrative & clerical,Business services,Senior,0.89503,0.06506,0.03494,-0.03012,96.9875,0.00265,0.02333
2026,United Kingdom,UK,Administrative & clerical,Business services,Senior,0.22387,0.01431,0.00337,-0.01094,98.90609,-0.00512,-0.04632
2027,United Kingdom,UK,Administrative & clerical,Business services,Senior,0.38281,0.02446,0.00675,-0.01771,98.22897,-0.00685,-0.06156
2028,United Kingdom,UK,Administrative & clerical,Business services,Senior,0.56215,0.03592,0.01232,-0.0236,97.63961,-0.006,-0.05358
2029,United Kingdom,UK,Administrative & clerical,Business services,Senior,0.71203,0.0455,0.01957,-0.02593,97.40656,-0.00239,-0.02119
2030,United Kingdom,UK,Administrative & clerical,Business services,Senior,0.80894,0.05169,0.0266,-0.0251,97.49032,0.00086,0.00761
2026,Canada,CA,Administrative & clerical,Business services,Senior,0.20074,0.01371,0.00298,-0.01073,98.92694,-0.00504,-0.04556
2027,Canada,CA,Administrative & clerical,Business services,Senior,0.34658,0.02368,0.00594,-0.01774,98.22575,-0.00709,-0.06374
2028,Canada,CA,Administrative & clerical,Business services,Senior,0.51964,0.0355,0.01086,-0.02464,97.53591,-0.00702,-0.06271
2029,Canada,CA,Administrative & clerical,Business services,Senior,0.67388,0.04604,0.01753,-0.02851,97.14866,-0.00397,-0.0352
2030,Canada,CA,Administrative & clerical,Business services,Senior,0.78002,0.05329,0.02439,-0.0289,97.10966,-0.0004,-0.00355
2026,United Arab Emirates,AE,Administrative & clerical,Business services,Senior,0.17156,0.01118,0.00244,-0.00874,99.12608,-0.00443,-0.04012
2027,United Arab Emirates,AE,Administrative & clerical,Business services,Senior,0.31516,0.02054,0.00524,-0.0153,98.47029,-0.00662,-0.05962
2028,United Arab Emirates,AE,Administrative & clerical,Business services,Senior,0.49072,0.03198,0.01028,-0.0217,97.8304,-0.0065,-0.05817
2029,United Arab Emirates,AE,Administrative & clerical,Business services,Senior,0.64406,0.04197,0.01746,-0.02451,97.5491,-0.00288,-0.02557
2030,United Arab Emirates,AE,Administrative & clerical,Business services,Senior,0.74334,0.04844,0.02489,-0.02355,97.64497,0.00098,0.00872
2026,Australia,AU,Administrative & clerical,Business services,Senior,0.18674,0.01169,0.00266,-0.00903,99.09672,-0.00428,-0.0387
2027,Australia,AU,Administrative & clerical,Business services,Senior,0.32645,0.02044,0.00533,-0.01512,98.48839,-0.00614,-0.0553
2028,Australia,AU,Administrative & clerical,Business services,Senior,0.49683,0.03111,0.00985,-0.02127,97.8735,-0.00624,-0.0559
2029,Australia,AU,Administrative & clerical,Business services,Senior,0.65308,0.0409,0.01612,-0.02478,97.52206,-0.00359,-0.03195
2030,Australia,AU,Administrative & clerical,Business services,Senior,0.7631,0.04779,0.02277,-0.02502,97.49753,-0.00025,-0.00223
2026,Germany,DE,Administrative & clerical,Business services,Senior,0.18062,0.00905,0.00249,-0.00657,99.3435,-0.00292,-0.02644
2027,Germany,DE,Administrative & clerical,Business services,Senior,0.30566,0.01532,0.00472,-0.0106,98.93956,-0.00407,-0.03672
2028,Germany,DE,Administrative & clerical,Business services,Senior,0.46101,0.02311,0.00836,-0.01475,98.5253,-0.00419,-0.03766
2029,Germany,DE,Administrative & clerical,Business services,Senior,0.61255,0.03071,0.0134,-0.0173,98.26965,-0.00259,-0.02324
2030,Germany,DE,Administrative & clerical,Business services,Senior,0.72923,0.03656,0.01897,-0.01759,98.24112,-0.00029,-0.00259
2026,Japan,JP,Administrative & clerical,Business services,Senior,0.16856,0.00784,0.00203,-0.00581,99.41928,-0.00261,-0.02367
2027,Japan,JP,Administrative & clerical,Business services,Senior,0.28811,0.0134,0.00387,-0.00953,99.04719,-0.00374,-0.03383
2028,Japan,JP,Administrative & clerical,Business services,Senior,0.44,0.02046,0.00692,-0.01355,98.64547,-0.00406,-0.03652
2029,Japan,JP,Administrative & clerical,Business services,Senior,0.59189,0.02753,0.01122,-0.01631,98.36875,-0.00281,-0.02516
2030,Japan,JP,Administrative & clerical,Business services,Senior,0.71144,0.03309,0.01608,-0.01701,98.29877,-0.00071,-0.00636
2026,India,IN,Administrative & clerical,Business services,Senior,0.12095,0.00906,0.00179,-0.00727,99.27283,-0.00363,-0.03287
2027,India,IN,Administrative & clerical,Business services,Senior,0.22322,0.01673,0.00373,-0.013,98.69985,-0.00577,-0.05209
2028,India,IN,Administrative & clerical,Business services,Senior,0.36,0.02698,0.00724,-0.01974,98.02579,-0.00683,-0.06128
2029,India,IN,Administrative & clerical,Business services,Senior,0.49678,0.03723,0.01255,-0.02468,97.53169,-0.00504,-0.04492
2030,India,IN,Administrative & clerical,Business services,Senior,0.59905,0.04489,0.01872,-0.02618,97.3823,-0.00153,-0.01358
2026,France,FR,Administrative & clerical,Business services,Senior,0.16451,0.00851,0.00217,-0.00634,99.36591,-0.00281,-0.02541
2027,France,FR,Administrative & clerical,Business services,Senior,0.2785,0.0144,0.00406,-0.01035,98.96544,-0.00403,-0.03641
2028,France,FR,Administrative & clerical,Business services,Senior,0.42461,0.02196,0.00716,-0.0148,98.52002,-0.0045,-0.04049
2029,France,FR,Administrative & clerical,Business services,Senior,0.57419,0.0297,0.01154,-0.01816,98.18447,-0.00341,-0.0305
2030,France,FR,Administrative & clerical,Business services,Senior,0.69594,0.036,0.01658,-0.01942,98.05847,-0.00128,-0.01145
2026,Brazil,BR,Administrative & clerical,Business services,Senior,0.09137,0.00607,0.00122,-0.00485,99.51518,-0.00226,-0.02051
2027,Brazil,BR,Administrative & clerical,Business services,Senior,0.16352,0.01086,0.00235,-0.00852,99.14849,-0.00368,-0.03334
2028,Brazil,BR,Administrative & clerical,Business services,Senior,0.26903,0.01787,0.00433,-0.01354,98.64598,-0.00507,-0.04568
2029,Brazil,BR,Administrative & clerical,Business services,Senior,0.39586,0.0263,0.00746,-0.01883,98.11653,-0.00537,-0.04813
2030,Brazil,BR,Administrative & clerical,Business services,Senior,0.51686,0.03434,0.01164,-0.02269,97.73056,-0.00393,-0.03509
2026,Nigeria,NG,Administrative & clerical,Business services,Senior,0.0536,0.00439,0.00071,-0.00369,99.63135,-0.00167,-0.01516
2027,Nigeria,NG,Administrative & clerical,Business services,Senior,0.09502,0.00779,0.00131,-0.00648,99.35229,-0.0028,-0.02537
2028,Nigeria,NG,Administrative & clerical,Business services,Senior,0.1593,0.01306,0.00237,-0.01069,98.9314,-0.00424,-0.03826
2029,Nigeria,NG,Administrative & clerical,Business services,Senior,0.24627,0.02019,0.00411,-0.01608,98.39156,-0.00546,-0.04908
2030,Nigeria,NG,Administrative & clerical,Business services,Senior,0.34443,0.02824,0.00663,-0.02161,97.8392,-0.00561,-0.05021
2026,United States,US,Administrative & clerical,Business services,Lead / Executive,0.31272,0.01084,0.00421,-0.00663,99.33746,-0.00284,-0.04038
2027,United States,US,Administrative & clerical,Business services,Lead / Executive,0.50443,0.01748,0.00845,-0.00903,99.0969,-0.00242,-0.03437
2028,United States,US,Administrative & clerical,Business services,Lead / Executive,0.68352,0.02368,0.01482,-0.00886,99.11391,0.00017,0.00243
2029,United States,US,Administrative & clerical,Business services,Lead / Executive,0.80581,0.02792,0.02188,-0.00604,99.39611,0.00285,0.04031
2030,United States,US,Administrative & clerical,Business services,Lead / Executive,0.87252,0.03023,0.02747,-0.00276,99.72416,0.0033,0.04687
2026,Singapore,SG,Administrative & clerical,Business services,Lead / Executive,0.2925,0.01049,0.00343,-0.00706,99.29373,-0.00334,-0.04755
2027,Singapore,SG,Administrative & clerical,Business services,Lead / Executive,0.49636,0.01781,0.00733,-0.01048,98.95243,-0.00344,-0.04876
2028,Singapore,SG,Administrative & clerical,Business services,Lead / Executive,0.69263,0.02485,0.01363,-0.01121,98.87857,-0.00075,-0.01055
2029,Singapore,SG,Administrative & clerical,Business services,Lead / Executive,0.82532,0.02961,0.02096,-0.00865,99.13522,0.0026,0.03666
2030,Singapore,SG,Administrative & clerical,Business services,Lead / Executive,0.89503,0.03211,0.02682,-0.00529,99.47113,0.00339,0.04799
2026,United Kingdom,UK,Administrative & clerical,Business services,Lead / Executive,0.22387,0.00706,0.00258,-0.00448,99.55247,-0.00203,-0.02896
2027,United Kingdom,UK,Administrative & clerical,Business services,Lead / Executive,0.38281,0.01207,0.00518,-0.00689,99.31114,-0.00242,-0.03448
2028,United Kingdom,UK,Administrative & clerical,Business services,Lead / Executive,0.56215,0.01773,0.00946,-0.00827,99.1729,-0.00139,-0.01975
2029,United Kingdom,UK,Administrative & clerical,Business services,Lead / Executive,0.71203,0.02246,0.01502,-0.00743,99.25659,0.00084,0.01196
2030,United Kingdom,UK,Administrative & clerical,Business services,Lead / Executive,0.80894,0.02551,0.02042,-0.00509,99.49068,0.00236,0.03344
2026,Canada,CA,Administrative & clerical,Business services,Lead / Executive,0.20074,0.00677,0.00229,-0.00448,99.55225,-0.00205,-0.02925
2027,Canada,CA,Administrative & clerical,Business services,Lead / Executive,0.34658,0.01169,0.00456,-0.00713,99.28713,-0.00266,-0.03787
2028,Canada,CA,Administrative & clerical,Business services,Lead / Executive,0.51964,0.01752,0.00834,-0.00918,99.0817,-0.00207,-0.02935
2029,Canada,CA,Administrative & clerical,Business services,Lead / Executive,0.67388,0.02272,0.01345,-0.00927,99.07333,-0.00008,-0.0012
2030,Canada,CA,Administrative & clerical,Business services,Lead / Executive,0.78002,0.0263,0.01872,-0.00758,99.24219,0.0017,0.02412
2026,United Arab Emirates,AE,Administrative & clerical,Business services,Lead / Executive,0.17156,0.00552,0.00187,-0.00364,99.63563,-0.00181,-0.0258
2027,United Arab Emirates,AE,Administrative & clerical,Business services,Lead / Executive,0.31516,0.01014,0.00402,-0.00611,99.38876,-0.00248,-0.03527
2028,United Arab Emirates,AE,Administrative & clerical,Business services,Lead / Executive,0.49072,0.01578,0.00789,-0.00789,99.21119,-0.00179,-0.02537
2029,United Arab Emirates,AE,Administrative & clerical,Business services,Lead / Executive,0.64406,0.02071,0.0134,-0.00731,99.2692,0.00058,0.00829
2030,United Arab Emirates,AE,Administrative & clerical,Business services,Lead / Executive,0.74334,0.02391,0.01911,-0.0048,99.52018,0.00253,0.03585
2026,Australia,AU,Administrative & clerical,Business services,Lead / Executive,0.18674,0.00577,0.00204,-0.00373,99.62721,-0.00172,-0.02457
2027,Australia,AU,Administrative & clerical,Business services,Lead / Executive,0.32645,0.01009,0.00409,-0.006,99.40009,-0.00228,-0.03245
2028,Australia,AU,Administrative & clerical,Business services,Lead / Executive,0.49683,0.01536,0.00756,-0.00779,99.2206,-0.00181,-0.02564
2029,Australia,AU,Administrative & clerical,Business services,Lead / Executive,0.65308,0.02018,0.01238,-0.00781,99.2191,-0.00002,-0.00021
2030,Australia,AU,Administrative & clerical,Business services,Lead / Executive,0.7631,0.02358,0.01748,-0.00611,99.38916,0.00171,0.0243
2026,Germany,DE,Administrative & clerical,Business services,Lead / Executive,0.18062,0.00447,0.00191,-0.00256,99.74427,-0.0011,-0.0157
2027,Germany,DE,Administrative & clerical,Business services,Lead / Executive,0.30566,0.00756,0.00362,-0.00394,99.60604,-0.00139,-0.01975
2028,Germany,DE,Administrative & clerical,Business services,Lead / Executive,0.46101,0.01141,0.00642,-0.00498,99.50154,-0.00105,-0.01493
2029,Germany,DE,Administrative & clerical,Business services,Lead / Executive,0.61255,0.01515,0.01029,-0.00486,99.51356,0.00012,0.00172
2030,Germany,DE,Administrative & clerical,Business services,Lead / Executive,0.72923,0.01804,0.01456,-0.00348,99.65203,0.00139,0.01978
2026,Japan,JP,Administrative & clerical,Business services,Lead / Executive,0.16856,0.00387,0.00156,-0.00231,99.76913,-0.00101,-0.01443
2027,Japan,JP,Administrative & clerical,Business services,Lead / Executive,0.28811,0.00661,0.00297,-0.00364,99.63592,-0.00134,-0.01903
2028,Japan,JP,Administrative & clerical,Business services,Lead / Executive,0.44,0.0101,0.00531,-0.00479,99.52122,-0.00115,-0.01639
2029,Japan,JP,Administrative & clerical,Business services,Lead / Executive,0.59189,0.01359,0.00861,-0.00498,99.50247,-0.00019,-0.00268
2030,Japan,JP,Administrative & clerical,Business services,Lead / Executive,0.71144,0.01633,0.01234,-0.00399,99.60119,0.00099,0.0141
2026,India,IN,Administrative & clerical,Business services,Lead / Executive,0.12095,0.00447,0.00138,-0.0031,99.69027,-0.00152,-0.02173
2027,India,IN,Administrative & clerical,Business services,Lead / Executive,0.22322,0.00826,0.00286,-0.00539,99.46054,-0.0023,-0.03282
2028,India,IN,Administrative & clerical,Business services,Lead / Executive,0.36,0.01331,0.00556,-0.00776,99.22411,-0.00238,-0.03377
2029,India,IN,Administrative & clerical,Business services,Lead / Executive,0.49678,0.01837,0.00963,-0.00874,99.12584,-0.00099,-0.01404
2030,India,IN,Administrative & clerical,Business services,Lead / Executive,0.59905,0.02215,0.01437,-0.00779,99.22128,0.00096,0.01363
2026,France,FR,Administrative & clerical,Business services,Lead / Executive,0.16451,0.0042,0.00166,-0.00253,99.74651,-0.00109,-0.0156
2027,France,FR,Administrative & clerical,Business services,Lead / Executive,0.2785,0.00711,0.00312,-0.00399,99.60073,-0.00146,-0.02083
2028,France,FR,Administrative & clerical,Business services,Lead / Executive,0.42461,0.01084,0.0055,-0.00534,99.46597,-0.00135,-0.01925
2029,France,FR,Administrative & clerical,Business services,Lead / Executive,0.57419,0.01466,0.00886,-0.00579,99.4205,-0.00046,-0.0065
2030,France,FR,Administrative & clerical,Business services,Lead / Executive,0.69594,0.01776,0.01273,-0.00504,99.49642,0.00076,0.01085
2026,Brazil,BR,Administrative & clerical,Business services,Lead / Executive,0.09137,0.003,0.00094,-0.00206,99.79424,-0.00095,-0.01355
2027,Brazil,BR,Administrative & clerical,Business services,Lead / Executive,0.16352,0.00536,0.0018,-0.00356,99.64416,-0.0015,-0.02144
2028,Brazil,BR,Administrative & clerical,Business services,Lead / Executive,0.26903,0.00882,0.00333,-0.00549,99.45058,-0.00194,-0.02766
2029,Brazil,BR,Administrative & clerical,Business services,Lead / Executive,0.39586,0.01298,0.00573,-0.00725,99.27516,-0.00176,-0.02506
2030,Brazil,BR,Administrative & clerical,Business services,Lead / Executive,0.51686,0.01695,0.00894,-0.00801,99.19927,-0.00076,-0.01084
2026,Nigeria,NG,Administrative & clerical,Business services,Lead / Executive,0.0536,0.00217,0.00054,-0.00163,99.83747,-0.00073,-0.01046
2027,Nigeria,NG,Administrative & clerical,Business services,Lead / Executive,0.09502,0.00384,0.00101,-0.00284,99.71635,-0.00121,-0.0173
2028,Nigeria,NG,Administrative & clerical,Business services,Lead / Executive,0.1593,0.00645,0.00182,-0.00462,99.53772,-0.00179,-0.02552
2029,Nigeria,NG,Administrative & clerical,Business services,Lead / Executive,0.24627,0.00996,0.00315,-0.00681,99.31877,-0.0022,-0.03128
2030,Nigeria,NG,Administrative & clerical,Business services,Lead / Executive,0.34443,0.01394,0.00509,-0.00885,99.11537,-0.00205,-0.02906
2026,United States,US,Customer support & call centre,Business services,Entry,0.31272,0.2216,0.00457,-0.21703,78.29714,-0.11509,-0.29095
2027,United States,US,Customer support & call centre,Business services,Entry,0.50443,0.35745,0.00917,-0.34827,65.17253,-0.16763,-0.37499
2028,United States,US,Customer support & call centre,Business services,Entry,0.68352,0.48436,0.01609,-0.46826,53.1739,-0.18411,-0.34282
2029,United States,US,Customer support & call centre,Business services,Entry,0.80581,0.57101,0.02376,-0.54725,45.2753,-0.14854,-0.22567
2030,United States,US,Customer support & call centre,Business services,Entry,0.87252,0.61828,0.02983,-0.58845,41.15486,-0.09101,-0.11773
2026,Singapore,SG,Customer support & call centre,Business services,Entry,0.2925,0.21459,0.00372,-0.21087,78.91349,-0.11815,-0.30208
2027,Singapore,SG,Customer support & call centre,Business services,Entry,0.49636,0.36415,0.00796,-0.3562,64.38047,-0.18416,-0.41523
2028,Singapore,SG,Customer support & call centre,Business services,Entry,0.69263,0.50815,0.0148,-0.49335,50.66522,-0.21303,-0.39186
2029,Singapore,SG,Customer support & call centre,Business services,Entry,0.82532,0.60549,0.02276,-0.58274,41.72634,-0.17643,-0.2554
2030,Singapore,SG,Customer support & call centre,Business services,Entry,0.89503,0.65664,0.02912,-0.62752,37.24842,-0.10732,-0.12794
2026,United Kingdom,UK,Customer support & call centre,Business services,Entry,0.22387,0.14439,0.00281,-0.14158,85.84178,-0.07327,-0.1939
2027,United Kingdom,UK,Customer support & call centre,Business services,Entry,0.38281,0.2469,0.00563,-0.24127,75.87262,-0.11613,-0.28483
2028,United Kingdom,UK,Customer support & call centre,Business services,Entry,0.56215,0.36257,0.01027,-0.3523,64.77007,-0.14633,-0.31722
2029,United Kingdom,UK,Customer support & call centre,Business services,Entry,0.71203,0.45923,0.01631,-0.44293,55.70749,-0.13992,-0.25893
2030,United Kingdom,UK,Customer support & call centre,Business services,Entry,0.80894,0.52174,0.02217,-0.49957,50.04315,-0.10168,-0.16184
2026,Canada,CA,Customer support & call centre,Business services,Entry,0.20074,0.13842,0.00249,-0.13593,86.40715,-0.06992,-0.18558
2027,Canada,CA,Customer support & call centre,Business services,Entry,0.34658,0.23897,0.00495,-0.23403,76.5973,-0.11353,-0.28028
2028,Canada,CA,Customer support & call centre,Business services,Entry,0.51964,0.3583,0.00905,-0.34925,65.07526,-0.15042,-0.3292
2029,Canada,CA,Customer support & call centre,Business services,Entry,0.67388,0.46466,0.01461,-0.45005,54.99525,-0.1549,-0.288
2030,Canada,CA,Customer support & call centre,Business services,Entry,0.78002,0.53784,0.02033,-0.51751,48.2487,-0.12268,-0.19276
2026,United Arab Emirates,AE,Customer support & call centre,Business services,Entry,0.17156,0.11284,0.00203,-0.1108,88.91989,-0.06033,-0.16312
2027,United Arab Emirates,AE,Customer support & call centre,Business services,Entry,0.31516,0.20728,0.00437,-0.20291,79.7087,-0.10359,-0.26318
2028,United Arab Emirates,AE,Customer support & call centre,Business services,Entry,0.49072,0.32274,0.00857,-0.31417,68.58257,-0.13958,-0.31789
2029,United Arab Emirates,AE,Customer support & call centre,Business services,Entry,0.64406,0.4236,0.01455,-0.40904,59.09574,-0.13833,-0.27105
2030,United Arab Emirates,AE,Customer support & call centre,Business services,Entry,0.74334,0.48889,0.02075,-0.46815,53.18522,-0.10002,-0.16887
2026,Australia,AU,Customer support & call centre,Business services,Entry,0.18674,0.11803,0.00222,-0.11581,88.41858,-0.05939,-0.15952
2027,Australia,AU,Customer support & call centre,Business services,Entry,0.32645,0.20634,0.00444,-0.20189,79.81054,-0.09736,-0.24594
2028,Australia,AU,Customer support & call centre,Business services,Entry,0.49683,0.31403,0.00821,-0.30582,69.41806,-0.13021,-0.29693
2029,Australia,AU,Customer support & call centre,Business services,Entry,0.65308,0.41279,0.01344,-0.39936,60.06441,-0.13474,-0.26725
2030,Australia,AU,Customer support & call centre,Business services,Entry,0.7631,0.48233,0.01898,-0.46336,53.66444,-0.10655,-0.18286
2026,Germany,DE,Customer support & call centre,Business services,Entry,0.18062,0.09139,0.00208,-0.08931,91.06891,-0.04279,-0.11631
2027,Germany,DE,Customer support & call centre,Business services,Entry,0.30566,0.15465,0.00393,-0.15072,84.92808,-0.06743,-0.17545
2028,Germany,DE,Customer support & call centre,Business services,Entry,0.46101,0.23325,0.00697,-0.22628,77.37179,-0.08897,-0.21589
2029,Germany,DE,Customer support & call centre,Business services,Entry,0.61255,0.30993,0.01117,-0.29875,70.12467,-0.09367,-0.20706
2030,Germany,DE,Customer support & call centre,Business services,Entry,0.72923,0.36896,0.01581,-0.35315,64.68509,-0.07757,-0.15542
2026,Japan,JP,Customer support & call centre,Business services,Entry,0.16856,0.07912,0.00169,-0.07743,92.25714,-0.03713,-0.10164
2027,Japan,JP,Customer support & call centre,Business services,Entry,0.28811,0.13524,0.00323,-0.13201,86.79889,-0.05916,-0.15595
2028,Japan,JP,Customer support & call centre,Business services,Entry,0.44,0.20654,0.00577,-0.20077,79.92292,-0.07922,-0.19646
2029,Japan,JP,Customer support & call centre,Business services,Entry,0.59189,0.27784,0.00935,-0.26849,73.15113,-0.08473,-0.19348
2030,Japan,JP,Customer support & call centre,Business services,Entry,0.71144,0.33395,0.0134,-0.32055,67.94471,-0.07117,-0.14875
2026,India,IN,Customer support & call centre,Business services,Entry,0.12095,0.09148,0.00149,-0.08998,91.00156,-0.0475,-0.12967
2027,India,IN,Customer support & call centre,Business services,Entry,0.22322,0.16883,0.00311,-0.16573,83.42748,-0.08323,-0.2164
2028,India,IN,Customer support & call centre,Business services,Entry,0.36,0.27229,0.00603,-0.26625,73.37456,-0.1205,-0.28723
2029,India,IN,Customer support & call centre,Business services,Entry,0.49678,0.37574,0.01046,-0.36528,63.47163,-0.13496,-0.28294
2030,India,IN,Customer support & call centre,Business services,Entry,0.59905,0.45309,0.0156,-0.43749,56.25063,-0.11377,-0.20631
2026,France,FR,Customer support & call centre,Business services,Entry,0.16451,0.08588,0.00181,-0.08407,91.59298,-0.03976,-0.10836
2027,France,FR,Customer support & call centre,Business services,Entry,0.2785,0.14538,0.00338,-0.142,85.80001,-0.06325,-0.16551
2028,France,FR,Customer support & call centre,Business services,Entry,0.42461,0.22165,0.00597,-0.21568,78.43167,-0.08588,-0.21052
2029,France,FR,Customer support & call centre,Business services,Entry,0.57419,0.29974,0.00962,-0.29012,70.98828,-0.0949,-0.21267
2030,France,FR,Customer support & call centre,Business services,Entry,0.69594,0.36329,0.01382,-0.34947,65.0526,-0.08361,-0.16959
2026,Brazil,BR,Customer support & call centre,Business services,Entry,0.09137,0.06126,0.00102,-0.06025,93.97549,-0.02926,-0.08093
2027,Brazil,BR,Customer support & call centre,Business services,Entry,0.16352,0.10965,0.00196,-0.10769,89.23119,-0.05048,-0.13555
2028,Brazil,BR,Customer support & call centre,Business services,Entry,0.26903,0.18039,0.00361,-0.17678,82.32218,-0.07743,-0.1974
2029,Brazil,BR,Customer support & call centre,Business services,Entry,0.39586,0.26544,0.00622,-0.25921,74.07871,-0.10014,-0.23553
2030,Brazil,BR,Customer support & call centre,Business services,Entry,0.51686,0.34657,0.00971,-0.33687,66.31322,-0.10483,-0.22187
2026,Nigeria,NG,Customer support & call centre,Business services,Entry,0.0536,0.04435,0.00059,-0.04376,95.62423,-0.02039,-0.05687
2027,Nigeria,NG,Customer support & call centre,Business services,Entry,0.09502,0.07862,0.00109,-0.07753,92.247,-0.03532,-0.09649
2028,Nigeria,NG,Customer support & call centre,Business services,Entry,0.1593,0.13181,0.00198,-0.12983,87.01688,-0.0567,-0.14943
2029,Nigeria,NG,Customer support & call centre,Business services,Entry,0.24627,0.20377,0.00342,-0.20035,79.96541,-0.08104,-0.20147
2030,Nigeria,NG,Customer support & call centre,Business services,Entry,0.34443,0.28499,0.00553,-0.27946,72.05373,-0.09894,-0.22605
2026,United States,US,Customer support & call centre,Business services,Junior,0.31272,0.11719,0.00687,-0.11032,88.96826,-0.05466,-0.21436
2027,United States,US,Customer support & call centre,Business services,Junior,0.50443,0.18903,0.01379,-0.17524,82.47593,-0.07297,-0.27051
2028,United States,US,Customer support & call centre,Business services,Junior,0.68352,0.25615,0.0242,-0.23195,76.80549,-0.06875,-0.23627
2029,United States,US,Customer support & call centre,Business services,Junior,0.80581,0.30197,0.03573,-0.26624,73.37568,-0.04466,-0.14291
2030,United States,US,Customer support & call centre,Business services,Junior,0.87252,0.32698,0.04486,-0.28211,71.78866,-0.02163,-0.06613
2026,Singapore,SG,Customer support & call centre,Business services,Junior,0.2925,0.11348,0.0056,-0.10788,89.21163,-0.05693,-0.2244
2027,Singapore,SG,Customer support & call centre,Business services,Junior,0.49636,0.19258,0.01197,-0.18061,81.93882,-0.08152,-0.30303
2028,Singapore,SG,Customer support & call centre,Business services,Junior,0.69263,0.26873,0.02226,-0.24647,75.35281,-0.08038,-0.27442
2029,Singapore,SG,Customer support & call centre,Business services,Junior,0.82532,0.32021,0.03422,-0.28599,71.40116,-0.05244,-0.16465
2030,Singapore,SG,Customer support & call centre,Business services,Junior,0.89503,0.34726,0.04379,-0.30347,69.65341,-0.02448,-0.07282
2026,United Kingdom,UK,Customer support & call centre,Business services,Junior,0.22387,0.07636,0.00422,-0.07214,92.78614,-0.0358,-0.14353
2027,United Kingdom,UK,Customer support & call centre,Business services,Junior,0.38281,0.13057,0.00847,-0.12211,87.78918,-0.05385,-0.20821
2028,United Kingdom,UK,Customer support & call centre,Business services,Junior,0.56215,0.19174,0.01544,-0.1763,82.37007,-0.06173,-0.2258
2029,United Kingdom,UK,Customer support & call centre,Business services,Junior,0.71203,0.24286,0.02453,-0.21834,78.16638,-0.05103,-0.17515
2030,United Kingdom,UK,Customer support & call centre,Business services,Junior,0.80894,0.27592,0.03334,-0.24258,75.74222,-0.03101,-0.10101
2026,Canada,CA,Customer support & call centre,Business services,Junior,0.20074,0.0732,0.00374,-0.06946,93.05398,-0.03434,-0.13787
2027,Canada,CA,Customer support & call centre,Business services,Junior,0.34658,0.12638,0.00744,-0.11894,88.10596,-0.05317,-0.20617
2028,Canada,CA,Customer support & call centre,Business services,Junior,0.51964,0.18949,0.01361,-0.17587,82.41281,-0.06462,-0.23721
2029,Canada,CA,Customer support & call centre,Business services,Junior,0.67388,0.24573,0.02197,-0.22376,77.62376,-0.05811,-0.19954
2030,Canada,CA,Customer support & call centre,Business services,Junior,0.78002,0.28443,0.03057,-0.25386,74.61351,-0.03878,-0.12543
2026,United Arab Emirates,AE,Customer support & call centre,Business services,Junior,0.17156,0.05967,0.00306,-0.05661,94.33869,-0.02991,-0.12121
2027,United Arab Emirates,AE,Customer support & call centre,Business services,Junior,0.31516,0.10962,0.00657,-0.10305,89.69495,-0.04922,-0.19349
2028,United Arab Emirates,AE,Customer support & call centre,Business services,Junior,0.49072,0.17068,0.01289,-0.15779,84.22067,-0.06103,-0.2281
2029,United Arab Emirates,AE,Customer support & call centre,Business services,Junior,0.64406,0.22402,0.02189,-0.20213,79.78711,-0.05264,-0.18473
2030,United Arab Emirates,AE,Customer support & call centre,Business services,Junior,0.74334,0.25855,0.0312,-0.22735,77.2651,-0.03161,-0.10508
2026,Australia,AU,Customer support & call centre,Business services,Junior,0.18674,0.06242,0.00334,-0.05908,94.09157,-0.0293,-0.11832
2027,Australia,AU,Customer support & call centre,Business services,Junior,0.32645,0.10912,0.00668,-0.10244,89.7559,-0.04608,-0.18065
2028,Australia,AU,Customer support & call centre,Business services,Junior,0.49683,0.16607,0.01235,-0.15373,84.62736,-0.05714,-0.21369
2029,Australia,AU,Customer support & call centre,Business services,Junior,0.65308,0.2183,0.02021,-0.1981,80.19041,-0.05243,-0.18487
2030,Australia,AU,Customer support & call centre,Business services,Junior,0.7631,0.25508,0.02854,-0.22654,77.34585,-0.03547,-0.11852
2026,Germany,DE,Customer support & call centre,Business services,Junior,0.18062,0.04833,0.00312,-0.04521,95.47917,-0.02105,-0.08555
2027,Germany,DE,Customer support & call centre,Business services,Junior,0.30566,0.08179,0.00592,-0.07587,92.41279,-0.03212,-0.12777
2028,Germany,DE,Customer support & call centre,Business services,Junior,0.46101,0.12336,0.01048,-0.11287,88.71294,-0.04004,-0.15416
2029,Germany,DE,Customer support & call centre,Business services,Junior,0.61255,0.1639,0.0168,-0.1471,85.28997,-0.03858,-0.14262
2030,Germany,DE,Customer support & call centre,Business services,Junior,0.72923,0.19512,0.02378,-0.17135,82.86547,-0.02843,-0.10102
2026,Japan,JP,Customer support & call centre,Business services,Junior,0.16856,0.04184,0.00255,-0.0393,96.0704,-0.01839,-0.07499
2027,Japan,JP,Customer support & call centre,Business services,Junior,0.28811,0.07152,0.00485,-0.06667,93.33329,-0.02849,-0.11405
2028,Japan,JP,Customer support & call centre,Business services,Junior,0.44,0.10923,0.00867,-0.10055,89.94463,-0.03631,-0.14119
2029,Japan,JP,Customer support & call centre,Business services,Junior,0.59189,0.14693,0.01406,-0.13287,86.71265,-0.03593,-0.13467
2030,Japan,JP,Customer support & call centre,Business services,Junior,0.71144,0.17661,0.02015,-0.15646,84.35426,-0.0272,-0.09827
2026,India,IN,Customer support & call centre,Business services,Junior,0.12095,0.04838,0.00225,-0.04613,95.38686,-0.02376,-0.09675
2027,India,IN,Customer support & call centre,Business services,Junior,0.22322,0.08929,0.00467,-0.08461,91.53856,-0.04034,-0.16035
2028,India,IN,Customer support & call centre,Business services,Junior,0.36,0.144,0.00907,-0.13493,86.50736,-0.05496,-0.20963
2029,India,IN,Customer support & call centre,Business services,Junior,0.49678,0.19871,0.01573,-0.18298,81.70176,-0.05555,-0.20023
2030,India,IN,Customer support & call centre,Business services,Junior,0.59905,0.23962,0.02346,-0.21616,78.38445,-0.0406,-0.13822
2026,France,FR,Customer support & call centre,Business services,Junior,0.16451,0.04542,0.00272,-0.0427,95.73017,-0.01967,-0.08002
2027,France,FR,Customer support & call centre,Business services,Junior,0.2785,0.07689,0.00509,-0.0718,92.82029,-0.0304,-0.12124
2028,France,FR,Customer support & call centre,Business services,Junior,0.42461,0.11722,0.00898,-0.10824,89.17574,-0.03926,-0.15186
2029,France,FR,Customer support & call centre,Business services,Junior,0.57419,0.15852,0.01447,-0.14405,85.59543,-0.04015,-0.14918
2030,France,FR,Customer support & call centre,Business services,Junior,0.69594,0.19213,0.02078,-0.17134,82.86576,-0.03189,-0.11374
2026,Brazil,BR,Customer support & call centre,Business services,Junior,0.09137,0.0324,0.00153,-0.03087,96.91327,-0.01473,-0.06038
2027,Brazil,BR,Customer support & call centre,Business services,Junior,0.16352,0.05799,0.00294,-0.05504,94.49584,-0.02494,-0.10073
2028,Brazil,BR,Customer support & call centre,Business services,Junior,0.26903,0.0954,0.00543,-0.08997,91.00332,-0.03696,-0.14552
2029,Brazil,BR,Customer support & call centre,Business services,Junior,0.39586,0.14037,0.00936,-0.13102,86.89833,-0.04511,-0.17104
2030,Brazil,BR,Customer support & call centre,Business services,Junior,0.51686,0.18328,0.0146,-0.16869,83.13128,-0.04335,-0.15696
2026,Nigeria,NG,Customer support & call centre,Business services,Junior,0.0536,0.02345,0.00089,-0.02257,97.74339,-0.01038,-0.04274
2027,Nigeria,NG,Customer support & call centre,Business services,Junior,0.09502,0.04158,0.00165,-0.03993,96.00658,-0.01777,-0.07237
2028,Nigeria,NG,Customer support & call centre,Business services,Junior,0.1593,0.06971,0.00298,-0.06673,93.32686,-0.02791,-0.11165
2029,Nigeria,NG,Customer support & call centre,Business services,Junior,0.24627,0.10776,0.00515,-0.10262,89.73842,-0.03845,-0.14952
2030,Nigeria,NG,Customer support & call centre,Business services,Junior,0.34443,0.15071,0.00831,-0.14241,85.75948,-0.04434,-0.16579
2026,United States,US,Customer support & call centre,Business services,Mid,0.31272,0.04475,0.00786,-0.03689,96.31109,-0.01716,-0.10512
2027,United States,US,Customer support & call centre,Business services,Mid,0.50443,0.07218,0.01576,-0.05641,94.35873,-0.02027,-0.12202
2028,United States,US,Customer support & call centre,Business services,Mid,0.68352,0.0978,0.02766,-0.07014,92.98595,-0.01455,-0.0858
2029,United States,US,Customer support & call centre,Business services,Mid,0.80581,0.1153,0.04084,-0.07446,92.55363,-0.00465,-0.02702
2030,United States,US,Customer support & call centre,Business services,Mid,0.87252,0.12485,0.05127,-0.07357,92.64263,0.00096,0.00556
2026,Singapore,SG,Customer support & call centre,Business services,Mid,0.2925,0.04333,0.0064,-0.03693,96.30707,-0.01849,-0.11342
2027,Singapore,SG,Customer support & call centre,Business services,Mid,0.49636,0.07353,0.01368,-0.05985,94.01487,-0.0238,-0.14326
2028,Singapore,SG,Customer support & call centre,Business services,Mid,0.69263,0.10261,0.02544,-0.07717,92.28342,-0.01842,-0.10822
2029,Singapore,SG,Customer support & call centre,Business services,Mid,0.82532,0.12226,0.03911,-0.08315,91.68507,-0.00648,-0.0374
2030,Singapore,SG,Customer support & call centre,Business services,Mid,0.89503,0.13259,0.05005,-0.08254,91.74595,0.00066,0.0038
2026,United Kingdom,UK,Customer support & call centre,Business services,Mid,0.22387,0.02916,0.00482,-0.02433,97.56684,-0.01161,-0.07161
2027,United Kingdom,UK,Customer support & call centre,Business services,Mid,0.38281,0.04986,0.00967,-0.04018,95.98194,-0.01624,-0.09906
2028,United Kingdom,UK,Customer support & call centre,Business services,Mid,0.56215,0.07321,0.01765,-0.05556,94.44388,-0.01602,-0.09613
2029,United Kingdom,UK,Customer support & call centre,Business services,Mid,0.71203,0.09273,0.02803,-0.0647,93.53024,-0.00967,-0.0571
2030,United Kingdom,UK,Customer support & call centre,Business services,Mid,0.80894,0.10535,0.0381,-0.06725,93.27536,-0.00273,-0.01593
2026,Canada,CA,Customer support & call centre,Business services,Mid,0.20074,0.02795,0.00427,-0.02367,97.63254,-0.01129,-0.0697
2027,Canada,CA,Customer support & call centre,Business services,Mid,0.34658,0.04825,0.0085,-0.03975,96.02488,-0.01647,-0.10048
2028,Canada,CA,Customer support & call centre,Business services,Mid,0.51964,0.07235,0.01556,-0.05679,94.32092,-0.01774,-0.1065
2029,Canada,CA,Customer support & call centre,Business services,Mid,0.67388,0.09382,0.02511,-0.06872,93.12825,-0.01264,-0.07454
2030,Canada,CA,Customer support & call centre,Business services,Mid,0.78002,0.1086,0.03494,-0.07367,92.63344,-0.00531,-0.03093
2026,United Arab Emirates,AE,Customer support & call centre,Business services,Mid,0.17156,0.02278,0.0035,-0.01929,98.07125,-0.00991,-0.06134
2027,United Arab Emirates,AE,Customer support & call centre,Business services,Mid,0.31516,0.04185,0.00751,-0.03435,96.56529,-0.01536,-0.09412
2028,United Arab Emirates,AE,Customer support & call centre,Business services,Mid,0.49072,0.06517,0.01473,-0.05044,94.95606,-0.01666,-0.10058
2029,United Arab Emirates,AE,Customer support & call centre,Business services,Mid,0.64406,0.08553,0.02502,-0.06052,93.94818,-0.01061,-0.06299
2030,United Arab Emirates,AE,Customer support & call centre,Business services,Mid,0.74334,0.09872,0.03566,-0.06306,93.69391,-0.00271,-0.01589
2026,Australia,AU,Customer support & call centre,Business services,Mid,0.18674,0.02383,0.00381,-0.02002,97.99801,-0.00962,-0.05948
2027,Australia,AU,Customer support & call centre,Business services,Mid,0.32645,0.04166,0.00763,-0.03403,96.5969,-0.0143,-0.08757
2028,Australia,AU,Customer support & call centre,Business services,Mid,0.49683,0.06341,0.01411,-0.0493,95.07007,-0.01581,-0.09543
2029,Australia,AU,Customer support & call centre,Business services,Mid,0.65308,0.08335,0.02309,-0.06026,93.97425,-0.01153,-0.06849
2030,Australia,AU,Customer support & call centre,Business services,Mid,0.7631,0.09739,0.03261,-0.06478,93.52204,-0.00481,-0.02826
2026,Germany,DE,Customer support & call centre,Business services,Mid,0.18062,0.01845,0.00357,-0.01489,98.51137,-0.00673,-0.04169
2027,Germany,DE,Customer support & call centre,Business services,Mid,0.30566,0.03123,0.00676,-0.02447,97.55323,-0.00973,-0.05988
2028,Germany,DE,Customer support & call centre,Business services,Mid,0.46101,0.0471,0.01198,-0.03512,96.48833,-0.01092,-0.06656
2029,Germany,DE,Customer support & call centre,Business services,Mid,0.61255,0.06258,0.0192,-0.04338,95.66222,-0.00856,-0.05163
2030,Germany,DE,Customer support & call centre,Business services,Mid,0.72923,0.0745,0.02717,-0.04733,95.26729,-0.00413,-0.02468
2026,Japan,JP,Customer support & call centre,Business services,Mid,0.16856,0.01598,0.00291,-0.01307,98.6935,-0.00596,-0.03696
2027,Japan,JP,Customer support & call centre,Business services,Mid,0.28811,0.02731,0.00555,-0.02176,97.82386,-0.00881,-0.05435
2028,Japan,JP,Customer support & call centre,Business services,Mid,0.44,0.0417,0.00991,-0.03179,96.82072,-0.01025,-0.0627
2029,Japan,JP,Customer support & call centre,Business services,Mid,0.59189,0.0561,0.01607,-0.04003,95.99665,-0.00851,-0.0515
2030,Japan,JP,Customer support & call centre,Business services,Mid,0.71144,0.06743,0.02303,-0.0444,95.55984,-0.00455,-0.0273
2026,India,IN,Customer support & call centre,Business services,Mid,0.12095,0.01847,0.00257,-0.0159,98.40958,-0.00801,-0.04968
2027,India,IN,Customer support & call centre,Business services,Mid,0.22322,0.03409,0.00534,-0.02875,97.12478,-0.01306,-0.0803
2028,India,IN,Customer support & call centre,Business services,Mid,0.36,0.05498,0.01037,-0.04461,95.53861,-0.01633,-0.09914
2029,India,IN,Customer support & call centre,Business services,Mid,0.49678,0.07587,0.01797,-0.0579,94.21027,-0.0139,-0.08302
2030,India,IN,Customer support & call centre,Business services,Mid,0.59905,0.09149,0.02681,-0.06468,93.5323,-0.0072,-0.04237
2026,France,FR,Customer support & call centre,Business services,Mid,0.16451,0.01734,0.00311,-0.01423,98.57652,-0.00638,-0.03957
2027,France,FR,Customer support & call centre,Business services,Mid,0.2785,0.02936,0.00582,-0.02354,97.6459,-0.00944,-0.05816
2028,France,FR,Customer support & call centre,Business services,Mid,0.42461,0.04476,0.01026,-0.0345,96.55033,-0.01122,-0.06847
2029,France,FR,Customer support & call centre,Business services,Mid,0.57419,0.06052,0.01654,-0.04399,95.6013,-0.00983,-0.05931
2030,France,FR,Customer support & call centre,Business services,Mid,0.69594,0.07336,0.02375,-0.0496,95.03961,-0.00588,-0.03511
2026,Brazil,BR,Customer support & call centre,Business services,Mid,0.09137,0.01237,0.00175,-0.01062,98.93799,-0.00499,-0.031
2027,Brazil,BR,Customer support & call centre,Business services,Mid,0.16352,0.02214,0.00336,-0.01878,98.12248,-0.00824,-0.05097
2028,Brazil,BR,Customer support & call centre,Business services,Mid,0.26903,0.03642,0.00621,-0.03022,96.97827,-0.01166,-0.07151
2029,Brazil,BR,Customer support & call centre,Business services,Mid,0.39586,0.0536,0.01069,-0.0429,95.7097,-0.01308,-0.07929
2030,Brazil,BR,Customer support & call centre,Business services,Mid,0.51686,0.06998,0.01668,-0.0533,94.67011,-0.01086,-0.06497
2026,Nigeria,NG,Customer support & call centre,Business services,Mid,0.0536,0.00895,0.00101,-0.00794,99.20588,-0.00362,-0.0225
2027,Nigeria,NG,Customer support & call centre,Business services,Mid,0.09502,0.01588,0.00188,-0.01399,98.60051,-0.0061,-0.03784
2028,Nigeria,NG,Customer support & call centre,Business services,Mid,0.1593,0.02662,0.0034,-0.02321,97.67854,-0.00935,-0.05762
2029,Nigeria,NG,Customer support & call centre,Business services,Mid,0.24627,0.04115,0.00588,-0.03526,96.47357,-0.01234,-0.07531
2030,Nigeria,NG,Customer support & call centre,Business services,Mid,0.34443,0.05755,0.0095,-0.04805,95.19511,-0.01325,-0.0799
2026,United States,US,Customer support & call centre,Business services,Senior,0.31272,0.02051,0.00663,-0.01388,98.61208,-0.00612,-0.05521
2027,United States,US,Customer support & call centre,Business services,Senior,0.50443,0.03308,0.0133,-0.01978,98.02199,-0.00598,-0.05364
2028,United States,US,Customer support & call centre,Business services,Senior,0.68352,0.04483,0.02334,-0.02149,97.85137,-0.00174,-0.01551
2029,United States,US,Customer support & call centre,Business services,Senior,0.80581,0.05285,0.03445,-0.01839,98.16095,0.00316,0.02814
2030,United States,US,Customer support & call centre,Business services,Senior,0.87252,0.05722,0.04326,-0.01396,98.60397,0.00451,0.04027
2026,Singapore,SG,Customer support & call centre,Business services,Senior,0.2925,0.01986,0.0054,-0.01446,98.55412,-0.00697,-0.0629
2027,Singapore,SG,Customer support & call centre,Business services,Senior,0.49636,0.0337,0.01154,-0.02216,97.78406,-0.00781,-0.07001
2028,Singapore,SG,Customer support & call centre,Business services,Senior,0.69263,0.04703,0.02147,-0.02556,97.44379,-0.00348,-0.03093
2029,Singapore,SG,Customer support & call centre,Business services,Senior,0.82532,0.05604,0.033,-0.02303,97.69651,0.00259,0.02297
2030,Singapore,SG,Customer support & call centre,Business services,Senior,0.89503,0.06077,0.04223,-0.01854,98.14588,0.0046,0.04085
2026,United Kingdom,UK,Customer support & call centre,Business services,Senior,0.22387,0.01336,0.00407,-0.00929,99.07072,-0.00429,-0.03883
2027,United Kingdom,UK,Customer support & call centre,Business services,Senior,0.38281,0.02285,0.00816,-0.01469,98.53127,-0.00545,-0.04904
2028,United Kingdom,UK,Customer support & call centre,Business services,Senior,0.56215,0.03355,0.01489,-0.01866,98.13369,-0.00404,-0.03614
2029,United Kingdom,UK,Customer support & call centre,Business services,Senior,0.71203,0.0425,0.02365,-0.01885,98.11512,-0.00019,-0.00169
2030,United Kingdom,UK,Customer support & call centre,Business services,Senior,0.80894,0.04829,0.03215,-0.01614,98.38649,0.00277,0.02467
2026,Canada,CA,Customer support & call centre,Business services,Senior,0.20074,0.01281,0.00361,-0.0092,99.07967,-0.00428,-0.03868
2027,Canada,CA,Customer support & call centre,Business services,Senior,0.34658,0.02212,0.00717,-0.01494,98.5058,-0.00579,-0.05217
2028,Canada,CA,Customer support & call centre,Business services,Senior,0.51964,0.03316,0.01313,-0.02003,97.99673,-0.00517,-0.04628
2029,Canada,CA,Customer support & call centre,Business services,Senior,0.67388,0.043,0.02118,-0.02182,97.81812,-0.00182,-0.01624
2030,Canada,CA,Customer support & call centre,Business services,Senior,0.78002,0.04978,0.02948,-0.0203,97.97018,0.00155,0.01382
2026,United Arab Emirates,AE,Customer support & call centre,Business services,Senior,0.17156,0.01044,0.00295,-0.00749,99.25076,-0.00376,-0.03408
2027,United Arab Emirates,AE,Customer support & call centre,Business services,Senior,0.31516,0.01918,0.00633,-0.01285,98.71512,-0.0054,-0.04869
2028,United Arab Emirates,AE,Customer support & call centre,Business services,Senior,0.49072,0.02987,0.01243,-0.01744,98.25592,-0.00465,-0.04175
2029,United Arab Emirates,AE,Customer support & call centre,Business services,Senior,0.64406,0.0392,0.02111,-0.0181,98.1904,-0.00067,-0.00596
2030,United Arab Emirates,AE,Customer support & call centre,Business services,Senior,0.74334,0.04525,0.03009,-0.01516,98.48403,0.00299,0.02669
2026,Australia,AU,Customer support & call centre,Business services,Senior,0.18674,0.01092,0.00322,-0.00771,99.22941,-0.00361,-0.03268
2027,Australia,AU,Customer support & call centre,Business services,Senior,0.32645,0.0191,0.00644,-0.01266,98.73443,-0.00499,-0.045
2028,Australia,AU,Customer support & call centre,Business services,Senior,0.49683,0.02906,0.01191,-0.01716,98.28429,-0.00456,-0.04092
2029,Australia,AU,Customer support & call centre,Business services,Senior,0.65308,0.0382,0.01949,-0.01872,98.12831,-0.00159,-0.01418
2030,Australia,AU,Customer support & call centre,Business services,Senior,0.7631,0.04464,0.02752,-0.01712,98.28794,0.00163,0.01451
2026,Germany,DE,Customer support & call centre,Business services,Senior,0.18062,0.00846,0.00301,-0.00545,99.45518,-0.00239,-0.02164
2027,Germany,DE,Customer support & call centre,Business services,Senior,0.30566,0.01431,0.0057,-0.00861,99.13912,-0.00318,-0.02873
2028,Germany,DE,Customer support & call centre,Business services,Senior,0.46101,0.02159,0.01011,-0.01148,98.85231,-0.00289,-0.02607
2029,Germany,DE,Customer support & call centre,Business services,Senior,0.61255,0.02868,0.0162,-0.01248,98.75199,-0.00101,-0.00912
2030,Germany,DE,Customer support & call centre,Business services,Senior,0.72923,0.03415,0.02293,-0.01122,98.87819,0.00128,0.01147
2026,Japan,JP,Customer support & call centre,Business services,Senior,0.16856,0.00732,0.00246,-0.00487,99.51341,-0.00216,-0.0196
2027,Japan,JP,Customer support & call centre,Business services,Senior,0.28811,0.01252,0.00468,-0.00784,99.21637,-0.00298,-0.027
2028,Japan,JP,Customer support & call centre,Business services,Senior,0.44,0.01911,0.00836,-0.01075,98.92485,-0.00294,-0.0265
2029,Japan,JP,Customer support & call centre,Business services,Senior,0.59189,0.02571,0.01356,-0.01216,98.78443,-0.00142,-0.01277
2030,Japan,JP,Customer support & call centre,Business services,Senior,0.71144,0.03091,0.01943,-0.01147,98.85258,0.00069,0.0062
2026,India,IN,Customer support & call centre,Business services,Senior,0.12095,0.00847,0.00217,-0.0063,99.37001,-0.00312,-0.0283
2027,India,IN,Customer support & call centre,Business services,Senior,0.22322,0.01563,0.0045,-0.01112,98.88795,-0.00485,-0.04382
2028,India,IN,Customer support & call centre,Business services,Senior,0.36,0.0252,0.00875,-0.01645,98.35476,-0.00539,-0.04847
2029,India,IN,Customer support & call centre,Business services,Senior,0.49678,0.03477,0.01517,-0.01961,98.0391,-0.00321,-0.0287
2030,India,IN,Customer support & call centre,Business services,Senior,0.59905,0.04193,0.02262,-0.01931,98.06907,0.00031,0.00272
2026,France,FR,Customer support & call centre,Business services,Senior,0.16451,0.00795,0.00262,-0.00533,99.46727,-0.00233,-0.02111
2027,France,FR,Customer support & call centre,Business services,Senior,0.2785,0.01345,0.00491,-0.00855,99.14517,-0.00324,-0.02928
2028,France,FR,Customer support & call centre,Business services,Senior,0.42461,0.02051,0.00866,-0.01186,98.81435,-0.00334,-0.03007
2029,France,FR,Customer support & call centre,Business services,Senior,0.57419,0.02774,0.01395,-0.01379,98.6213,-0.00195,-0.01755
2030,France,FR,Customer support & call centre,Business services,Senior,0.69594,0.03362,0.02004,-0.01358,98.64199,0.00021,0.00188
2026,Brazil,BR,Customer support & call centre,Business services,Senior,0.09137,0.00567,0.00148,-0.00419,99.58071,-0.00195,-0.01765
2027,Brazil,BR,Customer support & call centre,Business services,Senior,0.16352,0.01015,0.00284,-0.00731,99.26915,-0.00313,-0.02832
2028,Brazil,BR,Customer support & call centre,Business services,Senior,0.26903,0.01669,0.00524,-0.01146,98.85429,-0.00418,-0.03771
2029,Brazil,BR,Customer support & call centre,Business services,Senior,0.39586,0.02457,0.00902,-0.01554,98.44579,-0.00413,-0.03714
2030,Brazil,BR,Customer support & call centre,Business services,Senior,0.51686,0.03207,0.01408,-0.018,98.2001,-0.0025,-0.02234
2026,Nigeria,NG,Customer support & call centre,Business services,Senior,0.0536,0.0041,0.00086,-0.00325,99.67509,-0.00147,-0.01333
2027,Nigeria,NG,Customer support & call centre,Business services,Senior,0.09502,0.00728,0.00159,-0.00569,99.43107,-0.00245,-0.02218
2028,Nigeria,NG,Customer support & call centre,Business services,Senior,0.1593,0.0122,0.00287,-0.00933,99.06707,-0.00366,-0.03309
2029,Nigeria,NG,Customer support & call centre,Business services,Senior,0.24627,0.01886,0.00496,-0.0139,98.61039,-0.00461,-0.04152
2030,Nigeria,NG,Customer support & call centre,Business services,Senior,0.34443,0.02638,0.00801,-0.01836,98.16378,-0.00453,-0.0406
2026,United States,US,Customer support & call centre,Business services,Lead / Executive,0.31272,0.01012,0.00509,-0.00503,99.49681,-0.00202,-0.0288
2027,United States,US,Customer support & call centre,Business services,Lead / Executive,0.50443,0.01633,0.01021,-0.00611,99.38851,-0.00109,-0.01547
2028,United States,US,Customer support & call centre,Business services,Lead / Executive,0.68352,0.02212,0.01792,-0.0042,99.57955,0.00192,0.02729
2029,United States,US,Customer support & call centre,Business services,Lead / Executive,0.80581,0.02608,0.02645,0.00037,100.03707,0.00459,0.06536
2030,United States,US,Customer support & call centre,Business services,Lead / Executive,0.87252,0.02824,0.03321,0.00497,100.49713,0.0046,0.06572
2026,Singapore,SG,Customer support & call centre,Business services,Lead / Executive,0.2925,0.0098,0.00415,-0.00565,99.43453,-0.00258,-0.03679
2027,Singapore,SG,Customer support & call centre,Business services,Lead / Executive,0.49636,0.01663,0.00886,-0.00777,99.22288,-0.00213,-0.03024
2028,Singapore,SG,Customer support & call centre,Business services,Lead / Executive,0.69263,0.02321,0.01648,-0.00673,99.32704,0.00105,0.01488
2029,Singapore,SG,Customer support & call centre,Business services,Lead / Executive,0.82532,0.02765,0.02534,-0.00232,99.76804,0.00444,0.063
2030,Singapore,SG,Customer support & call centre,Business services,Lead / Executive,0.89503,0.02999,0.03242,0.00243,100.24278,0.00476,0.06782
2026,United Kingdom,UK,Customer support & call centre,Business services,Lead / Executive,0.22387,0.00659,0.00312,-0.00347,99.65299,-0.00152,-0.0217
2027,United Kingdom,UK,Customer support & call centre,Business services,Lead / Executive,0.38281,0.01128,0.00627,-0.00501,99.49898,-0.00155,-0.022
2028,United Kingdom,UK,Customer support & call centre,Business services,Lead / Executive,0.56215,0.01656,0.01143,-0.00513,99.48726,-0.00012,-0.00167
2029,United Kingdom,UK,Customer support & call centre,Business services,Lead / Executive,0.71203,0.02097,0.01816,-0.00282,99.71828,0.00232,0.033
2030,United Kingdom,UK,Customer support & call centre,Business services,Lead / Executive,0.80894,0.02383,0.02468,0.00085,100.0852,0.00368,0.05242
2026,Canada,CA,Customer support & call centre,Business services,Lead / Executive,0.20074,0.00632,0.00277,-0.00355,99.6447,-0.00159,-0.02264
2027,Canada,CA,Customer support & call centre,Business services,Lead / Executive,0.34658,0.01091,0.00551,-0.00541,99.45931,-0.00186,-0.02648
2028,Canada,CA,Customer support & call centre,Business services,Lead / Executive,0.51964,0.01636,0.01008,-0.00629,99.37128,-0.00089,-0.01258
2029,Canada,CA,Customer support & call centre,Business services,Lead / Executive,0.67388,0.02122,0.01626,-0.00496,99.50404,0.00134,0.01897
2030,Canada,CA,Customer support & call centre,Business services,Lead / Executive,0.78002,0.02456,0.02263,-0.00194,99.80647,0.00304,0.0432
2026,United Arab Emirates,AE,Customer support & call centre,Business services,Lead / Executive,0.17156,0.00515,0.00226,-0.00289,99.71113,-0.0014,-0.02001
2027,United Arab Emirates,AE,Customer support & call centre,Business services,Lead / Executive,0.31516,0.00947,0.00486,-0.0046,99.53958,-0.00172,-0.02451
2028,United Arab Emirates,AE,Customer support & call centre,Business services,Lead / Executive,0.49072,0.01474,0.00954,-0.0052,99.48004,-0.0006,-0.00851
2029,United Arab Emirates,AE,Customer support & call centre,Business services,Lead / Executive,0.64406,0.01935,0.0162,-0.00314,99.68565,0.00207,0.02937
2030,United Arab Emirates,AE,Customer support & call centre,Business services,Lead / Executive,0.74334,0.02233,0.0231,0.00077,100.07674,0.00392,0.05587
2026,Australia,AU,Customer support & call centre,Business services,Lead / Executive,0.18674,0.00539,0.00247,-0.00292,99.70793,-0.00132,-0.01877
2027,Australia,AU,Customer support & call centre,Business services,Lead / Executive,0.32645,0.00942,0.00494,-0.00448,99.552,-0.00156,-0.02228
2028,Australia,AU,Customer support & call centre,Business services,Lead / Executive,0.49683,0.01434,0.00914,-0.0052,99.47971,-0.00073,-0.01033
2029,Australia,AU,Customer support & call centre,Business services,Lead / Executive,0.65308,0.01885,0.01496,-0.00389,99.61057,0.00132,0.01869
2030,Australia,AU,Customer support & call centre,Business services,Lead / Executive,0.7631,0.02203,0.02113,-0.0009,99.90956,0.003,0.04271
2026,Germany,DE,Customer support & call centre,Business services,Lead / Executive,0.18062,0.00417,0.00231,-0.00186,99.81364,-0.00077,-0.01097
2027,Germany,DE,Customer support & call centre,Business services,Lead / Executive,0.30566,0.00706,0.00438,-0.00268,99.73153,-0.00082,-0.01173
2028,Germany,DE,Customer support & call centre,Business services,Lead / Executive,0.46101,0.01065,0.00776,-0.00289,99.7108,-0.00021,-0.00296
2029,Germany,DE,Customer support & call centre,Business services,Lead / Executive,0.61255,0.01416,0.01244,-0.00172,99.82833,0.00118,0.01679
2030,Germany,DE,Customer support & call centre,Business services,Lead / Executive,0.72923,0.01685,0.0176,0.00075,100.07501,0.00247,0.03524
2026,Japan,JP,Customer support & call centre,Business services,Lead / Executive,0.16856,0.00361,0.00189,-0.00173,99.82722,-0.00073,-0.01045
2027,Japan,JP,Customer support & call centre,Business services,Lead / Executive,0.28811,0.00618,0.00359,-0.00258,99.74158,-0.00086,-0.01223
2028,Japan,JP,Customer support & call centre,Business services,Lead / Executive,0.44,0.00943,0.00642,-0.00301,99.6987,-0.00043,-0.00612
2029,Japan,JP,Customer support & call centre,Business services,Lead / Executive,0.59189,0.01269,0.01041,-0.00228,99.77182,0.00073,0.01045
2030,Japan,JP,Customer support & call centre,Business services,Lead / Executive,0.71144,0.01525,0.01492,-0.00033,99.96653,0.00195,0.02782
2026,India,IN,Customer support & call centre,Business services,Lead / Executive,0.12095,0.00418,0.00166,-0.00252,99.74849,-0.00122,-0.0174
2027,India,IN,Customer support & call centre,Business services,Lead / Executive,0.22322,0.00771,0.00346,-0.00425,99.5747,-0.00174,-0.02483
2028,India,IN,Customer support & call centre,Business services,Lead / Executive,0.36,0.01244,0.00671,-0.00572,99.42788,-0.00147,-0.02097
2029,India,IN,Customer support & call centre,Business services,Lead / Executive,0.49678,0.01716,0.01164,-0.00552,99.44806,0.0002,0.00288
2030,India,IN,Customer support & call centre,Business services,Lead / Executive,0.59905,0.02069,0.01737,-0.00333,99.66734,0.0022,0.03133
2026,France,FR,Customer support & call centre,Business services,Lead / Executive,0.16451,0.00392,0.00201,-0.00191,99.80894,-0.0008,-0.01141
2027,France,FR,Customer support & call centre,Business services,Lead / Executive,0.2785,0.00664,0.00377,-0.00287,99.71266,-0.00096,-0.01375
2028,France,FR,Customer support & call centre,Business services,Lead / Executive,0.42461,0.01012,0.00665,-0.00348,99.65222,-0.00061,-0.00863
2029,France,FR,Customer support & call centre,Business services,Lead / Executive,0.57419,0.01369,0.01071,-0.00298,99.70216,0.0005,0.00713
2030,France,FR,Customer support & call centre,Business services,Lead / Executive,0.69594,0.01659,0.01539,-0.00121,99.87931,0.00178,0.02531
2026,Brazil,BR,Customer support & call centre,Business services,Lead / Executive,0.09137,0.0028,0.00113,-0.00166,99.83357,-0.00076,-0.01085
2027,Brazil,BR,Customer support & call centre,Business services,Lead / Executive,0.16352,0.00501,0.00218,-0.00283,99.71716,-0.00117,-0.01663
2028,Brazil,BR,Customer support & call centre,Business services,Lead / Executive,0.26903,0.00824,0.00402,-0.00422,99.57819,-0.00139,-0.01985
2029,Brazil,BR,Customer support & call centre,Business services,Lead / Executive,0.39586,0.01212,0.00693,-0.0052,99.48039,-0.00098,-0.01397
2030,Brazil,BR,Customer support & call centre,Business services,Lead / Executive,0.51686,0.01583,0.01081,-0.00502,99.49765,0.00017,0.00247
2026,Nigeria,NG,Customer support & call centre,Business services,Lead / Executive,0.0536,0.00203,0.00066,-0.00137,99.8631,-0.00061,-0.00877
2027,Nigeria,NG,Customer support & call centre,Business services,Lead / Executive,0.09502,0.00359,0.00122,-0.00237,99.76275,-0.001,-0.01434
2028,Nigeria,NG,Customer support & call centre,Business services,Lead / Executive,0.1593,0.00602,0.0022,-0.00382,99.61827,-0.00145,-0.02064
2029,Nigeria,NG,Customer support & call centre,Business services,Lead / Executive,0.24627,0.00931,0.00381,-0.0055,99.45027,-0.00169,-0.024
2030,Nigeria,NG,Customer support & call centre,Business services,Lead / Executive,0.34443,0.01302,0.00615,-0.00686,99.3135,-0.00138,-0.01954
2026,United States,US,Accounting & bookkeeping,Finance,Entry,0.31272,0.18858,0.00477,-0.1838,81.6197,-0.0955,-0.24623
2027,United States,US,Accounting & bookkeeping,Finance,Entry,0.50443,0.30418,0.00958,-0.2946,70.5399,-0.13575,-0.31657
2028,United States,US,Accounting & bookkeeping,Finance,Entry,0.68352,0.41218,0.01681,-0.39537,60.46318,-0.14285,-0.28791
2029,United States,US,Accounting & bookkeeping,Finance,Entry,0.80581,0.48591,0.02481,-0.4611,53.88986,-0.10872,-0.18781
2030,United States,US,Accounting & bookkeeping,Finance,Entry,0.87252,0.52615,0.03115,-0.49499,50.50089,-0.06289,-0.09683
2026,Singapore,SG,Accounting & bookkeeping,Finance,Entry,0.2925,0.18261,0.00389,-0.17872,82.12783,-0.09833,-0.2559
2027,Singapore,SG,Accounting & bookkeeping,Finance,Entry,0.49636,0.30989,0.00831,-0.30158,69.84241,-0.14959,-0.35101
2028,Singapore,SG,Accounting & bookkeeping,Finance,Entry,0.69263,0.43243,0.01546,-0.41697,58.30335,-0.16522,-0.32969
2029,Singapore,SG,Accounting & bookkeeping,Finance,Entry,0.82532,0.51526,0.02377,-0.4915,50.85039,-0.12783,-0.21294
2030,Singapore,SG,Accounting & bookkeeping,Finance,Entry,0.89503,0.55878,0.03041,-0.52837,47.16282,-0.07252,-0.10536
2026,United Kingdom,UK,Accounting & bookkeeping,Finance,Entry,0.22387,0.12287,0.00293,-0.11994,88.00591,-0.06129,-0.16419
2027,United Kingdom,UK,Accounting & bookkeeping,Finance,Entry,0.38281,0.21011,0.00588,-0.20423,79.57694,-0.09578,-0.24083
2028,United Kingdom,UK,Accounting & bookkeeping,Finance,Entry,0.56215,0.30854,0.01072,-0.29781,70.21863,-0.1176,-0.26738
2029,United Kingdom,UK,Accounting & bookkeeping,Finance,Entry,0.71203,0.3908,0.01703,-0.37377,62.62338,-0.10817,-0.21701
2030,United Kingdom,UK,Accounting & bookkeeping,Finance,Entry,0.80894,0.44399,0.02315,-0.42084,57.91648,-0.07516,-0.13448
2026,Canada,CA,Accounting & bookkeeping,Finance,Entry,0.20074,0.11779,0.0026,-0.11519,88.48086,-0.05855,-0.15721
2027,Canada,CA,Accounting & bookkeeping,Finance,Entry,0.34658,0.20336,0.00517,-0.1982,80.18044,-0.09381,-0.23715
2028,Canada,CA,Accounting & bookkeeping,Finance,Entry,0.51964,0.30491,0.00945,-0.29545,70.4548,-0.1213,-0.27788
2029,Canada,CA,Accounting & bookkeeping,Finance,Entry,0.67388,0.39541,0.01526,-0.38016,61.98436,-0.12023,-0.24201
2030,Canada,CA,Accounting & bookkeeping,Finance,Entry,0.78002,0.45769,0.02123,-0.43646,56.35379,-0.09084,-0.16087
2026,United Arab Emirates,AE,Accounting & bookkeeping,Finance,Entry,0.17156,0.09602,0.00212,-0.0939,90.61039,-0.05067,-0.13818
2027,United Arab Emirates,AE,Accounting & bookkeeping,Finance,Entry,0.31516,0.17639,0.00456,-0.17183,82.81699,-0.08601,-0.22267
2028,United Arab Emirates,AE,Accounting & bookkeeping,Finance,Entry,0.49072,0.27465,0.00895,-0.2657,73.43013,-0.11334,-0.2682
2029,United Arab Emirates,AE,Accounting & bookkeeping,Finance,Entry,0.64406,0.36047,0.0152,-0.34527,65.47277,-0.10837,-0.22735
2030,United Arab Emirates,AE,Accounting & bookkeeping,Finance,Entry,0.74334,0.41604,0.02167,-0.39437,60.56279,-0.07499,-0.14029
2026,Australia,AU,Accounting & bookkeeping,Finance,Entry,0.18674,0.10044,0.00232,-0.09813,90.18735,-0.04982,-0.13511
2027,Australia,AU,Accounting & bookkeeping,Finance,Entry,0.32645,0.17559,0.00464,-0.17095,82.90505,-0.08075,-0.20807
2028,Australia,AU,Accounting & bookkeeping,Finance,Entry,0.49683,0.26723,0.00857,-0.25866,74.13415,-0.10579,-0.2506
2029,Australia,AU,Accounting & bookkeeping,Finance,Entry,0.65308,0.35128,0.01403,-0.33725,66.27548,-0.10601,-0.22453
2030,Australia,AU,Accounting & bookkeeping,Finance,Entry,0.7631,0.41045,0.01982,-0.39064,60.93635,-0.08056,-0.15255
2026,Germany,DE,Accounting & bookkeeping,Finance,Entry,0.18062,0.07777,0.00217,-0.0756,92.43995,-0.03592,-0.09842
2027,Germany,DE,Accounting & bookkeeping,Finance,Entry,0.30566,0.13161,0.00411,-0.1275,87.25016,-0.05614,-0.14828
2028,Germany,DE,Accounting & bookkeeping,Finance,Entry,0.46101,0.19849,0.00728,-0.19121,80.87867,-0.07303,-0.18204
2029,Germany,DE,Accounting & bookkeeping,Finance,Entry,0.61255,0.26374,0.01167,-0.25207,74.79277,-0.07525,-0.17388
2030,Germany,DE,Accounting & bookkeeping,Finance,Entry,0.72923,0.31398,0.01651,-0.29747,70.25349,-0.06069,-0.12969
2026,Japan,JP,Accounting & bookkeeping,Finance,Entry,0.16856,0.06733,0.00177,-0.06556,93.44374,-0.03122,-0.08603
2027,Japan,JP,Accounting & bookkeeping,Finance,Entry,0.28811,0.11508,0.00337,-0.11171,88.82853,-0.04939,-0.13186
2028,Japan,JP,Accounting & bookkeeping,Finance,Entry,0.44,0.17576,0.00602,-0.16974,83.02633,-0.06532,-0.16578
2029,Japan,JP,Accounting & bookkeeping,Finance,Entry,0.59189,0.23643,0.00976,-0.22667,77.33295,-0.06857,-0.16267
2030,Japan,JP,Accounting & bookkeeping,Finance,Entry,0.71144,0.28419,0.01399,-0.27019,72.98074,-0.05628,-0.12435
2026,India,IN,Accounting & bookkeeping,Finance,Entry,0.12095,0.07785,0.00156,-0.07629,92.37139,-0.03998,-0.1099
2027,India,IN,Accounting & bookkeeping,Finance,Entry,0.22322,0.14367,0.00324,-0.14043,85.95719,-0.06944,-0.18326
2028,India,IN,Accounting & bookkeeping,Finance,Entry,0.36,0.23171,0.0063,-0.22541,77.45893,-0.09887,-0.24281
2029,India,IN,Accounting & bookkeeping,Finance,Entry,0.49678,0.31975,0.01092,-0.30883,69.11732,-0.10769,-0.23833
2030,India,IN,Accounting & bookkeeping,Finance,Entry,0.59905,0.38557,0.01629,-0.36928,63.07186,-0.08747,-0.17273
2026,France,FR,Accounting & bookkeeping,Finance,Entry,0.16451,0.07308,0.00189,-0.07119,92.88074,-0.03341,-0.09173
2027,France,FR,Accounting & bookkeeping,Finance,Entry,0.2785,0.12372,0.00353,-0.12018,87.98152,-0.05275,-0.13998
2028,France,FR,Accounting & bookkeeping,Finance,Entry,0.42461,0.18862,0.00623,-0.18239,81.76123,-0.0707,-0.17772
2029,France,FR,Accounting & bookkeeping,Finance,Entry,0.57419,0.25507,0.01005,-0.24502,75.49768,-0.07661,-0.17896
2030,France,FR,Accounting & bookkeeping,Finance,Entry,0.69594,0.30916,0.01443,-0.29472,70.52774,-0.06583,-0.142
2026,Brazil,BR,Accounting & bookkeeping,Finance,Entry,0.09137,0.05213,0.00106,-0.05107,94.89296,-0.02467,-0.06859
2027,Brazil,BR,Accounting & bookkeeping,Finance,Entry,0.16352,0.09331,0.00204,-0.09126,90.87382,-0.04235,-0.11483
2028,Brazil,BR,Accounting & bookkeeping,Finance,Entry,0.26903,0.15351,0.00377,-0.14974,85.02638,-0.06435,-0.16707
2029,Brazil,BR,Accounting & bookkeeping,Finance,Entry,0.39586,0.22588,0.0065,-0.21938,78.06183,-0.08191,-0.19899
2030,Brazil,BR,Accounting & bookkeeping,Finance,Entry,0.51686,0.29493,0.01014,-0.28479,71.52093,-0.08379,-0.18688
2026,Nigeria,NG,Accounting & bookkeeping,Finance,Entry,0.0536,0.03774,0.00062,-0.03712,96.28771,-0.01723,-0.04824
2027,Nigeria,NG,Accounting & bookkeeping,Finance,Entry,0.09502,0.06691,0.00114,-0.06576,93.42352,-0.02975,-0.08183
2028,Nigeria,NG,Accounting & bookkeeping,Finance,Entry,0.1593,0.11217,0.00207,-0.1101,88.98989,-0.04746,-0.12668
2029,Nigeria,NG,Accounting & bookkeeping,Finance,Entry,0.24627,0.1734,0.00357,-0.16983,83.01713,-0.06712,-0.17065
2030,Nigeria,NG,Accounting & bookkeeping,Finance,Entry,0.34443,0.24252,0.00577,-0.23675,76.32513,-0.08061,-0.1912
2026,United States,US,Accounting & bookkeeping,Finance,Junior,0.31272,0.09973,0.00718,-0.09255,90.74517,-0.0453,-0.17943
2027,United States,US,Accounting & bookkeeping,Finance,Junior,0.50443,0.16086,0.01441,-0.14646,85.35413,-0.05941,-0.22463
2028,United States,US,Accounting & bookkeeping,Finance,Junior,0.68352,0.21798,0.02528,-0.1927,80.73005,-0.05418,-0.19267
2029,United States,US,Accounting & bookkeeping,Finance,Junior,0.80581,0.25697,0.03732,-0.21966,78.03428,-0.03339,-0.11232
2030,United States,US,Accounting & bookkeeping,Finance,Junior,0.87252,0.27825,0.04685,-0.2314,76.86037,-0.01504,-0.04891
2026,Singapore,SG,Accounting & bookkeeping,Finance,Junior,0.2925,0.09657,0.00585,-0.09072,90.92764,-0.04737,-0.1884
2027,Singapore,SG,Accounting & bookkeeping,Finance,Junior,0.49636,0.16388,0.0125,-0.15138,84.86179,-0.06671,-0.25274
2028,Singapore,SG,Accounting & bookkeeping,Finance,Junior,0.69263,0.22869,0.02325,-0.20544,79.45627,-0.0637,-0.22523
2029,Singapore,SG,Accounting & bookkeeping,Finance,Junior,0.82532,0.2725,0.03574,-0.23675,76.32487,-0.03941,-0.13047
2030,Singapore,SG,Accounting & bookkeeping,Finance,Junior,0.89503,0.29551,0.04574,-0.24977,75.02263,-0.01706,-0.05426
2026,United Kingdom,UK,Accounting & bookkeeping,Finance,Junior,0.22387,0.06498,0.00441,-0.06057,93.94278,-0.02983,-0.12034
2027,United Kingdom,UK,Accounting & bookkeeping,Finance,Junior,0.38281,0.11112,0.00884,-0.10227,89.77256,-0.04439,-0.17376
2028,United Kingdom,UK,Accounting & bookkeeping,Finance,Junior,0.56215,0.16317,0.01613,-0.14704,85.29596,-0.04987,-0.18653
2029,United Kingdom,UK,Accounting & bookkeeping,Finance,Junior,0.71203,0.20667,0.02562,-0.18106,81.89441,-0.03988,-0.14173
2030,United Kingdom,UK,Accounting & bookkeeping,Finance,Junior,0.80894,0.2348,0.03482,-0.19998,80.00195,-0.02311,-0.07885
2026,Canada,CA,Accounting & bookkeeping,Finance,Junior,0.20074,0.06229,0.00391,-0.05839,94.16141,-0.02866,-0.11575
2027,Canada,CA,Accounting & bookkeeping,Finance,Junior,0.34658,0.10755,0.00777,-0.09978,90.02231,-0.04396,-0.17246
2028,Canada,CA,Accounting & bookkeeping,Finance,Junior,0.51964,0.16125,0.01422,-0.14703,85.29694,-0.05249,-0.19689
2029,Canada,CA,Accounting & bookkeeping,Finance,Junior,0.67388,0.20911,0.02294,-0.18617,81.38314,-0.04588,-0.16307
2030,Canada,CA,Accounting & bookkeeping,Finance,Junior,0.78002,0.24205,0.03193,-0.21012,78.98783,-0.02943,-0.0998
2026,United Arab Emirates,AE,Accounting & bookkeeping,Finance,Junior,0.17156,0.05078,0.0032,-0.04758,95.24151,-0.02501,-0.10178
2027,United Arab Emirates,AE,Accounting & bookkeeping,Finance,Junior,0.31516,0.09328,0.00686,-0.08642,91.35766,-0.04078,-0.16183
2028,United Arab Emirates,AE,Accounting & bookkeeping,Finance,Junior,0.49072,0.14525,0.01346,-0.13179,86.82137,-0.04965,-0.18901
2029,United Arab Emirates,AE,Accounting & bookkeeping,Finance,Junior,0.64406,0.19063,0.02286,-0.16777,83.22257,-0.04145,-0.14995
2030,United Arab Emirates,AE,Accounting & bookkeeping,Finance,Junior,0.74334,0.22002,0.03259,-0.18744,81.25648,-0.02362,-0.08192
2026,Australia,AU,Accounting & bookkeeping,Finance,Junior,0.18674,0.05312,0.00349,-0.04963,95.03658,-0.02446,-0.09929
2027,Australia,AU,Accounting & bookkeeping,Finance,Junior,0.32645,0.09286,0.00698,-0.08588,91.41164,-0.03814,-0.15104
2028,Australia,AU,Accounting & bookkeeping,Finance,Junior,0.49683,0.14132,0.01289,-0.12843,87.15697,-0.04654,-0.17728
2029,Australia,AU,Accounting & bookkeeping,Finance,Junior,0.65308,0.18577,0.0211,-0.16467,83.53326,-0.04158,-0.15099
2030,Australia,AU,Accounting & bookkeeping,Finance,Junior,0.7631,0.21707,0.0298,-0.18726,81.27369,-0.02705,-0.09415
2026,Germany,DE,Accounting & bookkeeping,Finance,Junior,0.18062,0.04113,0.00326,-0.03787,96.21322,-0.01754,-0.07156
2027,Germany,DE,Accounting & bookkeeping,Finance,Junior,0.30566,0.0696,0.00618,-0.06342,93.65783,-0.02656,-0.10647
2028,Germany,DE,Accounting & bookkeeping,Finance,Junior,0.46101,0.10497,0.01095,-0.09402,90.59771,-0.03267,-0.1275
2029,Germany,DE,Accounting & bookkeeping,Finance,Junior,0.61255,0.13948,0.01755,-0.12193,87.80703,-0.0308,-0.11628
2030,Germany,DE,Accounting & bookkeeping,Finance,Junior,0.72923,0.16605,0.02483,-0.14121,85.87872,-0.02196,-0.08035
2026,Japan,JP,Accounting & bookkeeping,Finance,Junior,0.16856,0.03561,0.00266,-0.03295,96.70526,-0.01535,-0.0628
2027,Japan,JP,Accounting & bookkeeping,Finance,Junior,0.28811,0.06086,0.00507,-0.05579,94.42062,-0.02362,-0.09519
2028,Japan,JP,Accounting & bookkeeping,Finance,Junior,0.44,0.09295,0.00906,-0.08389,91.61081,-0.02976,-0.11708
2029,Japan,JP,Accounting & bookkeeping,Finance,Junior,0.59189,0.12504,0.01468,-0.11035,88.96465,-0.02888,-0.11026
2030,Japan,JP,Accounting & bookkeeping,Finance,Junior,0.71144,0.15029,0.02105,-0.12924,87.07554,-0.02123,-0.07871
2026,India,IN,Accounting & bookkeeping,Finance,Junior,0.12095,0.04117,0.00235,-0.03882,96.11775,-0.01991,-0.08136
2027,India,IN,Accounting & bookkeeping,Finance,Junior,0.22322,0.07598,0.00488,-0.0711,92.88982,-0.03358,-0.1345
2028,India,IN,Accounting & bookkeeping,Finance,Junior,0.36,0.12254,0.00947,-0.11307,88.69347,-0.04518,-0.17485
2029,India,IN,Accounting & bookkeeping,Finance,Junior,0.49678,0.1691,0.01642,-0.15267,84.73272,-0.04466,-0.16503
2030,India,IN,Accounting & bookkeeping,Finance,Junior,0.59905,0.20391,0.0245,-0.17941,82.05934,-0.03155,-0.11139
2026,France,FR,Accounting & bookkeeping,Finance,Junior,0.16451,0.03865,0.00284,-0.03581,96.41902,-0.01641,-0.06703
2027,France,FR,Accounting & bookkeeping,Finance,Junior,0.2785,0.06543,0.00531,-0.06011,93.98862,-0.02521,-0.10127
2028,France,FR,Accounting & bookkeeping,Finance,Junior,0.42461,0.09975,0.00938,-0.09038,90.9624,-0.0322,-0.12609
2029,France,FR,Accounting & bookkeeping,Finance,Junior,0.57419,0.13489,0.01511,-0.11978,88.02185,-0.03233,-0.12252
2030,France,FR,Accounting & bookkeeping,Finance,Junior,0.69594,0.1635,0.02171,-0.14179,85.82108,-0.025,-0.0917
2026,Brazil,BR,Accounting & bookkeeping,Finance,Junior,0.09137,0.02757,0.0016,-0.02597,97.40287,-0.01236,-0.05078
2027,Brazil,BR,Accounting & bookkeeping,Finance,Junior,0.16352,0.04934,0.00307,-0.04627,95.37301,-0.02084,-0.08458
2028,Brazil,BR,Accounting & bookkeeping,Finance,Junior,0.26903,0.08118,0.00567,-0.07551,92.44905,-0.03066,-0.12183
2029,Brazil,BR,Accounting & bookkeeping,Finance,Junior,0.39586,0.11946,0.00977,-0.10968,89.03172,-0.03696,-0.14239
2030,Brazil,BR,Accounting & bookkeeping,Finance,Junior,0.51686,0.15597,0.01524,-0.14073,85.92736,-0.03487,-0.12935
2026,Nigeria,NG,Accounting & bookkeeping,Finance,Junior,0.0536,0.01996,0.00093,-0.01903,98.09682,-0.00874,-0.03603
2027,Nigeria,NG,Accounting & bookkeeping,Finance,Junior,0.09502,0.03538,0.00172,-0.03366,96.63351,-0.01492,-0.06097
2028,Nigeria,NG,Accounting & bookkeeping,Finance,Junior,0.1593,0.05932,0.00311,-0.05621,94.37884,-0.02333,-0.09394
2029,Nigeria,NG,Accounting & bookkeeping,Finance,Junior,0.24627,0.0917,0.00537,-0.08633,91.36712,-0.03191,-0.12549
2030,Nigeria,NG,Accounting & bookkeeping,Finance,Junior,0.34443,0.12826,0.00868,-0.11958,88.04231,-0.03639,-0.13853
2026,United States,US,Accounting & bookkeeping,Finance,Mid,0.31272,0.03808,0.00821,-0.02987,97.01277,-0.01372,-0.08432
2027,United States,US,Accounting & bookkeeping,Finance,Mid,0.50443,0.06142,0.01646,-0.04496,95.50427,-0.01555,-0.09428
2028,United States,US,Accounting & bookkeeping,Finance,Mid,0.68352,0.08323,0.02889,-0.05434,94.56618,-0.00982,-0.05863
2029,United States,US,Accounting & bookkeeping,Finance,Mid,0.80581,0.09812,0.04265,-0.05547,94.45306,-0.0012,-0.00707
2030,United States,US,Accounting & bookkeeping,Finance,Mid,0.87252,0.10624,0.05355,-0.05269,94.73064,0.00294,0.01735
2026,Singapore,SG,Accounting & bookkeeping,Finance,Mid,0.2925,0.03687,0.00669,-0.03019,96.98119,-0.01497,-0.09213
2027,Singapore,SG,Accounting & bookkeeping,Finance,Mid,0.49636,0.06257,0.01429,-0.04829,95.17135,-0.01866,-0.11312
2028,Singapore,SG,Accounting & bookkeeping,Finance,Mid,0.69263,0.08732,0.02657,-0.06075,93.92539,-0.01309,-0.07787
2029,Singapore,SG,Accounting & bookkeeping,Finance,Mid,0.82532,0.10404,0.04085,-0.06319,93.68064,-0.00261,-0.0153
2030,Singapore,SG,Accounting & bookkeeping,Finance,Mid,0.89503,0.11283,0.05227,-0.06056,93.94395,0.00281,0.01646
2026,United Kingdom,UK,Accounting & bookkeeping,Finance,Mid,0.22387,0.02481,0.00504,-0.01977,98.02273,-0.00936,-0.05787
2027,United Kingdom,UK,Accounting & bookkeeping,Finance,Mid,0.38281,0.04243,0.0101,-0.03232,96.76782,-0.0128,-0.07843
2028,United Kingdom,UK,Accounting & bookkeeping,Finance,Mid,0.56215,0.0623,0.01843,-0.04387,95.61321,-0.01193,-0.07216
2029,United Kingdom,UK,Accounting & bookkeeping,Finance,Mid,0.71203,0.07891,0.02928,-0.04963,95.03652,-0.00603,-0.03604
2030,United Kingdom,UK,Accounting & bookkeeping,Finance,Mid,0.80894,0.08965,0.0398,-0.04986,95.01443,-0.00023,-0.00138
2026,Canada,CA,Accounting & bookkeeping,Finance,Mid,0.20074,0.02378,0.00446,-0.01932,98.06801,-0.00915,-0.05663
2027,Canada,CA,Accounting & bookkeeping,Finance,Mid,0.34658,0.04106,0.00888,-0.03218,96.7817,-0.01312,-0.08039
2028,Canada,CA,Accounting & bookkeeping,Finance,Mid,0.51964,0.06157,0.01625,-0.04532,95.46812,-0.01357,-0.0821
2029,Canada,CA,Accounting & bookkeeping,Finance,Mid,0.67388,0.07984,0.02622,-0.05362,94.63786,-0.0087,-0.05189
2030,Canada,CA,Accounting & bookkeeping,Finance,Mid,0.78002,0.09242,0.03649,-0.05593,94.4069,-0.00244,-0.01444
2026,United Arab Emirates,AE,Accounting & bookkeeping,Finance,Mid,0.17156,0.01939,0.00365,-0.01574,98.4263,-0.00804,-0.04985
2027,United Arab Emirates,AE,Accounting & bookkeeping,Finance,Mid,0.31516,0.03562,0.00784,-0.02778,97.22234,-0.01223,-0.07525
2028,United Arab Emirates,AE,Accounting & bookkeeping,Finance,Mid,0.49072,0.05546,0.01538,-0.04007,95.99259,-0.01265,-0.07686
2029,United Arab Emirates,AE,Accounting & bookkeeping,Finance,Mid,0.64406,0.07279,0.02613,-0.04666,95.33384,-0.00686,-0.04117
2030,United Arab Emirates,AE,Accounting & bookkeeping,Finance,Mid,0.74334,0.08401,0.03724,-0.04677,95.32329,-0.00011,-0.00066
2026,Australia,AU,Accounting & bookkeeping,Finance,Mid,0.18674,0.02028,0.00398,-0.0163,98.37011,-0.00778,-0.04821
2027,Australia,AU,Accounting & bookkeeping,Finance,Mid,0.32645,0.03546,0.00797,-0.02748,97.25165,-0.01137,-0.0699
2028,Australia,AU,Accounting & bookkeeping,Finance,Mid,0.49683,0.05396,0.01474,-0.03922,96.07763,-0.01207,-0.07338
2029,Australia,AU,Accounting & bookkeeping,Finance,Mid,0.65308,0.07093,0.02412,-0.04681,95.31887,-0.0079,-0.04742
2030,Australia,AU,Accounting & bookkeeping,Finance,Mid,0.7631,0.08288,0.03406,-0.04882,95.11816,-0.00211,-0.01254
2026,Germany,DE,Accounting & bookkeeping,Finance,Mid,0.18062,0.0157,0.00373,-0.01198,98.80219,-0.00537,-0.03335
2027,Germany,DE,Accounting & bookkeeping,Finance,Mid,0.30566,0.02657,0.00706,-0.01951,98.0486,-0.00763,-0.0471
2028,Germany,DE,Accounting & bookkeeping,Finance,Mid,0.46101,0.04008,0.01251,-0.02757,97.24338,-0.00821,-0.05033
2029,Germany,DE,Accounting & bookkeeping,Finance,Mid,0.61255,0.05326,0.02006,-0.0332,96.68004,-0.00579,-0.03521
2030,Germany,DE,Accounting & bookkeeping,Finance,Mid,0.72923,0.0634,0.02838,-0.03502,96.49812,-0.00188,-0.01137
2026,Japan,JP,Accounting & bookkeeping,Finance,Mid,0.16856,0.0136,0.00304,-0.01055,98.9445,-0.00478,-0.02972
2027,Japan,JP,Accounting & bookkeeping,Finance,Mid,0.28811,0.02324,0.00579,-0.01745,98.25542,-0.00696,-0.04307
2028,Japan,JP,Accounting & bookkeeping,Finance,Mid,0.44,0.03549,0.01035,-0.02514,97.4862,-0.00783,-0.04808
2029,Japan,JP,Accounting & bookkeeping,Finance,Mid,0.59189,0.04774,0.01678,-0.03096,96.904,-0.00597,-0.03639
2030,Japan,JP,Accounting & bookkeeping,Finance,Mid,0.71144,0.05738,0.02405,-0.03333,96.66694,-0.00245,-0.01482
2026,India,IN,Accounting & bookkeeping,Finance,Mid,0.12095,0.01572,0.00268,-0.01304,98.69624,-0.00654,-0.04062
2027,India,IN,Accounting & bookkeeping,Finance,Mid,0.22322,0.02901,0.00558,-0.02344,97.65649,-0.01053,-0.06498
2028,India,IN,Accounting & bookkeeping,Finance,Mid,0.36,0.04679,0.01083,-0.03596,96.40395,-0.01283,-0.07828
2029,India,IN,Accounting & bookkeeping,Finance,Mid,0.49678,0.06456,0.01877,-0.04579,95.42066,-0.0102,-0.06146
2030,India,IN,Accounting & bookkeeping,Finance,Mid,0.59905,0.07786,0.028,-0.04985,95.0147,-0.00425,-0.02537
2026,France,FR,Accounting & bookkeeping,Finance,Mid,0.16451,0.01476,0.00324,-0.01151,98.84871,-0.00513,-0.03186
2027,France,FR,Accounting & bookkeeping,Finance,Mid,0.2785,0.02498,0.00607,-0.01891,98.10918,-0.00748,-0.04622
2028,France,FR,Accounting & bookkeeping,Finance,Mid,0.42461,0.03809,0.01072,-0.02737,97.26284,-0.00863,-0.0529
2029,France,FR,Accounting & bookkeeping,Finance,Mid,0.57419,0.0515,0.01727,-0.03423,96.57663,-0.00706,-0.04289
2030,France,FR,Accounting & bookkeeping,Finance,Mid,0.69594,0.06243,0.02481,-0.03762,96.23821,-0.0035,-0.02115
2026,Brazil,BR,Accounting & bookkeeping,Finance,Mid,0.09137,0.01053,0.00183,-0.0087,99.13011,-0.00407,-0.02534
2027,Brazil,BR,Accounting & bookkeeping,Finance,Mid,0.16352,0.01884,0.00351,-0.01533,98.46734,-0.00669,-0.04142
2028,Brazil,BR,Accounting & bookkeeping,Finance,Mid,0.26903,0.031,0.00648,-0.02451,97.54863,-0.00933,-0.05742
2029,Brazil,BR,Accounting & bookkeeping,Finance,Mid,0.39586,0.04561,0.01117,-0.03444,96.55587,-0.01018,-0.06205
2030,Brazil,BR,Accounting & bookkeeping,Finance,Mid,0.51686,0.05955,0.01742,-0.04213,95.78701,-0.00796,-0.04805
2026,Nigeria,NG,Accounting & bookkeeping,Finance,Mid,0.0536,0.00762,0.00106,-0.00656,99.34382,-0.00298,-0.01857
2027,Nigeria,NG,Accounting & bookkeeping,Finance,Mid,0.09502,0.01351,0.00196,-0.01155,98.84544,-0.00502,-0.03115
2028,Nigeria,NG,Accounting & bookkeeping,Finance,Mid,0.1593,0.02265,0.00355,-0.0191,98.09026,-0.00764,-0.0472
2029,Nigeria,NG,Accounting & bookkeeping,Finance,Mid,0.24627,0.03501,0.00614,-0.02887,97.11282,-0.00996,-0.06109
2030,Nigeria,NG,Accounting & bookkeeping,Finance,Mid,0.34443,0.04897,0.00992,-0.03905,96.0948,-0.01048,-0.06363
2026,United States,US,Accounting & bookkeeping,Finance,Senior,0.31272,0.01745,0.00692,-0.01053,98.94712,-0.0045,-0.04069
2027,United States,US,Accounting & bookkeeping,Finance,Senior,0.50443,0.02815,0.01389,-0.01426,98.57399,-0.00377,-0.03392
2028,United States,US,Accounting & bookkeeping,Finance,Senior,0.68352,0.03815,0.02438,-0.01377,98.62296,0.0005,0.00445
2029,United States,US,Accounting & bookkeeping,Finance,Senior,0.80581,0.04497,0.03598,-0.00899,99.10138,0.00485,0.04349
2030,United States,US,Accounting & bookkeeping,Finance,Senior,0.87252,0.04869,0.04518,-0.00351,99.64869,0.00552,0.04976
2026,Singapore,SG,Accounting & bookkeeping,Finance,Senior,0.2925,0.0169,0.00564,-0.01126,98.87405,-0.00533,-0.04814
2027,Singapore,SG,Accounting & bookkeeping,Finance,Senior,0.49636,0.02868,0.01205,-0.01662,98.33752,-0.00543,-0.04878
2028,Singapore,SG,Accounting & bookkeeping,Finance,Senior,0.69263,0.04002,0.02242,-0.0176,98.23988,-0.00099,-0.00888
2029,Singapore,SG,Accounting & bookkeeping,Finance,Senior,0.82532,0.04769,0.03447,-0.01322,98.67805,0.00446,0.03983
2030,Singapore,SG,Accounting & bookkeeping,Finance,Senior,0.89503,0.05171,0.0441,-0.00761,99.23891,0.00568,0.05099
2026,United Kingdom,UK,Accounting & bookkeeping,Finance,Senior,0.22387,0.01137,0.00425,-0.00712,99.28792,-0.00323,-0.02927
2027,United Kingdom,UK,Accounting & bookkeeping,Finance,Senior,0.38281,0.01945,0.00853,-0.01092,98.90802,-0.00383,-0.03454
2028,United Kingdom,UK,Accounting & bookkeeping,Finance,Senior,0.56215,0.02855,0.01555,-0.013,98.69983,-0.0021,-0.01893
2029,United Kingdom,UK,Accounting & bookkeeping,Finance,Senior,0.71203,0.03617,0.0247,-0.01147,98.85345,0.00156,0.01397
2030,United Kingdom,UK,Accounting & bookkeeping,Finance,Senior,0.80894,0.04109,0.03358,-0.00751,99.24875,0.004,0.03594
2026,Canada,CA,Accounting & bookkeeping,Finance,Senior,0.20074,0.0109,0.00377,-0.00713,99.28657,-0.00327,-0.02961
2027,Canada,CA,Accounting & bookkeeping,Finance,Senior,0.34658,0.01882,0.00749,-0.01133,98.86722,-0.00422,-0.03812
2028,Canada,CA,Accounting & bookkeeping,Finance,Senior,0.51964,0.02822,0.01371,-0.01451,98.54914,-0.00322,-0.02892
2029,Canada,CA,Accounting & bookkeeping,Finance,Senior,0.67388,0.03659,0.02212,-0.01447,98.55298,0.00004,0.00035
2030,Canada,CA,Accounting & bookkeeping,Finance,Senior,0.78002,0.04236,0.03079,-0.01157,98.84278,0.00294,0.02635
2026,United Arab Emirates,AE,Accounting & bookkeeping,Finance,Senior,0.17156,0.00889,0.00308,-0.00581,99.41947,-0.00288,-0.02612
2027,United Arab Emirates,AE,Accounting & bookkeeping,Finance,Senior,0.31516,0.01632,0.00662,-0.00971,99.02911,-0.00393,-0.03549
2028,United Arab Emirates,AE,Accounting & bookkeeping,Finance,Senior,0.49072,0.02542,0.01298,-0.01244,98.7562,-0.00276,-0.02481
2029,United Arab Emirates,AE,Accounting & bookkeeping,Finance,Senior,0.64406,0.03336,0.02204,-0.01132,98.86829,0.00114,0.01019
2030,United Arab Emirates,AE,Accounting & bookkeeping,Finance,Senior,0.74334,0.0385,0.03142,-0.00708,99.29183,0.00428,0.0385
2026,Australia,AU,Accounting & bookkeeping,Finance,Senior,0.18674,0.0093,0.00336,-0.00594,99.40648,-0.00274,-0.02486
2027,Australia,AU,Accounting & bookkeeping,Finance,Senior,0.32645,0.01625,0.00673,-0.00952,99.04758,-0.00361,-0.03263
2028,Australia,AU,Accounting & bookkeeping,Finance,Senior,0.49683,0.02473,0.01243,-0.0123,98.77023,-0.0028,-0.02521
2029,Australia,AU,Accounting & bookkeeping,Finance,Senior,0.65308,0.03251,0.02035,-0.01216,98.7841,0.00014,0.00126
2030,Australia,AU,Accounting & bookkeeping,Finance,Senior,0.7631,0.03799,0.02874,-0.00925,99.07529,0.00295,0.02647
2026,Germany,DE,Accounting & bookkeeping,Finance,Senior,0.18062,0.0072,0.00314,-0.00405,99.59457,-0.00174,-0.01581
2027,Germany,DE,Accounting & bookkeeping,Finance,Senior,0.30566,0.01218,0.00596,-0.00622,99.37772,-0.00218,-0.01971
2028,Germany,DE,Accounting & bookkeeping,Finance,Senior,0.46101,0.01837,0.01056,-0.00781,99.21888,-0.0016,-0.01444
2029,Germany,DE,Accounting & bookkeeping,Finance,Senior,0.61255,0.02441,0.01692,-0.00749,99.25134,0.00033,0.00295
2030,Germany,DE,Accounting & bookkeeping,Finance,Senior,0.72923,0.02906,0.02395,-0.00511,99.48881,0.00239,0.02159
2026,Japan,JP,Accounting & bookkeeping,Finance,Senior,0.16856,0.00623,0.00257,-0.00367,99.63343,-0.0016,-0.01455
2027,Japan,JP,Accounting & bookkeeping,Finance,Senior,0.28811,0.01065,0.00489,-0.00576,99.42365,-0.00211,-0.01907
2028,Japan,JP,Accounting & bookkeeping,Finance,Senior,0.44,0.01627,0.00873,-0.00753,99.24682,-0.00178,-0.01608
2029,Japan,JP,Accounting & bookkeeping,Finance,Senior,0.59189,0.02188,0.01416,-0.00772,99.22778,-0.00019,-0.00173
2030,Japan,JP,Accounting & bookkeeping,Finance,Senior,0.71144,0.0263,0.0203,-0.00601,99.39941,0.00173,0.0156
2026,India,IN,Accounting & bookkeeping,Finance,Senior,0.12095,0.0072,0.00226,-0.00494,99.50578,-0.00243,-0.02204
2027,India,IN,Accounting & bookkeeping,Finance,Senior,0.22322,0.0133,0.0047,-0.00859,99.14079,-0.00367,-0.03318
2028,India,IN,Accounting & bookkeeping,Finance,Senior,0.36,0.02144,0.00914,-0.01231,98.76911,-0.00375,-0.03379
2029,India,IN,Accounting & bookkeeping,Finance,Senior,0.49678,0.02959,0.01584,-0.01375,98.62461,-0.00146,-0.01314
2030,India,IN,Accounting & bookkeeping,Finance,Senior,0.59905,0.03568,0.02363,-0.01206,98.79436,0.00172,0.01543
2026,France,FR,Accounting & bookkeeping,Finance,Senior,0.16451,0.00676,0.00274,-0.00403,99.59734,-0.00174,-0.01574
2027,France,FR,Accounting & bookkeeping,Finance,Senior,0.2785,0.01145,0.00512,-0.00633,99.36745,-0.00231,-0.0209
2028,France,FR,Accounting & bookkeeping,Finance,Senior,0.42461,0.01746,0.00904,-0.00842,99.15846,-0.0021,-0.019
2029,France,FR,Accounting & bookkeeping,Finance,Senior,0.57419,0.02361,0.01457,-0.00903,99.09661,-0.00062,-0.00562
2030,France,FR,Accounting & bookkeeping,Finance,Senior,0.69594,0.02861,0.02093,-0.00768,99.23198,0.00137,0.01231
2026,Brazil,BR,Accounting & bookkeeping,Finance,Senior,0.09137,0.00482,0.00154,-0.00328,99.67176,-0.00151,-0.01375
2027,Brazil,BR,Accounting & bookkeeping,Finance,Senior,0.16352,0.00864,0.00297,-0.00567,99.43297,-0.0024,-0.02171
2028,Brazil,BR,Accounting & bookkeeping,Finance,Senior,0.26903,0.01421,0.00547,-0.00874,99.12632,-0.00308,-0.02788
2029,Brazil,BR,Accounting & bookkeeping,Finance,Senior,0.39586,0.0209,0.00942,-0.01148,98.85192,-0.00277,-0.02495
2030,Brazil,BR,Accounting & bookkeeping,Finance,Senior,0.51686,0.02729,0.0147,-0.01259,98.74055,-0.00113,-0.01012
2026,Nigeria,NG,Accounting & bookkeeping,Finance,Senior,0.0536,0.00349,0.00089,-0.0026,99.74005,-0.00117,-0.01064
2027,Nigeria,NG,Accounting & bookkeeping,Finance,Senior,0.09502,0.00619,0.00166,-0.00453,99.54655,-0.00194,-0.01759
2028,Nigeria,NG,Accounting & bookkeeping,Finance,Senior,0.1593,0.01038,0.003,-0.00738,99.2616,-0.00286,-0.0259
2029,Nigeria,NG,Accounting & bookkeeping,Finance,Senior,0.24627,0.01605,0.00518,-0.01087,98.91344,-0.00351,-0.03165
2030,Nigeria,NG,Accounting & bookkeeping,Finance,Senior,0.34443,0.02244,0.00837,-0.01408,98.59238,-0.00325,-0.02919
2026,United States,US,Accounting & bookkeeping,Finance,Lead / Executive,0.31272,0.00861,0.00532,-0.0033,99.67022,-0.00119,-0.01692
2027,United States,US,Accounting & bookkeeping,Finance,Lead / Executive,0.50443,0.01389,0.01066,-0.00323,99.67711,0.00007,0.00098
2028,United States,US,Accounting & bookkeeping,Finance,Lead / Executive,0.68352,0.01883,0.01871,-0.00011,99.98874,0.00313,0.04452
2029,United States,US,Accounting & bookkeeping,Finance,Lead / Executive,0.80581,0.02219,0.02762,0.00543,100.54311,0.00554,0.0792
2030,United States,US,Accounting & bookkeeping,Finance,Lead / Executive,0.87252,0.02403,0.03468,0.01065,101.06534,0.00519,0.07461
2026,Singapore,SG,Accounting & bookkeeping,Finance,Lead / Executive,0.2925,0.00834,0.00433,-0.00401,99.59899,-0.00174,-0.02481
2027,Singapore,SG,Accounting & bookkeeping,Finance,Lead / Executive,0.49636,0.01415,0.00925,-0.0049,99.51006,-0.00089,-0.0127
2028,Singapore,SG,Accounting & bookkeeping,Finance,Lead / Executive,0.69263,0.01975,0.01721,-0.00254,99.74603,0.00237,0.03371
2029,Singapore,SG,Accounting & bookkeeping,Finance,Lead / Executive,0.82532,0.02353,0.02646,0.00293,100.2926,0.00548,0.07808
2030,Singapore,SG,Accounting & bookkeeping,Finance,Lead / Executive,0.89503,0.02552,0.03386,0.00834,100.83359,0.00539,0.07728
2026,United Kingdom,UK,Accounting & bookkeeping,Finance,Lead / Executive,0.22387,0.00561,0.00326,-0.00235,99.76513,-0.00098,-0.01392
2027,United Kingdom,UK,Accounting & bookkeeping,Finance,Lead / Executive,0.38281,0.0096,0.00654,-0.00305,99.69484,-0.0007,-0.01004
2028,United Kingdom,UK,Accounting & bookkeeping,Finance,Lead / Executive,0.56215,0.01409,0.01194,-0.00215,99.78477,0.0009,0.01285
2029,United Kingdom,UK,Accounting & bookkeeping,Finance,Lead / Executive,0.71203,0.01785,0.01896,0.00111,100.11143,0.00327,0.04667
2030,United Kingdom,UK,Accounting & bookkeeping,Finance,Lead / Executive,0.80894,0.02028,0.02578,0.0055,100.54986,0.00438,0.06263
2026,Canada,CA,Accounting & bookkeeping,Finance,Lead / Executive,0.20074,0.00538,0.00289,-0.00249,99.75119,-0.00107,-0.01529
2027,Canada,CA,Accounting & bookkeeping,Finance,Lead / Executive,0.34658,0.00929,0.00575,-0.00354,99.6464,-0.00105,-0.01497
2028,Canada,CA,Accounting & bookkeeping,Finance,Lead / Executive,0.51964,0.01393,0.01052,-0.0034,99.65987,0.00014,0.00192
2029,Canada,CA,Accounting & bookkeeping,Finance,Lead / Executive,0.67388,0.01806,0.01698,-0.00108,99.89247,0.00233,0.03323
2030,Canada,CA,Accounting & bookkeeping,Finance,Lead / Executive,0.78002,0.0209,0.02363,0.00273,100.27297,0.00381,0.05436
2026,United Arab Emirates,AE,Accounting & bookkeeping,Finance,Lead / Executive,0.17156,0.00439,0.00237,-0.00202,99.79798,-0.00095,-0.01355
2027,United Arab Emirates,AE,Accounting & bookkeeping,Finance,Lead / Executive,0.31516,0.00806,0.00508,-0.00298,99.70225,-0.00096,-0.01368
2028,United Arab Emirates,AE,Accounting & bookkeeping,Finance,Lead / Executive,0.49072,0.01254,0.00996,-0.00258,99.74205,0.0004,0.00569
2029,United Arab Emirates,AE,Accounting & bookkeeping,Finance,Lead / Executive,0.64406,0.01646,0.01692,0.00046,100.04587,0.00305,0.0434
2030,United Arab Emirates,AE,Accounting & bookkeeping,Finance,Lead / Executive,0.74334,0.019,0.02412,0.00512,100.51201,0.00466,0.06659
2026,Australia,AU,Accounting & bookkeeping,Finance,Lead / Executive,0.18674,0.00459,0.00258,-0.00201,99.79923,-0.00087,-0.01241
2027,Australia,AU,Accounting & bookkeeping,Finance,Lead / Executive,0.32645,0.00802,0.00516,-0.00286,99.71438,-0.00085,-0.01212
2028,Australia,AU,Accounting & bookkeeping,Finance,Lead / Executive,0.49683,0.01221,0.00955,-0.00266,99.73401,0.0002,0.0028
2029,Australia,AU,Accounting & bookkeeping,Finance,Lead / Executive,0.65308,0.01604,0.01562,-0.00042,99.95792,0.00225,0.03199
2030,Australia,AU,Accounting & bookkeeping,Finance,Lead / Executive,0.7631,0.01875,0.02206,0.00332,100.3316,0.00374,0.05338
2026,Germany,DE,Accounting & bookkeeping,Finance,Lead / Executive,0.18062,0.00355,0.00241,-0.00114,99.88609,-0.00043,-0.00619
2027,Germany,DE,Accounting & bookkeeping,Finance,Lead / Executive,0.30566,0.00601,0.00457,-0.00144,99.85623,-0.0003,-0.00427
2028,Germany,DE,Accounting & bookkeeping,Finance,Lead / Executive,0.46101,0.00907,0.00811,-0.00096,99.90401,0.00048,0.00683
2029,Germany,DE,Accounting & bookkeeping,Finance,Lead / Executive,0.61255,0.01205,0.01299,0.00094,100.09448,0.00191,0.02721
2030,Germany,DE,Accounting & bookkeeping,Finance,Lead / Executive,0.72923,0.01434,0.01838,0.00404,100.40425,0.00309,0.04425
2026,Japan,JP,Accounting & bookkeeping,Finance,Lead / Executive,0.16856,0.00308,0.00197,-0.00111,99.88944,-0.00044,-0.00632
2027,Japan,JP,Accounting & bookkeeping,Finance,Lead / Executive,0.28811,0.00526,0.00375,-0.0015,99.84957,-0.0004,-0.0057
2028,Japan,JP,Accounting & bookkeeping,Finance,Lead / Executive,0.44,0.00803,0.00671,-0.00132,99.86777,0.00018,0.0026
2029,Japan,JP,Accounting & bookkeeping,Finance,Lead / Executive,0.59189,0.0108,0.01087,0.00007,100.00711,0.0014,0.01991
2030,Japan,JP,Accounting & bookkeeping,Finance,Lead / Executive,0.71144,0.01298,0.01558,0.0026,100.26003,0.00253,0.03613
2026,India,IN,Accounting & bookkeeping,Finance,Lead / Executive,0.12095,0.00356,0.00174,-0.00182,99.81813,-0.00086,-0.01234
2027,India,IN,Accounting & bookkeeping,Finance,Lead / Executive,0.22322,0.00656,0.00361,-0.00295,99.70496,-0.00113,-0.01617
2028,India,IN,Accounting & bookkeeping,Finance,Lead / Executive,0.36,0.01058,0.00701,-0.00357,99.64301,-0.00062,-0.00885
2029,India,IN,Accounting & bookkeeping,Finance,Lead / Executive,0.49678,0.0146,0.01216,-0.00245,99.75547,0.00113,0.01607
2030,India,IN,Accounting & bookkeeping,Finance,Lead / Executive,0.59905,0.01761,0.01814,0.00053,100.05282,0.00298,0.04248
2026,France,FR,Accounting & bookkeeping,Finance,Lead / Executive,0.16451,0.00334,0.0021,-0.00124,99.87632,-0.00049,-0.00702
2027,France,FR,Accounting & bookkeeping,Finance,Lead / Executive,0.2785,0.00565,0.00393,-0.00172,99.82833,-0.00048,-0.00686
2028,France,FR,Accounting & bookkeeping,Finance,Lead / Executive,0.42461,0.00861,0.00694,-0.00167,99.83258,0.00004,0.00061
2029,France,FR,Accounting & bookkeeping,Finance,Lead / Executive,0.57419,0.01165,0.01119,-0.00046,99.95371,0.00121,0.0173
2030,France,FR,Accounting & bookkeeping,Finance,Lead / Executive,0.69594,0.01412,0.01607,0.00195,100.19486,0.00241,0.03445
2026,Brazil,BR,Accounting & bookkeeping,Finance,Lead / Executive,0.09137,0.00238,0.00118,-0.0012,99.8803,-0.00054,-0.00769
2027,Brazil,BR,Accounting & bookkeeping,Finance,Lead / Executive,0.16352,0.00426,0.00228,-0.00199,99.80146,-0.00079,-0.01126
2028,Brazil,BR,Accounting & bookkeeping,Finance,Lead / Executive,0.26903,0.00701,0.0042,-0.00281,99.71881,-0.00083,-0.01181
2029,Brazil,BR,Accounting & bookkeeping,Finance,Lead / Executive,0.39586,0.01032,0.00723,-0.00308,99.69179,-0.00027,-0.00386
2030,Brazil,BR,Accounting & bookkeeping,Finance,Lead / Executive,0.51686,0.01347,0.01129,-0.00219,99.7815,0.0009,0.01281
2026,Nigeria,NG,Accounting & bookkeeping,Finance,Lead / Executive,0.0536,0.00172,0.00069,-0.00104,99.8962,-0.00046,-0.00661
2027,Nigeria,NG,Accounting & bookkeeping,Finance,Lead / Executive,0.09502,0.00306,0.00127,-0.00178,99.82167,-0.00075,-0.01065
2028,Nigeria,NG,Accounting & bookkeeping,Finance,Lead / Executive,0.1593,0.00512,0.0023,-0.00282,99.71776,-0.00104,-0.01484
2029,Nigeria,NG,Accounting & bookkeeping,Finance,Lead / Executive,0.24627,0.00792,0.00398,-0.00394,99.60586,-0.00112,-0.01599
2030,Nigeria,NG,Accounting & bookkeeping,Finance,Lead / Executive,0.34443,0.01108,0.00642,-0.00465,99.53477,-0.00071,-0.01016
2026,United States,US,Translation & localisation,Media & creative,Entry,0.31272,0.25028,0.0061,-0.24418,75.5824,-0.13156,-0.32715
2027,United States,US,Translation & localisation,Media & creative,Entry,0.50443,0.4037,0.01224,-0.39146,60.85379,-0.19487,-0.42082
2028,United States,US,Translation & localisation,Media & creative,Entry,0.68352,0.54704,0.02148,-0.52555,47.44454,-0.22035,-0.38312
2029,United States,US,Translation & localisation,Media & creative,Entry,0.80581,0.6449,0.03171,-0.61319,38.68116,-0.18471,-0.25038
2030,United States,US,Translation & localisation,Media & creative,Entry,0.87252,0.6983,0.03982,-0.65848,34.15218,-0.11708,-0.1294
2026,Singapore,SG,Translation & localisation,Media & creative,Entry,0.2925,0.24236,0.00497,-0.23739,76.26113,-0.13496,-0.33993
2027,Singapore,SG,Translation & localisation,Media & creative,Entry,0.49636,0.41128,0.01062,-0.40066,59.93432,-0.21409,-0.46648
2028,Singapore,SG,Translation & localisation,Media & creative,Entry,0.69263,0.57391,0.01976,-0.55415,44.58468,-0.25611,-0.43856
2029,Singapore,SG,Translation & localisation,Media & creative,Entry,0.82532,0.68385,0.03038,-0.65348,34.65236,-0.22277,-0.28378
2030,Singapore,SG,Translation & localisation,Media & creative,Entry,0.89503,0.74161,0.03887,-0.70274,29.72559,-0.14218,-0.14076
2026,United Kingdom,UK,Translation & localisation,Media & creative,Entry,0.22387,0.16307,0.00375,-0.15933,84.06717,-0.08325,-0.21812
2027,United Kingdom,UK,Translation & localisation,Media & creative,Entry,0.38281,0.27885,0.00751,-0.27134,72.86584,-0.13324,-0.32004
2028,United Kingdom,UK,Translation & localisation,Media & creative,Entry,0.56215,0.40949,0.01371,-0.39578,60.42177,-0.17078,-0.35554
2029,United Kingdom,UK,Translation & localisation,Media & creative,Entry,0.71203,0.51867,0.02177,-0.4969,50.31043,-0.16735,-0.2889
2030,United Kingdom,UK,Translation & localisation,Media & creative,Entry,0.80894,0.58926,0.02959,-0.55967,44.0334,-0.12477,-0.17934
2026,Canada,CA,Translation & localisation,Media & creative,Entry,0.20074,0.15633,0.00332,-0.15301,84.69915,-0.07944,-0.20884
2027,Canada,CA,Translation & localisation,Media & creative,Entry,0.34658,0.2699,0.0066,-0.2633,73.6703,-0.13021,-0.31511
2028,Canada,CA,Translation & localisation,Media & creative,Entry,0.51964,0.40467,0.01208,-0.39259,60.74147,-0.1755,-0.3694
2029,Canada,CA,Translation & localisation,Media & creative,Entry,0.67388,0.52479,0.0195,-0.50529,49.47107,-0.18555,-0.32201
2030,Canada,CA,Translation & localisation,Media & creative,Entry,0.78002,0.60744,0.02713,-0.58031,41.96888,-0.15165,-0.21435
2026,United Arab Emirates,AE,Translation & localisation,Media & creative,Entry,0.17156,0.12744,0.00272,-0.12472,87.52776,-0.06838,-0.18356
2027,United Arab Emirates,AE,Translation & localisation,Media & creative,Entry,0.31516,0.23411,0.00583,-0.22828,77.17247,-0.11831,-0.29587
2028,United Arab Emirates,AE,Translation & localisation,Media & creative,Entry,0.49072,0.36451,0.01144,-0.35307,64.69277,-0.16171,-0.35656
2029,United Arab Emirates,AE,Translation & localisation,Media & creative,Entry,0.64406,0.47842,0.01943,-0.45899,54.10112,-0.16372,-0.30262
2030,United Arab Emirates,AE,Translation & localisation,Media & creative,Entry,0.74334,0.55216,0.02769,-0.52447,47.55286,-0.12104,-0.18709
2026,Australia,AU,Translation & localisation,Media & creative,Entry,0.18674,0.13331,0.00296,-0.13035,86.96537,-0.06737,-0.17948
2027,Australia,AU,Translation & localisation,Media & creative,Entry,0.32645,0.23304,0.00593,-0.22711,77.28898,-0.11127,-0.27647
2028,Australia,AU,Translation & localisation,Media & creative,Entry,0.49683,0.35467,0.01096,-0.34371,65.62899,-0.15086,-0.33314
2029,Australia,AU,Translation & localisation,Media & creative,Entry,0.65308,0.46621,0.01794,-0.44828,55.17221,-0.15933,-0.29877
2030,Australia,AU,Translation & localisation,Media & creative,Entry,0.7631,0.54475,0.02533,-0.51942,48.05774,-0.12895,-0.20327
2026,Germany,DE,Translation & localisation,Media & creative,Entry,0.18062,0.10321,0.00277,-0.10044,89.95574,-0.04842,-0.13077
2027,Germany,DE,Translation & localisation,Media & creative,Entry,0.30566,0.17467,0.00525,-0.16942,83.05836,-0.07668,-0.19707
2028,Germany,DE,Translation & localisation,Media & creative,Entry,0.46101,0.26344,0.00931,-0.25413,74.58659,-0.102,-0.24205
2029,Germany,DE,Translation & localisation,Media & creative,Entry,0.61255,0.35003,0.01491,-0.33512,66.48788,-0.10858,-0.23139
2030,Germany,DE,Translation & localisation,Media & creative,Entry,0.72923,0.41671,0.0211,-0.3956,60.43959,-0.09097,-0.17281
2026,Japan,JP,Translation & localisation,Media & creative,Entry,0.16856,0.08936,0.00226,-0.0871,91.28991,-0.04198,-0.1143
2027,Japan,JP,Translation & localisation,Media & creative,Entry,0.28811,0.15274,0.00431,-0.14843,85.15678,-0.06718,-0.17523
2028,Japan,JP,Translation & localisation,Media & creative,Entry,0.44,0.23327,0.0077,-0.22557,77.44313,-0.09058,-0.22039
2029,Japan,JP,Translation & localisation,Media & creative,Entry,0.59189,0.31379,0.01248,-0.30131,69.86855,-0.09781,-0.21642
2030,Japan,JP,Translation & localisation,Media & creative,Entry,0.71144,0.37717,0.01789,-0.35928,64.07155,-0.08297,-0.16563
2026,India,IN,Translation & localisation,Media & creative,Entry,0.12095,0.10332,0.00199,-0.10132,89.86773,-0.05379,-0.14598
2027,India,IN,Translation & localisation,Media & creative,Entry,0.22322,0.19068,0.00415,-0.18653,81.34659,-0.09482,-0.24346
2028,India,IN,Translation & localisation,Media & creative,Entry,0.36,0.30752,0.00805,-0.29947,70.05277,-0.13884,-0.32268
2029,India,IN,Translation & localisation,Media & creative,Entry,0.49678,0.42437,0.01396,-0.41041,58.95917,-0.15836,-0.31696
2030,India,IN,Translation & localisation,Media & creative,Entry,0.59905,0.51173,0.02082,-0.49091,50.90929,-0.13653,-0.23
2026,France,FR,Translation & localisation,Media & creative,Entry,0.16451,0.09699,0.00241,-0.09458,90.54212,-0.04499,-0.12187
2027,France,FR,Translation & localisation,Media & creative,Entry,0.2785,0.1642,0.00452,-0.15968,84.03184,-0.0719,-0.18601
2028,France,FR,Translation & localisation,Media & creative,Entry,0.42461,0.25034,0.00797,-0.24237,75.76306,-0.0984,-0.23625
2029,France,FR,Translation & localisation,Media & creative,Entry,0.57419,0.33853,0.01284,-0.32569,67.4314,-0.10997,-0.23805
2030,France,FR,Translation & localisation,Media & creative,Entry,0.69594,0.41031,0.01845,-0.39186,60.81379,-0.09814,-0.18907
2026,Brazil,BR,Translation & localisation,Media & creative,Entry,0.09137,0.06919,0.00136,-0.06783,93.21676,-0.03308,-0.09111
2027,Brazil,BR,Translation & localisation,Media & creative,Entry,0.16352,0.12384,0.00261,-0.12122,87.87778,-0.05727,-0.15254
2028,Brazil,BR,Translation & localisation,Media & creative,Entry,0.26903,0.20373,0.00482,-0.19891,80.10863,-0.08841,-0.22198
2029,Brazil,BR,Translation & localisation,Media & creative,Entry,0.39586,0.29979,0.00831,-0.29148,70.85196,-0.11555,-0.26448
2030,Brazil,BR,Translation & localisation,Media & creative,Entry,0.51686,0.39142,0.01296,-0.37847,62.15307,-0.12278,-0.24854
2026,Nigeria,NG,Translation & localisation,Media & creative,Entry,0.0536,0.05009,0.00079,-0.0493,95.07006,-0.02304,-0.06407
2027,Nigeria,NG,Translation & localisation,Media & creative,Entry,0.09502,0.0888,0.00146,-0.08734,91.26614,-0.04001,-0.10868
2028,Nigeria,NG,Translation & localisation,Media & creative,Entry,0.1593,0.14887,0.00264,-0.14623,85.37734,-0.06452,-0.16825
2029,Nigeria,NG,Translation & localisation,Media & creative,Entry,0.24627,0.23014,0.00457,-0.22557,77.44296,-0.09293,-0.2267
2030,Nigeria,NG,Translation & localisation,Media & creative,Entry,0.34443,0.32187,0.00738,-0.31449,68.55061,-0.11482,-0.25407
2026,United States,US,Translation & localisation,Media & creative,Junior,0.31272,0.13236,0.00918,-0.12318,87.6818,-0.06138,-0.23893
2027,United States,US,Translation & localisation,Media & creative,Junior,0.50443,0.2135,0.01841,-0.19509,80.49135,-0.08201,-0.2996
2028,United States,US,Translation & localisation,Media & creative,Junior,0.68352,0.2893,0.03231,-0.25699,74.30087,-0.07691,-0.25794
2029,United States,US,Translation & localisation,Media & creative,Junior,0.80581,0.34105,0.04769,-0.29336,70.66391,-0.04895,-0.15154
2030,United States,US,Translation & localisation,Media & creative,Junior,0.87252,0.36929,0.05988,-0.30941,69.05903,-0.02271,-0.06687
2026,Singapore,SG,Translation & localisation,Media & creative,Junior,0.2925,0.12817,0.00748,-0.12069,87.9305,-0.06405,-0.25072
2027,Singapore,SG,Translation & localisation,Media & creative,Junior,0.49636,0.2175,0.01598,-0.20153,79.84729,-0.09193,-0.3368
2028,Singapore,SG,Translation & localisation,Media & creative,Junior,0.69263,0.30351,0.02971,-0.2738,72.6203,-0.09051,-0.30112
2029,Singapore,SG,Translation & localisation,Media & creative,Junior,0.82532,0.36165,0.04568,-0.31597,68.40293,-0.05807,-0.17572
2030,Singapore,SG,Translation & localisation,Media & creative,Junior,0.89503,0.3922,0.05845,-0.33375,66.62548,-0.02598,-0.07406
2026,United Kingdom,UK,Translation & localisation,Media & creative,Junior,0.22387,0.08624,0.00563,-0.08061,91.93926,-0.04014,-0.1602
2027,United Kingdom,UK,Translation & localisation,Media & creative,Junior,0.38281,0.14747,0.0113,-0.13617,86.38279,-0.06044,-0.23152
2028,United Kingdom,UK,Translation & localisation,Media & creative,Junior,0.56215,0.21656,0.02061,-0.19594,80.40568,-0.06919,-0.24905
2029,United Kingdom,UK,Translation & localisation,Media & creative,Junior,0.71203,0.27429,0.03274,-0.24155,75.84454,-0.05673,-0.19005
2030,United Kingdom,UK,Translation & localisation,Media & creative,Junior,0.80894,0.31163,0.0445,-0.26712,73.28764,-0.03371,-0.10654
2026,Canada,CA,Translation & localisation,Media & creative,Junior,0.20074,0.08267,0.00499,-0.07768,92.23189,-0.03854,-0.15404
2027,Canada,CA,Translation & localisation,Media & creative,Junior,0.34658,0.14274,0.00993,-0.1328,86.71952,-0.05977,-0.22968
2028,Canada,CA,Translation & localisation,Media & creative,Junior,0.51964,0.21401,0.01817,-0.19584,80.41637,-0.07268,-0.26263
2029,Canada,CA,Translation & localisation,Media & creative,Junior,0.67388,0.27753,0.02932,-0.24821,75.17913,-0.06513,-0.21822
2030,Canada,CA,Translation & localisation,Media & creative,Junior,0.78002,0.32124,0.0408,-0.28044,71.95594,-0.04287,-0.1343
2026,United Arab Emirates,AE,Translation & localisation,Media & creative,Junior,0.17156,0.06739,0.00408,-0.06331,93.66888,-0.03354,-0.13544
2027,United Arab Emirates,AE,Translation & localisation,Media & creative,Junior,0.31516,0.12381,0.00877,-0.11504,88.49625,-0.05522,-0.21553
2028,United Arab Emirates,AE,Translation & localisation,Media & creative,Junior,0.49072,0.19277,0.0172,-0.17557,82.44331,-0.0684,-0.25221
2029,United Arab Emirates,AE,Translation & localisation,Media & creative,Junior,0.64406,0.25301,0.02922,-0.22379,77.6208,-0.05849,-0.20094
2030,United Arab Emirates,AE,Translation & localisation,Media & creative,Junior,0.74334,0.29201,0.04165,-0.25036,74.96364,-0.03423,-0.11072
2026,Australia,AU,Translation & localisation,Media & creative,Junior,0.18674,0.0705,0.00445,-0.06605,93.39547,-0.03284,-0.13214
2027,Australia,AU,Translation & localisation,Media & creative,Junior,0.32645,0.12324,0.00891,-0.11433,88.56734,-0.0517,-0.20117
2028,Australia,AU,Translation & localisation,Media & creative,Junior,0.49683,0.18756,0.01648,-0.17109,82.89149,-0.06409,-0.23649
2029,Australia,AU,Translation & localisation,Media & creative,Junior,0.65308,0.24656,0.02697,-0.21958,78.04178,-0.05851,-0.20207
2030,Australia,AU,Translation & localisation,Media & creative,Junior,0.7631,0.28809,0.03809,-0.25,75.00014,-0.03897,-0.12673
2026,Germany,DE,Translation & localisation,Media & creative,Junior,0.18062,0.05458,0.00417,-0.05042,94.95821,-0.02352,-0.09531
2027,Germany,DE,Translation & localisation,Media & creative,Junior,0.30566,0.09237,0.0079,-0.08448,91.55238,-0.03587,-0.14191
2028,Germany,DE,Translation & localisation,Media & creative,Junior,0.46101,0.13932,0.01399,-0.12532,87.46756,-0.04462,-0.1702
2029,Germany,DE,Translation & localisation,Media & creative,Junior,0.61255,0.18511,0.02243,-0.16269,83.73137,-0.04272,-0.15567
2030,Germany,DE,Translation & localisation,Media & creative,Junior,0.72923,0.22037,0.03174,-0.18864,81.13633,-0.03099,-0.10813
2026,Japan,JP,Translation & localisation,Media & creative,Junior,0.16856,0.04726,0.0034,-0.04386,95.61418,-0.02056,-0.08362
2027,Japan,JP,Translation & localisation,Media & creative,Junior,0.28811,0.08078,0.00648,-0.0743,92.57019,-0.03184,-0.12683
2028,Japan,JP,Translation & localisation,Media & creative,Junior,0.44,0.12336,0.01158,-0.11179,88.82144,-0.0405,-0.1562
2029,Japan,JP,Translation & localisation,Media & creative,Junior,0.59189,0.16595,0.01877,-0.14718,85.28182,-0.03985,-0.14748
2030,Japan,JP,Translation & localisation,Media & creative,Junior,0.71144,0.19947,0.0269,-0.17257,82.74334,-0.02977,-0.10577
2026,India,IN,Translation & localisation,Media & creative,Junior,0.12095,0.05464,0.003,-0.05164,94.83599,-0.02666,-0.10824
2027,India,IN,Translation & localisation,Media & creative,Junior,0.22322,0.10084,0.00624,-0.09461,90.53947,-0.0453,-0.17902
2028,India,IN,Translation & localisation,Media & creative,Junior,0.36,0.16263,0.01211,-0.15052,84.94753,-0.06176,-0.233
2029,India,IN,Translation & localisation,Media & creative,Junior,0.49678,0.22442,0.02099,-0.20343,79.6567,-0.06228,-0.22045
2030,India,IN,Translation & localisation,Media & creative,Junior,0.59905,0.27063,0.03132,-0.23931,76.06892,-0.04504,-0.14949
2026,France,FR,Translation & localisation,Media & creative,Junior,0.16451,0.05129,0.00363,-0.04767,95.23341,-0.022,-0.08925
2027,France,FR,Translation & localisation,Media & creative,Junior,0.2785,0.08684,0.00679,-0.08004,91.99564,-0.034,-0.13491
2028,France,FR,Translation & localisation,Media & creative,Junior,0.42461,0.13239,0.01198,-0.12041,87.95931,-0.04388,-0.16818
2029,France,FR,Translation & localisation,Media & creative,Junior,0.57419,0.17903,0.01931,-0.15972,84.02844,-0.04469,-0.16379
2030,France,FR,Translation & localisation,Media & creative,Junior,0.69594,0.21699,0.02774,-0.18925,81.07519,-0.03515,-0.12305
2026,Brazil,BR,Translation & localisation,Media & creative,Junior,0.09137,0.03659,0.00204,-0.03455,96.54526,-0.01651,-0.06755
2027,Brazil,BR,Translation & localisation,Media & creative,Junior,0.16352,0.06549,0.00393,-0.06156,93.844,-0.02798,-0.11255
2028,Brazil,BR,Translation & localisation,Media & creative,Junior,0.26903,0.10774,0.00725,-0.10049,89.95058,-0.04149,-0.16223
2029,Brazil,BR,Translation & localisation,Media & creative,Junior,0.39586,0.15854,0.01249,-0.14605,85.39497,-0.05065,-0.18982
2030,Brazil,BR,Translation & localisation,Media & creative,Junior,0.51686,0.207,0.01948,-0.18752,81.24801,-0.04856,-0.17279
2026,Nigeria,NG,Translation & localisation,Media & creative,Junior,0.0536,0.02649,0.00118,-0.0253,97.46957,-0.01166,-0.04791
2027,Nigeria,NG,Translation & localisation,Media & creative,Junior,0.09502,0.04696,0.0022,-0.04476,95.52358,-0.01997,-0.08108
2028,Nigeria,NG,Translation & localisation,Media & creative,Junior,0.1593,0.07873,0.00397,-0.07476,92.52439,-0.0314,-0.12497
2029,Nigeria,NG,Translation & localisation,Media & creative,Junior,0.24627,0.12171,0.00687,-0.11484,88.51612,-0.04332,-0.16701
2030,Nigeria,NG,Translation & localisation,Media & creative,Junior,0.34443,0.17022,0.01109,-0.15913,84.08723,-0.05003,-0.18454
2026,United States,US,Translation & localisation,Media & creative,Mid,0.31272,0.05054,0.01049,-0.04005,95.99505,-0.01853,-0.11327
2027,United States,US,Translation & localisation,Media & creative,Mid,0.50443,0.08152,0.02104,-0.06048,93.95239,-0.02128,-0.12767
2028,United States,US,Translation & localisation,Media & creative,Mid,0.68352,0.11046,0.03692,-0.07354,92.64629,-0.0139,-0.08163
2029,United States,US,Translation & localisation,Media & creative,Mid,0.80581,0.13022,0.05451,-0.07571,92.42853,-0.00235,-0.01361
2030,United States,US,Translation & localisation,Media & creative,Mid,0.87252,0.141,0.06844,-0.07257,92.74336,0.00341,0.01968
2026,Singapore,SG,Translation & localisation,Media & creative,Mid,0.2925,0.04894,0.00854,-0.04039,95.96061,-0.02017,-0.12344
2027,Singapore,SG,Translation & localisation,Media & creative,Mid,0.49636,0.08305,0.01826,-0.06479,93.52124,-0.02542,-0.15246
2028,Singapore,SG,Translation & localisation,Media & creative,Mid,0.69263,0.11589,0.03396,-0.08193,91.80724,-0.01833,-0.10712
2029,Singapore,SG,Translation & localisation,Media & creative,Mid,0.82532,0.13809,0.05221,-0.08588,91.41222,-0.0043,-0.02469
2030,Singapore,SG,Translation & localisation,Media & creative,Mid,0.89503,0.14975,0.0668,-0.08294,91.70553,0.00321,0.01833
2026,United Kingdom,UK,Translation & localisation,Media & creative,Mid,0.22387,0.03293,0.00644,-0.02649,97.35102,-0.0126,-0.07762
2027,United Kingdom,UK,Translation & localisation,Media & creative,Mid,0.38281,0.05631,0.01291,-0.04339,95.66062,-0.01736,-0.10565
2028,United Kingdom,UK,Translation & localisation,Media & creative,Mid,0.56215,0.08269,0.02356,-0.05913,94.08729,-0.01645,-0.09833
2029,United Kingdom,UK,Translation & localisation,Media & creative,Mid,0.71203,0.10473,0.03742,-0.06731,93.26862,-0.0087,-0.05117
2030,United Kingdom,UK,Translation & localisation,Media & creative,Mid,0.80894,0.11898,0.05086,-0.06812,93.18759,-0.00087,-0.00506
2026,Canada,CA,Translation & localisation,Media & creative,Mid,0.20074,0.03157,0.00571,-0.02586,97.41394,-0.01231,-0.07587
2027,Canada,CA,Translation & localisation,Media & creative,Mid,0.34658,0.0545,0.01135,-0.04315,95.68506,-0.01775,-0.10806
2028,Canada,CA,Translation & localisation,Media & creative,Mid,0.51964,0.08171,0.02077,-0.06095,93.90547,-0.0186,-0.11122
2029,Canada,CA,Translation & localisation,Media & creative,Mid,0.67388,0.10597,0.03351,-0.07245,92.75454,-0.01226,-0.07193
2030,Canada,CA,Translation & localisation,Media & creative,Mid,0.78002,0.12266,0.04663,-0.07602,92.39754,-0.00385,-0.02231
2026,United Arab Emirates,AE,Translation & localisation,Media & creative,Mid,0.17156,0.02573,0.00467,-0.02107,97.89345,-0.0108,-0.06678
2027,United Arab Emirates,AE,Translation & localisation,Media & creative,Mid,0.31516,0.04727,0.01002,-0.03725,96.27497,-0.01653,-0.10115
2028,United Arab Emirates,AE,Translation & localisation,Media & creative,Mid,0.49072,0.0736,0.01966,-0.05394,94.6058,-0.01734,-0.10432
2029,United Arab Emirates,AE,Translation & localisation,Media & creative,Mid,0.64406,0.0966,0.03339,-0.06321,93.6787,-0.0098,-0.05794
2030,United Arab Emirates,AE,Translation & localisation,Media & creative,Mid,0.74334,0.11149,0.0476,-0.0639,93.61006,-0.00073,-0.00429
2026,Australia,AU,Translation & localisation,Media & creative,Mid,0.18674,0.02692,0.00509,-0.02183,97.81724,-0.01046,-0.06463
2027,Australia,AU,Translation & localisation,Media & creative,Mid,0.32645,0.04706,0.01019,-0.03687,96.31323,-0.01538,-0.094
2028,Australia,AU,Translation & localisation,Media & creative,Mid,0.49683,0.07162,0.01883,-0.05278,94.72184,-0.01652,-0.09946
2029,Australia,AU,Translation & localisation,Media & creative,Mid,0.65308,0.09414,0.03083,-0.06331,93.66869,-0.01112,-0.06582
2030,Australia,AU,Translation & localisation,Media & creative,Mid,0.7631,0.11,0.04353,-0.06647,93.35344,-0.00337,-0.0197
2026,Germany,DE,Translation & localisation,Media & creative,Mid,0.18062,0.02084,0.00476,-0.01608,98.39197,-0.00724,-0.04483
2027,Germany,DE,Translation & localisation,Media & creative,Mid,0.30566,0.03527,0.00902,-0.02625,97.37541,-0.01033,-0.06353
2028,Germany,DE,Translation & localisation,Media & creative,Mid,0.46101,0.05319,0.01599,-0.0372,96.27993,-0.01125,-0.06847
2029,Germany,DE,Translation & localisation,Media & creative,Mid,0.61255,0.07068,0.02563,-0.04505,95.4952,-0.00815,-0.04905
2030,Germany,DE,Translation & localisation,Media & creative,Mid,0.72923,0.08414,0.03627,-0.04787,95.21284,-0.00296,-0.01765
2026,Japan,JP,Translation & localisation,Media & creative,Mid,0.16856,0.01804,0.00389,-0.01416,98.58421,-0.00643,-0.0399
2027,Japan,JP,Translation & localisation,Media & creative,Mid,0.28811,0.03084,0.0074,-0.02344,97.65614,-0.00941,-0.058
2028,Japan,JP,Translation & localisation,Media & creative,Mid,0.44,0.0471,0.01323,-0.03387,96.61282,-0.01068,-0.06521
2029,Japan,JP,Translation & localisation,Media & creative,Mid,0.59189,0.06336,0.02145,-0.04191,95.80853,-0.00832,-0.05027
2030,Japan,JP,Translation & localisation,Media & creative,Mid,0.71144,0.07616,0.03074,-0.04542,95.45817,-0.00366,-0.0219
2026,India,IN,Translation & localisation,Media & creative,Mid,0.12095,0.02086,0.00343,-0.01744,98.25648,-0.00877,-0.05435
2027,India,IN,Translation & localisation,Media & creative,Mid,0.22322,0.0385,0.00713,-0.03138,96.86232,-0.01419,-0.08714
2028,India,IN,Translation & localisation,Media & creative,Mid,0.36,0.0621,0.01384,-0.04826,95.17414,-0.01743,-0.10551
2029,India,IN,Translation & localisation,Media & creative,Mid,0.49678,0.08569,0.02399,-0.0617,93.83009,-0.01412,-0.084
2030,India,IN,Translation & localisation,Media & creative,Mid,0.59905,0.10333,0.03579,-0.06754,93.24591,-0.00623,-0.03651
2026,France,FR,Translation & localisation,Media & creative,Mid,0.16451,0.01958,0.00415,-0.01544,98.45608,-0.0069,-0.04276
2027,France,FR,Translation & localisation,Media & creative,Mid,0.2785,0.03316,0.00776,-0.02539,97.46067,-0.01011,-0.06221
2028,France,FR,Translation & localisation,Media & creative,Mid,0.42461,0.05055,0.01369,-0.03685,96.3146,-0.01176,-0.07163
2029,France,FR,Translation & localisation,Media & creative,Mid,0.57419,0.06836,0.02207,-0.04628,95.37164,-0.00979,-0.05893
2030,France,FR,Translation & localisation,Media & creative,Mid,0.69594,0.08285,0.03171,-0.05115,94.88544,-0.0051,-0.03039
2026,Brazil,BR,Translation & localisation,Media & creative,Mid,0.09137,0.01397,0.00234,-0.01163,98.8365,-0.00546,-0.03391
2027,Brazil,BR,Translation & localisation,Media & creative,Mid,0.16352,0.02501,0.00449,-0.02051,97.9486,-0.00898,-0.05549
2028,Brazil,BR,Translation & localisation,Media & creative,Mid,0.26903,0.04114,0.00829,-0.03285,96.71469,-0.0126,-0.07712
2029,Brazil,BR,Translation & localisation,Media & creative,Mid,0.39586,0.06053,0.01427,-0.04626,95.37409,-0.01386,-0.08379
2030,Brazil,BR,Translation & localisation,Media & creative,Mid,0.51686,0.07904,0.02227,-0.05677,94.32292,-0.01102,-0.0657
2026,Nigeria,NG,Translation & localisation,Media & creative,Mid,0.0536,0.01011,0.00135,-0.00876,99.12393,-0.00399,-0.0248
2027,Nigeria,NG,Translation & localisation,Media & creative,Mid,0.09502,0.01793,0.00251,-0.01542,98.45803,-0.00672,-0.04162
2028,Nigeria,NG,Translation & localisation,Media & creative,Mid,0.1593,0.03006,0.00454,-0.02552,97.44795,-0.01026,-0.06313
2029,Nigeria,NG,Translation & localisation,Media & creative,Mid,0.24627,0.04647,0.00785,-0.03862,96.13798,-0.01344,-0.08187
2030,Nigeria,NG,Translation & localisation,Media & creative,Mid,0.34443,0.06499,0.01268,-0.05232,94.76831,-0.01425,-0.0856
2026,United States,US,Translation & localisation,Media & creative,Senior,0.31272,0.02316,0.00885,-0.01431,98.5686,-0.00617,-0.05568
2027,United States,US,Translation & localisation,Media & creative,Senior,0.50443,0.03736,0.01775,-0.01961,98.03914,-0.00537,-0.04813
2028,United States,US,Translation & localisation,Media & creative,Senior,0.68352,0.05063,0.03115,-0.01947,98.05259,0.00014,0.00122
2029,United States,US,Translation & localisation,Media & creative,Senior,0.80581,0.05968,0.04599,-0.0137,98.63048,0.00589,0.05254
2030,United States,US,Translation & localisation,Media & creative,Senior,0.87252,0.06463,0.05774,-0.00688,99.31166,0.00691,0.06193
2026,Singapore,SG,Translation & localisation,Media & creative,Senior,0.2925,0.02243,0.00721,-0.01522,98.47792,-0.00724,-0.06532
2027,Singapore,SG,Translation & localisation,Media & creative,Senior,0.49636,0.03806,0.01541,-0.02266,97.73432,-0.00755,-0.0676
2028,Singapore,SG,Translation & localisation,Media & creative,Senior,0.69263,0.05311,0.02865,-0.02446,97.55379,-0.00185,-0.01641
2029,Singapore,SG,Translation & localisation,Media & creative,Senior,0.82532,0.06329,0.04405,-0.01924,98.0761,0.00535,0.04748
2030,Singapore,SG,Translation & localisation,Media & creative,Senior,0.89503,0.06863,0.05637,-0.01227,98.7731,0.00711,0.06336
2026,United Kingdom,UK,Translation & localisation,Media & creative,Senior,0.22387,0.01509,0.00543,-0.00966,99.03404,-0.00441,-0.03985
2027,United Kingdom,UK,Translation & localisation,Media & creative,Senior,0.38281,0.02581,0.0109,-0.01491,98.50882,-0.0053,-0.04775
2028,United Kingdom,UK,Translation & localisation,Media & creative,Senior,0.56215,0.0379,0.01988,-0.01802,98.19798,-0.00316,-0.02826
2029,United Kingdom,UK,Translation & localisation,Media & creative,Senior,0.71203,0.048,0.03157,-0.01643,98.35689,0.00162,0.01445
2030,United Kingdom,UK,Translation & localisation,Media & creative,Senior,0.80894,0.05453,0.04291,-0.01162,98.8379,0.00489,0.04373
2026,Canada,CA,Translation & localisation,Media & creative,Senior,0.20074,0.01447,0.00481,-0.00965,99.03463,-0.00444,-0.04018
2027,Canada,CA,Translation & localisation,Media & creative,Senior,0.34658,0.02498,0.00958,-0.0154,98.45976,-0.0058,-0.05226
2028,Canada,CA,Translation & localisation,Media & creative,Senior,0.51964,0.03745,0.01752,-0.01993,98.00704,-0.0046,-0.04116
2029,Canada,CA,Translation & localisation,Media & creative,Senior,0.67388,0.04857,0.02828,-0.02029,97.97077,-0.00037,-0.0033
2030,Canada,CA,Translation & localisation,Media & creative,Senior,0.78002,0.05622,0.03935,-0.01687,98.31282,0.00349,0.0311
2026,United Arab Emirates,AE,Translation & localisation,Media & creative,Senior,0.17156,0.01179,0.00394,-0.00786,99.21438,-0.00391,-0.03543
2027,United Arab Emirates,AE,Translation & localisation,Media & creative,Senior,0.31516,0.02167,0.00846,-0.01321,98.67893,-0.0054,-0.04868
2028,United Arab Emirates,AE,Translation & localisation,Media & creative,Senior,0.49072,0.03373,0.01659,-0.01715,98.28543,-0.00399,-0.03577
2029,United Arab Emirates,AE,Translation & localisation,Media & creative,Senior,0.64406,0.04428,0.02817,-0.0161,98.38965,0.00106,0.00947
2030,United Arab Emirates,AE,Translation & localisation,Media & creative,Senior,0.74334,0.0511,0.04016,-0.01094,98.90567,0.00524,0.04691
2026,Australia,AU,Translation & localisation,Media & creative,Senior,0.18674,0.01234,0.0043,-0.00804,99.19576,-0.00373,-0.03378
2027,Australia,AU,Translation & localisation,Media & creative,Senior,0.32645,0.02157,0.0086,-0.01297,98.7029,-0.00497,-0.04481
2028,Australia,AU,Translation & localisation,Media & creative,Senior,0.49683,0.03282,0.01589,-0.01693,98.30674,-0.00401,-0.03601
2029,Australia,AU,Translation & localisation,Media & creative,Senior,0.65308,0.04315,0.02601,-0.01714,98.28624,-0.00021,-0.00186
2030,Australia,AU,Translation & localisation,Media & creative,Senior,0.7631,0.05042,0.03673,-0.01369,98.63146,0.00351,0.03138
2026,Germany,DE,Translation & localisation,Media & creative,Senior,0.18062,0.00955,0.00402,-0.00554,99.44647,-0.00239,-0.02167
2027,Germany,DE,Translation & localisation,Media & creative,Senior,0.30566,0.01617,0.00761,-0.00855,99.14484,-0.00303,-0.02742
2028,Germany,DE,Translation & localisation,Media & creative,Senior,0.46101,0.02438,0.01349,-0.01089,98.9114,-0.00235,-0.02122
2029,Germany,DE,Translation & localisation,Media & creative,Senior,0.61255,0.0324,0.02163,-0.01077,98.9232,0.00012,0.00107
2030,Germany,DE,Translation & localisation,Media & creative,Senior,0.72923,0.03857,0.0306,-0.00796,99.20384,0.00284,0.02551
2026,Japan,JP,Translation & localisation,Media & creative,Senior,0.16856,0.00827,0.00328,-0.00499,99.50088,-0.00219,-0.01987
2027,Japan,JP,Translation & localisation,Media & creative,Senior,0.28811,0.01414,0.00625,-0.00789,99.21105,-0.00291,-0.02635
2028,Japan,JP,Translation & localisation,Media & creative,Senior,0.44,0.02159,0.01116,-0.01043,98.95745,-0.00256,-0.02305
2029,Japan,JP,Translation & localisation,Media & creative,Senior,0.59189,0.02904,0.0181,-0.01094,98.90552,-0.00052,-0.00472
2030,Japan,JP,Translation & localisation,Media & creative,Senior,0.71144,0.03491,0.02594,-0.00897,99.10314,0.002,0.01797
2026,India,IN,Translation & localisation,Media & creative,Senior,0.12095,0.00956,0.00289,-0.00667,99.33296,-0.00329,-0.0298
2027,India,IN,Translation & localisation,Media & creative,Senior,0.22322,0.01765,0.00601,-0.01163,98.83654,-0.005,-0.04513
2028,India,IN,Translation & localisation,Media & creative,Senior,0.36,0.02846,0.01168,-0.01679,98.32147,-0.00521,-0.04682
2029,India,IN,Translation & localisation,Media & creative,Senior,0.49678,0.03927,0.02024,-0.01903,98.09675,-0.00229,-0.02043
2030,India,IN,Translation & localisation,Media & creative,Senior,0.59905,0.04736,0.0302,-0.01716,98.28375,0.00191,0.017
2026,France,FR,Translation & localisation,Media & creative,Senior,0.16451,0.00898,0.0035,-0.00548,99.45214,-0.00237,-0.02148
2027,France,FR,Translation & localisation,Media & creative,Senior,0.2785,0.0152,0.00655,-0.00865,99.1353,-0.00319,-0.0288
2028,France,FR,Translation & localisation,Media & creative,Senior,0.42461,0.02317,0.01156,-0.01161,98.83868,-0.00299,-0.02697
2029,France,FR,Translation & localisation,Media & creative,Senior,0.57419,0.03133,0.01862,-0.01271,98.7294,-0.00111,-0.00993
2030,France,FR,Translation & localisation,Media & creative,Senior,0.69594,0.03797,0.02675,-0.01122,98.8778,0.0015,0.01349
2026,Brazil,BR,Translation & localisation,Media & creative,Senior,0.09137,0.0064,0.00197,-0.00443,99.55678,-0.00205,-0.01858
2027,Brazil,BR,Translation & localisation,Media & creative,Senior,0.16352,0.01146,0.00379,-0.00767,99.23287,-0.00325,-0.02945
2028,Brazil,BR,Translation & localisation,Media & creative,Senior,0.26903,0.01886,0.00699,-0.01186,98.81358,-0.00423,-0.03812
2029,Brazil,BR,Translation & localisation,Media & creative,Senior,0.39586,0.02774,0.01204,-0.0157,98.42996,-0.00388,-0.03487
2030,Brazil,BR,Translation & localisation,Media & creative,Senior,0.51686,0.03623,0.01879,-0.01744,98.25621,-0.00177,-0.0158
2026,Nigeria,NG,Translation & localisation,Media & creative,Senior,0.0536,0.00464,0.00114,-0.00349,99.65061,-0.00158,-0.01431
2027,Nigeria,NG,Translation & localisation,Media & creative,Senior,0.09502,0.00822,0.00212,-0.0061,99.39004,-0.00261,-0.02369
2028,Nigeria,NG,Translation & localisation,Media & creative,Senior,0.1593,0.01378,0.00383,-0.00995,99.00527,-0.00387,-0.03498
2029,Nigeria,NG,Translation & localisation,Media & creative,Senior,0.24627,0.0213,0.00662,-0.01468,98.53245,-0.00478,-0.04298
2030,Nigeria,NG,Translation & localisation,Media & creative,Senior,0.34443,0.02979,0.0107,-0.01909,98.09069,-0.00448,-0.04016
2026,United States,US,Translation & localisation,Media & creative,Lead / Executive,0.31272,0.01143,0.00679,-0.00464,99.5362,-0.00172,-0.02447
2027,United States,US,Translation & localisation,Media & creative,Lead / Executive,0.50443,0.01844,0.01363,-0.00481,99.51905,-0.00017,-0.00245
2028,United States,US,Translation & localisation,Media & creative,Lead / Executive,0.68352,0.02498,0.02392,-0.00107,99.89307,0.00376,0.05343
2029,United States,US,Translation & localisation,Media & creative,Lead / Executive,0.80581,0.02945,0.0353,0.00585,100.58502,0.00693,0.09885
2030,United States,US,Translation & localisation,Media & creative,Lead / Executive,0.87252,0.03189,0.04433,0.01243,101.24342,0.00655,0.09406
2026,Singapore,SG,Translation & localisation,Media & creative,Lead / Executive,0.2925,0.01107,0.00553,-0.00554,99.4465,-0.00243,-0.03465
2027,Singapore,SG,Translation & localisation,Media & creative,Lead / Executive,0.49636,0.01878,0.01183,-0.00696,99.30427,-0.00143,-0.02032
2028,Singapore,SG,Translation & localisation,Media & creative,Lead / Executive,0.69263,0.02621,0.022,-0.00422,99.57834,0.00276,0.03915
2029,Singapore,SG,Translation & localisation,Media & creative,Lead / Executive,0.82532,0.03123,0.03382,0.00258,100.25827,0.00683,0.09713
2030,Singapore,SG,Translation & localisation,Media & creative,Lead / Executive,0.89503,0.03387,0.04327,0.0094,100.9399,0.0068,0.09738
2026,United Kingdom,UK,Translation & localisation,Media & creative,Lead / Executive,0.22387,0.00745,0.00417,-0.00328,99.67224,-0.00138,-0.01968
2027,United Kingdom,UK,Translation & localisation,Media & creative,Lead / Executive,0.38281,0.01274,0.00836,-0.00437,99.56282,-0.0011,-0.01563
2028,United Kingdom,UK,Translation & localisation,Media & creative,Lead / Executive,0.56215,0.0187,0.01526,-0.00344,99.65566,0.00093,0.01326
2029,United Kingdom,UK,Translation & localisation,Media & creative,Lead / Executive,0.71203,0.02369,0.02424,0.00055,100.05468,0.004,0.057
2030,United Kingdom,UK,Translation & localisation,Media & creative,Lead / Executive,0.80894,0.02691,0.03294,0.00603,100.60306,0.00548,0.07834
2026,Canada,CA,Translation & localisation,Media & creative,Lead / Executive,0.20074,0.00714,0.0037,-0.00344,99.65557,-0.0015,-0.02135
2027,Canada,CA,Translation & localisation,Media & creative,Lead / Executive,0.34658,0.01233,0.00735,-0.00498,99.50243,-0.00154,-0.02188
2028,Canada,CA,Translation & localisation,Media & creative,Lead / Executive,0.51964,0.01848,0.01345,-0.00503,99.49685,-0.00006,-0.0008
2029,Canada,CA,Translation & localisation,Media & creative,Lead / Executive,0.67388,0.02397,0.02171,-0.00226,99.7738,0.00278,0.03956
2030,Canada,CA,Translation & localisation,Media & creative,Lead / Executive,0.78002,0.02774,0.0302,0.00246,100.24611,0.00473,0.06747
2026,United Arab Emirates,AE,Translation & localisation,Media & creative,Lead / Executive,0.17156,0.00582,0.00302,-0.0028,99.72026,-0.00133,-0.01891
2027,United Arab Emirates,AE,Translation & localisation,Media & creative,Lead / Executive,0.31516,0.01069,0.00649,-0.0042,99.57986,-0.00141,-0.02006
2028,United Arab Emirates,AE,Translation & localisation,Media & creative,Lead / Executive,0.49072,0.01665,0.01274,-0.00391,99.60868,0.00029,0.00412
2029,United Arab Emirates,AE,Translation & localisation,Media & creative,Lead / Executive,0.64406,0.02185,0.02163,-0.00022,99.9777,0.0037,0.05272
2030,United Arab Emirates,AE,Translation & localisation,Media & creative,Lead / Executive,0.74334,0.02522,0.03083,0.00561,100.56096,0.00583,0.08332
2026,Australia,AU,Translation & localisation,Media & creative,Lead / Executive,0.18674,0.00609,0.0033,-0.00279,99.72086,-0.00122,-0.01741
2027,Australia,AU,Translation & localisation,Media & creative,Lead / Executive,0.32645,0.01064,0.0066,-0.00404,99.59555,-0.00126,-0.0179
2028,Australia,AU,Translation & localisation,Media & creative,Lead / Executive,0.49683,0.0162,0.0122,-0.004,99.60006,0.00005,0.00064
2029,Australia,AU,Translation & localisation,Media & creative,Lead / Executive,0.65308,0.02129,0.01997,-0.00133,99.86735,0.00268,0.03819
2030,Australia,AU,Translation & localisation,Media & creative,Lead / Executive,0.7631,0.02488,0.0282,0.00332,100.33165,0.00465,0.06633
2026,Germany,DE,Translation & localisation,Media & creative,Lead / Executive,0.18062,0.00471,0.00308,-0.00163,99.83696,-0.00063,-0.00906
2027,Germany,DE,Translation & localisation,Media & creative,Lead / Executive,0.30566,0.00798,0.00584,-0.00213,99.78671,-0.0005,-0.00718
2028,Germany,DE,Translation & localisation,Media & creative,Lead / Executive,0.46101,0.01203,0.01036,-0.00167,99.83276,0.00046,0.00658
2029,Germany,DE,Translation & localisation,Media & creative,Lead / Executive,0.61255,0.01599,0.0166,0.00062,100.06154,0.00229,0.03268
2030,Germany,DE,Translation & localisation,Media & creative,Lead / Executive,0.72923,0.01903,0.02349,0.00446,100.44616,0.00384,0.05495
2026,Japan,JP,Translation & localisation,Media & creative,Lead / Executive,0.16856,0.00408,0.00252,-0.00156,99.84359,-0.00064,-0.00907
2027,Japan,JP,Translation & localisation,Media & creative,Lead / Executive,0.28811,0.00698,0.0048,-0.00218,99.7819,-0.00062,-0.00881
2028,Japan,JP,Translation & localisation,Media & creative,Lead / Executive,0.44,0.01065,0.00857,-0.00208,99.79155,0.0001,0.00138
2029,Japan,JP,Translation & localisation,Media & creative,Lead / Executive,0.59189,0.01433,0.01389,-0.00044,99.95601,0.00165,0.02349
2030,Japan,JP,Translation & localisation,Media & creative,Lead / Executive,0.71144,0.01723,0.01991,0.00269,100.26853,0.00313,0.04465
2026,India,IN,Translation & localisation,Media & creative,Lead / Executive,0.12095,0.00472,0.00222,-0.0025,99.75009,-0.00119,-0.01704
2027,India,IN,Translation & localisation,Media & creative,Lead / Executive,0.22322,0.00871,0.00462,-0.00409,99.59067,-0.0016,-0.02277
2028,India,IN,Translation & localisation,Media & creative,Lead / Executive,0.36,0.01405,0.00896,-0.00508,99.49174,-0.00099,-0.01413
2029,India,IN,Translation & localisation,Media & creative,Lead / Executive,0.49678,0.01938,0.01554,-0.00384,99.6157,0.00125,0.01771
2030,India,IN,Translation & localisation,Media & creative,Lead / Executive,0.59905,0.02337,0.02318,-0.00019,99.98094,0.00367,0.05218
2026,France,FR,Translation & localisation,Media & creative,Lead / Executive,0.16451,0.00443,0.00269,-0.00174,99.82553,-0.0007,-0.01002
2027,France,FR,Translation & localisation,Media & creative,Lead / Executive,0.2785,0.0075,0.00503,-0.00247,99.75282,-0.00073,-0.01039
2028,France,FR,Translation & localisation,Media & creative,Lead / Executive,0.42461,0.01143,0.00887,-0.00256,99.74369,-0.00009,-0.00131
2029,France,FR,Translation & localisation,Media & creative,Lead / Executive,0.57419,0.01546,0.0143,-0.00116,99.88357,0.0014,0.01998
2030,France,FR,Translation & localisation,Media & creative,Lead / Executive,0.69594,0.01874,0.02054,0.0018,100.17963,0.00296,0.04229
2026,Brazil,BR,Translation & localisation,Media & creative,Lead / Executive,0.09137,0.00316,0.00151,-0.00165,99.83532,-0.00074,-0.01062
2027,Brazil,BR,Translation & localisation,Media & creative,Lead / Executive,0.16352,0.00566,0.00291,-0.00275,99.72531,-0.0011,-0.01572
2028,Brazil,BR,Translation & localisation,Media & creative,Lead / Executive,0.26903,0.00931,0.00537,-0.00394,99.60617,-0.00119,-0.01702
2029,Brazil,BR,Translation & localisation,Media & creative,Lead / Executive,0.39586,0.01369,0.00925,-0.00445,99.55539,-0.00051,-0.00725
2030,Brazil,BR,Translation & localisation,Media & creative,Lead / Executive,0.51686,0.01788,0.01442,-0.00345,99.65453,0.001,0.01416
2026,Nigeria,NG,Translation & localisation,Media & creative,Lead / Executive,0.0536,0.00229,0.00088,-0.00141,99.85887,-0.00063,-0.009
2027,Nigeria,NG,Translation & localisation,Media & creative,Lead / Executive,0.09502,0.00406,0.00163,-0.00243,99.75706,-0.00102,-0.01454
2028,Nigeria,NG,Translation & localisation,Media & creative,Lead / Executive,0.1593,0.0068,0.00294,-0.00386,99.6141,-0.00143,-0.02042
2029,Nigeria,NG,Translation & localisation,Media & creative,Lead / Executive,0.24627,0.01051,0.00508,-0.00543,99.45735,-0.00157,-0.02239
2030,Nigeria,NG,Translation & localisation,Media & creative,Lead / Executive,0.34443,0.0147,0.00821,-0.00649,99.35098,-0.00107,-0.0152
2026,United States,US,Marketing & content,Media & creative,Entry,0.31272,0.15208,0.00827,-0.14381,85.61924,-0.07269,-0.19175
2027,United States,US,Marketing & content,Media & creative,Entry,0.50443,0.24531,0.01659,-0.22871,77.12878,-0.09917,-0.24258
2028,United States,US,Marketing & content,Media & creative,Entry,0.68352,0.3324,0.02912,-0.30328,69.67182,-0.09668,-0.21306
2029,United States,US,Marketing & content,Media & creative,Entry,0.80581,0.39187,0.04299,-0.34888,65.11194,-0.06545,-0.13028
2030,United States,US,Marketing & content,Media & creative,Entry,0.87252,0.42431,0.05397,-0.37034,62.96607,-0.03296,-0.06131
2026,Singapore,SG,Marketing & content,Media & creative,Entry,0.2925,0.14727,0.00674,-0.14053,85.94711,-0.0755,-0.20054
2027,Singapore,SG,Marketing & content,Media & creative,Entry,0.49636,0.24991,0.0144,-0.23551,76.44904,-0.11051,-0.27137
2028,Singapore,SG,Marketing & content,Media & creative,Entry,0.69263,0.34873,0.02678,-0.32195,67.80509,-0.11307,-0.24697
2029,Singapore,SG,Marketing & content,Media & creative,Entry,0.82532,0.41553,0.04117,-0.37436,62.56389,-0.0773,-0.14975
2030,Singapore,SG,Marketing & content,Media & creative,Entry,0.89503,0.45063,0.05269,-0.39795,60.20531,-0.0377,-0.06739
2026,United Kingdom,UK,Marketing & content,Media & creative,Entry,0.22387,0.09909,0.00508,-0.09401,90.59876,-0.04723,-0.12832
2027,United Kingdom,UK,Marketing & content,Media & creative,Entry,0.38281,0.16944,0.01018,-0.15926,84.07412,-0.07202,-0.18642
2028,United Kingdom,UK,Marketing & content,Media & creative,Entry,0.56215,0.24882,0.01858,-0.23024,76.97579,-0.08443,-0.20281
2029,United Kingdom,UK,Marketing & content,Media & creative,Entry,0.71203,0.31516,0.02951,-0.28565,71.43476,-0.07198,-0.15832
2030,United Kingdom,UK,Marketing & content,Media & creative,Entry,0.80894,0.35806,0.04011,-0.31794,68.20556,-0.0452,-0.09226
2026,Canada,CA,Marketing & content,Media & creative,Entry,0.20074,0.09499,0.0045,-0.09049,90.95087,-0.04527,-0.12321
2027,Canada,CA,Marketing & content,Media & creative,Entry,0.34658,0.164,0.00895,-0.15505,84.4949,-0.07098,-0.18446
2028,Canada,CA,Marketing & content,Media & creative,Entry,0.51964,0.24589,0.01638,-0.22951,77.04858,-0.08813,-0.21275
2029,Canada,CA,Marketing & content,Media & creative,Entry,0.67388,0.31888,0.02643,-0.29245,70.75483,-0.08169,-0.17982
2030,Canada,CA,Marketing & content,Media & creative,Entry,0.78002,0.36911,0.03678,-0.33233,66.76709,-0.05636,-0.11394
2026,United Arab Emirates,AE,Marketing & content,Media & creative,Entry,0.17156,0.07744,0.00368,-0.07376,92.62446,-0.03932,-0.10832
2027,United Arab Emirates,AE,Marketing & content,Media & creative,Entry,0.31516,0.14225,0.0079,-0.13435,86.56514,-0.06542,-0.17312
2028,United Arab Emirates,AE,Marketing & content,Media & creative,Entry,0.49072,0.22149,0.01551,-0.20599,79.40146,-0.08275,-0.20468
2029,United Arab Emirates,AE,Marketing & content,Media & creative,Entry,0.64406,0.2907,0.02633,-0.26437,73.56293,-0.07353,-0.16681
2030,United Arab Emirates,AE,Marketing & content,Media & creative,Entry,0.74334,0.33552,0.03754,-0.29798,70.20204,-0.04569,-0.09603
2026,Australia,AU,Marketing & content,Media & creative,Entry,0.18674,0.081,0.00401,-0.07699,92.30115,-0.03856,-0.10576
2027,Australia,AU,Marketing & content,Media & creative,Entry,0.32645,0.1416,0.00803,-0.13357,86.6432,-0.0613,-0.16166
2028,Australia,AU,Marketing & content,Media & creative,Entry,0.49683,0.21551,0.01485,-0.20066,79.93434,-0.07743,-0.19168
2029,Australia,AU,Marketing & content,Media & creative,Entry,0.65308,0.28329,0.02431,-0.25898,74.1022,-0.07296,-0.16663
2030,Australia,AU,Marketing & content,Media & creative,Entry,0.7631,0.33101,0.03433,-0.29668,70.33203,-0.05088,-0.10772
2026,Germany,DE,Marketing & content,Media & creative,Entry,0.18062,0.06272,0.00375,-0.05896,94.10386,-0.02768,-0.07654
2027,Germany,DE,Marketing & content,Media & creative,Entry,0.30566,0.10613,0.00712,-0.09902,90.09822,-0.04257,-0.11445
2028,Germany,DE,Marketing & content,Media & creative,Entry,0.46101,0.16008,0.01261,-0.14746,85.25375,-0.05377,-0.13841
2029,Germany,DE,Marketing & content,Media & creative,Entry,0.61255,0.21269,0.02021,-0.19248,80.75203,-0.0528,-0.12862
2030,Germany,DE,Marketing & content,Media & creative,Entry,0.72923,0.25321,0.02861,-0.2246,77.5398,-0.03978,-0.09178
2026,Japan,JP,Marketing & content,Media & creative,Entry,0.16856,0.0543,0.00307,-0.05123,94.87651,-0.02414,-0.06707
2027,Japan,JP,Marketing & content,Media & creative,Entry,0.28811,0.09281,0.00584,-0.08697,91.3028,-0.03767,-0.10211
2028,Japan,JP,Marketing & content,Media & creative,Entry,0.44,0.14174,0.01043,-0.13131,86.86924,-0.04856,-0.12667
2029,Japan,JP,Marketing & content,Media & creative,Entry,0.59189,0.19067,0.01691,-0.17376,82.62418,-0.04887,-0.12129
2030,Japan,JP,Marketing & content,Media & creative,Entry,0.71144,0.22918,0.02424,-0.20494,79.50608,-0.03774,-0.08909
2026,India,IN,Marketing & content,Media & creative,Entry,0.12095,0.06278,0.0027,-0.06008,93.99235,-0.03118,-0.08642
2027,India,IN,Marketing & content,Media & creative,Entry,0.22322,0.11586,0.00562,-0.11024,88.97552,-0.05337,-0.14334
2028,India,IN,Marketing & content,Media & creative,Entry,0.36,0.18686,0.01091,-0.17595,82.40499,-0.07385,-0.18773
2029,India,IN,Marketing & content,Media & creative,Entry,0.49678,0.25786,0.01892,-0.23894,76.10586,-0.07644,-0.17998
2030,India,IN,Marketing & content,Media & creative,Entry,0.59905,0.31095,0.02823,-0.28272,71.72784,-0.05753,-0.12509
2026,France,FR,Marketing & content,Media & creative,Entry,0.16451,0.05894,0.00327,-0.05567,94.4334,-0.02584,-0.07156
2027,France,FR,Marketing & content,Media & creative,Entry,0.2785,0.09977,0.00612,-0.09365,90.63486,-0.04022,-0.10853
2028,France,FR,Marketing & content,Media & creative,Entry,0.42461,0.15211,0.0108,-0.14131,85.86858,-0.05259,-0.13618
2029,France,FR,Marketing & content,Media & creative,Entry,0.57419,0.2057,0.01741,-0.1883,81.1705,-0.05471,-0.13423
2030,France,FR,Marketing & content,Media & creative,Entry,0.69594,0.24932,0.025,-0.22432,77.5685,-0.04438,-0.10291
2026,Brazil,BR,Marketing & content,Media & creative,Entry,0.09137,0.04204,0.00184,-0.0402,95.97991,-0.01929,-0.05393
2027,Brazil,BR,Marketing & content,Media & creative,Entry,0.16352,0.07525,0.00354,-0.07171,92.82949,-0.03282,-0.09001
2028,Brazil,BR,Marketing & content,Media & creative,Entry,0.26903,0.1238,0.00653,-0.11726,88.27375,-0.04908,-0.13016
2029,Brazil,BR,Marketing & content,Media & creative,Entry,0.39586,0.18216,0.01126,-0.1709,82.90963,-0.06077,-0.15326
2030,Brazil,BR,Marketing & content,Media & creative,Entry,0.51686,0.23784,0.01756,-0.22028,77.97161,-0.05956,-0.14109
2026,Nigeria,NG,Marketing & content,Media & creative,Entry,0.0536,0.03043,0.00107,-0.02937,97.06325,-0.01357,-0.03814
2027,Nigeria,NG,Marketing & content,Media & creative,Entry,0.09502,0.05396,0.00198,-0.05198,94.80222,-0.02329,-0.0646
2028,Nigeria,NG,Marketing & content,Media & creative,Entry,0.1593,0.09046,0.00358,-0.08688,91.31222,-0.03681,-0.09971
2029,Nigeria,NG,Marketing & content,Media & creative,Entry,0.24627,0.13984,0.00619,-0.13365,86.63503,-0.05122,-0.13363
2030,Nigeria,NG,Marketing & content,Media & creative,Entry,0.34443,0.19558,0.01,-0.18558,81.44168,-0.05995,-0.14838
2026,United States,US,Marketing & content,Media & creative,Junior,0.31272,0.08043,0.01244,-0.06799,93.20125,-0.03233,-0.12974
2027,United States,US,Marketing & content,Media & creative,Junior,0.50443,0.12973,0.02496,-0.10477,89.52268,-0.03947,-0.15327
2028,United States,US,Marketing & content,Media & creative,Junior,0.68352,0.17579,0.04379,-0.132,86.80033,-0.03041,-0.11343
2029,United States,US,Marketing & content,Media & creative,Junior,0.80581,0.20724,0.06465,-0.14259,85.74099,-0.0122,-0.04414
2030,United States,US,Marketing & content,Media & creative,Junior,0.87252,0.2244,0.08117,-0.14323,85.67735,-0.00074,-0.00265
2026,Singapore,SG,Marketing & content,Media & creative,Junior,0.2925,0.07788,0.01013,-0.06775,93.22522,-0.03458,-0.13914
2027,Singapore,SG,Marketing & content,Media & creative,Junior,0.49636,0.13216,0.02166,-0.11051,88.94929,-0.04587,-0.17816
2028,Singapore,SG,Marketing & content,Media & creative,Junior,0.69263,0.18442,0.04028,-0.14415,85.58519,-0.03782,-0.14017
2029,Singapore,SG,Marketing & content,Media & creative,Junior,0.82532,0.21975,0.06192,-0.15783,84.21676,-0.01599,-0.05702
2030,Singapore,SG,Marketing & content,Media & creative,Junior,0.89503,0.23832,0.07923,-0.15908,84.09186,-0.00148,-0.0052
2026,United Kingdom,UK,Marketing & content,Media & creative,Junior,0.22387,0.0524,0.00764,-0.04477,95.52331,-0.02165,-0.08808
2027,United Kingdom,UK,Marketing & content,Media & creative,Junior,0.38281,0.08961,0.01532,-0.07429,92.57069,-0.03091,-0.12303
2028,United Kingdom,UK,Marketing & content,Media & creative,Junior,0.56215,0.13159,0.02794,-0.10365,89.63532,-0.03171,-0.12231
2029,United Kingdom,UK,Marketing & content,Media & creative,Junior,0.71203,0.16667,0.04438,-0.12229,87.77068,-0.0208,-0.07769
2030,United Kingdom,UK,Marketing & content,Media & creative,Junior,0.80894,0.18936,0.06032,-0.12903,87.09675,-0.00768,-0.02808
2026,Canada,CA,Marketing & content,Media & creative,Junior,0.20074,0.05024,0.00677,-0.04347,95.65316,-0.021,-0.08551
2027,Canada,CA,Marketing & content,Media & creative,Junior,0.34658,0.08673,0.01346,-0.07327,92.67297,-0.03116,-0.12417
2028,Canada,CA,Marketing & content,Media & creative,Junior,0.51964,0.13004,0.02463,-0.10541,89.45914,-0.03468,-0.13391
2029,Canada,CA,Marketing & content,Media & creative,Junior,0.67388,0.16864,0.03975,-0.12889,87.11084,-0.02625,-0.09785
2030,Canada,CA,Marketing & content,Media & creative,Junior,0.78002,0.1952,0.05531,-0.13989,86.01085,-0.01263,-0.04583
2026,United Arab Emirates,AE,Marketing & content,Media & creative,Junior,0.17156,0.04095,0.00554,-0.03542,96.45837,-0.01837,-0.07523
2027,United Arab Emirates,AE,Marketing & content,Media & creative,Junior,0.31516,0.07523,0.01189,-0.06334,93.66564,-0.02895,-0.11636
2028,United Arab Emirates,AE,Marketing & content,Media & creative,Junior,0.49072,0.11713,0.02332,-0.09382,90.61846,-0.03253,-0.12697
2029,United Arab Emirates,AE,Marketing & content,Media & creative,Junior,0.64406,0.15374,0.0396,-0.11413,88.58652,-0.02242,-0.08466
2030,United Arab Emirates,AE,Marketing & content,Media & creative,Junior,0.74334,0.17744,0.05645,-0.12099,87.90146,-0.00773,-0.02854
2026,Australia,AU,Marketing & content,Media & creative,Junior,0.18674,0.04284,0.00604,-0.0368,96.31994,-0.01788,-0.07305
2027,Australia,AU,Marketing & content,Media & creative,Junior,0.32645,0.07489,0.01208,-0.0628,93.71976,-0.027,-0.10834
2028,Australia,AU,Marketing & content,Media & creative,Junior,0.49683,0.11397,0.02234,-0.09163,90.83667,-0.03076,-0.12013
2029,Australia,AU,Marketing & content,Media & creative,Junior,0.65308,0.14982,0.03656,-0.11325,88.67453,-0.0238,-0.09009
2030,Australia,AU,Marketing & content,Media & creative,Junior,0.7631,0.17505,0.05163,-0.12342,87.65777,-0.01147,-0.04237
2026,Germany,DE,Marketing & content,Media & creative,Junior,0.18062,0.03317,0.00565,-0.02752,97.24794,-0.01256,-0.05152
2027,Germany,DE,Marketing & content,Media & creative,Junior,0.30566,0.05613,0.0107,-0.04543,95.45736,-0.01841,-0.07461
2028,Germany,DE,Marketing & content,Media & creative,Junior,0.46101,0.08466,0.01897,-0.06569,93.43141,-0.02122,-0.08441
2029,Germany,DE,Marketing & content,Media & creative,Junior,0.61255,0.11248,0.0304,-0.08208,91.79186,-0.01755,-0.06831
2030,Germany,DE,Marketing & content,Media & creative,Junior,0.72923,0.13391,0.04302,-0.09089,90.91122,-0.00959,-0.03669
2026,Japan,JP,Marketing & content,Media & creative,Junior,0.16856,0.02872,0.00461,-0.02411,97.58932,-0.01108,-0.04557
2027,Japan,JP,Marketing & content,Media & creative,Junior,0.28811,0.04908,0.00878,-0.0403,95.9698,-0.0166,-0.06748
2028,Japan,JP,Marketing & content,Media & creative,Junior,0.44,0.07496,0.01569,-0.05927,94.07322,-0.01976,-0.07902
2029,Japan,JP,Marketing & content,Media & creative,Junior,0.59189,0.10084,0.02544,-0.0754,92.46013,-0.01715,-0.06721
2030,Japan,JP,Marketing & content,Media & creative,Junior,0.71144,0.1212,0.03646,-0.08474,91.52582,-0.01011,-0.03893
2026,India,IN,Marketing & content,Media & creative,Junior,0.12095,0.0332,0.00406,-0.02914,97.08639,-0.0148,-0.06076
2027,India,IN,Marketing & content,Media & creative,Junior,0.22322,0.06127,0.00845,-0.05282,94.71772,-0.0244,-0.09869
2028,India,IN,Marketing & content,Media & creative,Junior,0.36,0.09882,0.01641,-0.08241,91.75903,-0.03124,-0.12328
2029,India,IN,Marketing & content,Media & creative,Junior,0.49678,0.13637,0.02845,-0.10792,89.20849,-0.0278,-0.10627
2030,India,IN,Marketing & content,Media & creative,Junior,0.59905,0.16444,0.04245,-0.12199,87.80052,-0.01578,-0.05867
2026,France,FR,Marketing & content,Media & creative,Junior,0.16451,0.03117,0.00492,-0.02625,97.3749,-0.01188,-0.04876
2027,France,FR,Marketing & content,Media & creative,Junior,0.2785,0.05276,0.00921,-0.04356,95.64417,-0.01777,-0.07211
2028,France,FR,Marketing & content,Media & creative,Junior,0.42461,0.08045,0.01624,-0.0642,93.57977,-0.02158,-0.08602
2029,France,FR,Marketing & content,Media & creative,Junior,0.57419,0.10879,0.02618,-0.08261,91.73948,-0.01967,-0.07668
2030,France,FR,Marketing & content,Media & creative,Junior,0.69594,0.13185,0.0376,-0.09425,90.57528,-0.01269,-0.04851
2026,Brazil,BR,Marketing & content,Media & creative,Junior,0.09137,0.02223,0.00277,-0.01946,98.05366,-0.0092,-0.03792
2027,Brazil,BR,Marketing & content,Media & creative,Junior,0.16352,0.03979,0.00533,-0.03447,96.55327,-0.0153,-0.06252
2028,Brazil,BR,Marketing & content,Media & creative,Junior,0.26903,0.06547,0.00983,-0.05564,94.43577,-0.02193,-0.08823
2029,Brazil,BR,Marketing & content,Media & creative,Junior,0.39586,0.09634,0.01693,-0.0794,92.05952,-0.02516,-0.09901
2030,Brazil,BR,Marketing & content,Media & creative,Junior,0.51686,0.12578,0.02641,-0.09937,90.06267,-0.02169,-0.0832
2026,Nigeria,NG,Marketing & content,Media & creative,Junior,0.0536,0.0161,0.0016,-0.01449,98.55094,-0.00662,-0.02738
2027,Nigeria,NG,Marketing & content,Media & creative,Junior,0.09502,0.02854,0.00298,-0.02556,97.44426,-0.01123,-0.04611
2028,Nigeria,NG,Marketing & content,Media & creative,Junior,0.1593,0.04784,0.00538,-0.04245,95.75457,-0.01734,-0.0704
2029,Nigeria,NG,Marketing & content,Media & creative,Junior,0.24627,0.07395,0.00931,-0.06464,93.53563,-0.02317,-0.09246
2030,Nigeria,NG,Marketing & content,Media & creative,Junior,0.34443,0.10343,0.01503,-0.0884,91.16026,-0.0254,-0.09897
2026,United States,US,Marketing & content,Media & creative,Mid,0.31272,0.03071,0.01422,-0.01649,98.35074,-0.00684,-0.04236
2027,United States,US,Marketing & content,Media & creative,Mid,0.50443,0.04953,0.02852,-0.02101,97.89882,-0.00459,-0.02825
2028,United States,US,Marketing & content,Media & creative,Mid,0.68352,0.06712,0.05005,-0.01707,98.29287,0.00403,0.02463
2029,United States,US,Marketing & content,Media & creative,Mid,0.80581,0.07913,0.07388,-0.00524,99.47555,0.01203,0.07392
2030,United States,US,Marketing & content,Media & creative,Mid,0.87252,0.08568,0.09276,0.00709,100.70862,0.0124,0.07707
2026,Singapore,SG,Marketing & content,Media & creative,Mid,0.2925,0.02974,0.01158,-0.01816,98.18449,-0.00846,-0.05237
2027,Singapore,SG,Marketing & content,Media & creative,Mid,0.49636,0.05046,0.02475,-0.02571,97.42881,-0.0077,-0.04723
2028,Singapore,SG,Marketing & content,Media & creative,Mid,0.69263,0.07042,0.04603,-0.02439,97.56137,0.00136,0.00829
2029,Singapore,SG,Marketing & content,Media & creative,Mid,0.82532,0.08391,0.07077,-0.01314,98.68615,0.01153,0.0703
2030,Singapore,SG,Marketing & content,Media & creative,Mid,0.89503,0.09099,0.09055,-0.00044,99.95598,0.01287,0.07936
2026,United Kingdom,UK,Marketing & content,Media & creative,Mid,0.22387,0.02001,0.00873,-0.01128,98.8719,-0.00504,-0.03129
2027,United Kingdom,UK,Marketing & content,Media & creative,Mid,0.38281,0.03421,0.0175,-0.01671,98.32897,-0.00549,-0.03393
2028,United Kingdom,UK,Marketing & content,Media & creative,Mid,0.56215,0.05024,0.03193,-0.01831,98.16903,-0.00163,-0.01
2029,United Kingdom,UK,Marketing & content,Media & creative,Mid,0.71203,0.06364,0.05072,-0.01292,98.70801,0.00549,0.03369
2030,United Kingdom,UK,Marketing & content,Media & creative,Mid,0.80894,0.0723,0.06894,-0.00336,99.66419,0.00969,0.05976
2026,Canada,CA,Marketing & content,Media & creative,Mid,0.20074,0.01918,0.00773,-0.01145,98.85532,-0.00519,-0.03222
2027,Canada,CA,Marketing & content,Media & creative,Mid,0.34658,0.03312,0.01538,-0.01773,98.22688,-0.00636,-0.03928
2028,Canada,CA,Marketing & content,Media & creative,Mid,0.51964,0.04965,0.02815,-0.0215,97.84977,-0.00384,-0.02357
2029,Canada,CA,Marketing & content,Media & creative,Mid,0.67388,0.06439,0.04543,-0.01896,98.10362,0.00259,0.01587
2030,Canada,CA,Marketing & content,Media & creative,Mid,0.78002,0.07453,0.06321,-0.01132,98.86789,0.00779,0.04777
2026,United Arab Emirates,AE,Marketing & content,Media & creative,Mid,0.17156,0.01564,0.00633,-0.00931,99.06902,-0.00458,-0.02846
2027,United Arab Emirates,AE,Marketing & content,Media & creative,Mid,0.31516,0.02872,0.01358,-0.01514,98.48597,-0.00589,-0.03644
2028,United Arab Emirates,AE,Marketing & content,Media & creative,Mid,0.49072,0.04472,0.02665,-0.01807,98.19266,-0.00298,-0.01833
2029,United Arab Emirates,AE,Marketing & content,Media & creative,Mid,0.64406,0.0587,0.04526,-0.01344,98.65606,0.00472,0.02896
2030,United Arab Emirates,AE,Marketing & content,Media & creative,Mid,0.74334,0.06775,0.06452,-0.00323,99.67668,0.01035,0.06379
2026,Australia,AU,Marketing & content,Media & creative,Mid,0.18674,0.01636,0.0069,-0.00946,99.05436,-0.00432,-0.02685
2027,Australia,AU,Marketing & content,Media & creative,Mid,0.32645,0.02859,0.01381,-0.01478,98.52171,-0.00538,-0.03329
2028,Australia,AU,Marketing & content,Media & creative,Mid,0.49683,0.04352,0.02553,-0.01799,98.20131,-0.00325,-0.02002
2029,Australia,AU,Marketing & content,Media & creative,Mid,0.65308,0.0572,0.04178,-0.01542,98.45822,0.00262,0.01606
2030,Australia,AU,Marketing & content,Media & creative,Mid,0.7631,0.06684,0.05901,-0.00783,99.2169,0.00771,0.04742
2026,Germany,DE,Marketing & content,Media & creative,Mid,0.18062,0.01266,0.00645,-0.00621,99.37893,-0.00261,-0.01628
2027,Germany,DE,Marketing & content,Media & creative,Mid,0.30566,0.02143,0.01223,-0.0092,99.08002,-0.00301,-0.01868
2028,Germany,DE,Marketing & content,Media & creative,Mid,0.46101,0.03232,0.02168,-0.01064,98.93567,-0.00146,-0.00902
2029,Germany,DE,Marketing & content,Media & creative,Mid,0.61255,0.04295,0.03474,-0.0082,99.17963,0.00247,0.01525
2030,Germany,DE,Marketing & content,Media & creative,Mid,0.72923,0.05113,0.04917,-0.00196,99.80373,0.00629,0.03901
2026,Japan,JP,Marketing & content,Media & creative,Mid,0.16856,0.01096,0.00527,-0.0057,99.43036,-0.00245,-0.01527
2027,Japan,JP,Marketing & content,Media & creative,Mid,0.28811,0.01874,0.01003,-0.00871,99.12942,-0.00303,-0.01881
2028,Japan,JP,Marketing & content,Media & creative,Mid,0.44,0.02862,0.01793,-0.01069,98.93125,-0.002,-0.01239
2029,Japan,JP,Marketing & content,Media & creative,Mid,0.59189,0.0385,0.02907,-0.00943,99.05706,0.00127,0.00786
2030,Japan,JP,Marketing & content,Media & creative,Mid,0.71144,0.04628,0.04167,-0.00461,99.53922,0.00487,0.03013
2026,India,IN,Marketing & content,Media & creative,Mid,0.12095,0.01268,0.00465,-0.00803,99.19685,-0.00393,-0.02444
2027,India,IN,Marketing & content,Media & creative,Mid,0.22322,0.0234,0.00966,-0.01374,98.62634,-0.00575,-0.03566
2028,India,IN,Marketing & content,Media & creative,Mid,0.36,0.03773,0.01876,-0.01898,98.10247,-0.00531,-0.03274
2029,India,IN,Marketing & content,Media & creative,Mid,0.49678,0.05207,0.03252,-0.01955,98.04506,-0.00059,-0.00359
2030,India,IN,Marketing & content,Media & creative,Mid,0.59905,0.06279,0.04851,-0.01428,98.5725,0.00538,0.03296
2026,France,FR,Marketing & content,Media & creative,Mid,0.16451,0.0119,0.00562,-0.00628,99.37188,-0.00267,-0.01661
2027,France,FR,Marketing & content,Media & creative,Mid,0.2785,0.02015,0.01052,-0.00963,99.03749,-0.00337,-0.0209
2028,France,FR,Marketing & content,Media & creative,Mid,0.42461,0.03072,0.01856,-0.01215,98.78479,-0.00255,-0.01579
2029,France,FR,Marketing & content,Media & creative,Mid,0.57419,0.04154,0.02992,-0.01162,98.8384,0.00054,0.00335
2030,France,FR,Marketing & content,Media & creative,Mid,0.69594,0.05034,0.04298,-0.00737,99.26332,0.0043,0.02656
2026,Brazil,BR,Marketing & content,Media & creative,Mid,0.09137,0.00849,0.00317,-0.00532,99.46775,-0.00245,-0.01524
2027,Brazil,BR,Marketing & content,Media & creative,Mid,0.16352,0.01519,0.00609,-0.00911,99.08937,-0.0038,-0.02365
2028,Brazil,BR,Marketing & content,Media & creative,Mid,0.26903,0.025,0.01123,-0.01377,98.62337,-0.0047,-0.02912
2029,Brazil,BR,Marketing & content,Media & creative,Mid,0.39586,0.03678,0.01935,-0.01743,98.25666,-0.00372,-0.02292
2030,Brazil,BR,Marketing & content,Media & creative,Mid,0.51686,0.04803,0.03018,-0.01784,98.21565,-0.00042,-0.00256
2026,Nigeria,NG,Marketing & content,Media & creative,Mid,0.0536,0.00615,0.00183,-0.00431,99.56884,-0.00194,-0.0121
2027,Nigeria,NG,Marketing & content,Media & creative,Mid,0.09502,0.0109,0.0034,-0.00749,99.25082,-0.00319,-0.01988
2028,Nigeria,NG,Marketing & content,Media & creative,Mid,0.1593,0.01827,0.00615,-0.01211,98.78876,-0.00466,-0.02888
2029,Nigeria,NG,Marketing & content,Media & creative,Mid,0.24627,0.02824,0.01064,-0.0176,98.24035,-0.00555,-0.03428
2030,Nigeria,NG,Marketing & content,Media & creative,Mid,0.34443,0.03949,0.01718,-0.02231,97.76901,-0.0048,-0.02946
2026,United States,US,Marketing & content,Media & creative,Senior,0.31272,0.01407,0.01199,-0.00208,99.79198,-0.00015,-0.00135
2027,United States,US,Marketing & content,Media & creative,Senior,0.50443,0.0227,0.02406,0.00136,100.13622,0.00345,0.03129
2028,United States,US,Marketing & content,Media & creative,Senior,0.68352,0.03076,0.04223,0.01147,101.14651,0.01009,0.09184
2029,United States,US,Marketing & content,Media & creative,Senior,0.80581,0.03627,0.06234,0.02607,102.60718,0.01444,0.13279
2030,United States,US,Marketing & content,Media & creative,Senior,0.87252,0.03927,0.07827,0.039,103.90008,0.0126,0.11754
2026,Singapore,SG,Marketing & content,Media & creative,Senior,0.2925,0.01363,0.00977,-0.00386,99.61427,-0.00131,-0.01191
2027,Singapore,SG,Marketing & content,Media & creative,Senior,0.49636,0.02313,0.02088,-0.00225,99.77547,0.00162,0.01465
2028,Singapore,SG,Marketing & content,Media & creative,Senior,0.69263,0.03227,0.03884,0.00656,100.65639,0.00883,0.08008
2029,Singapore,SG,Marketing & content,Media & creative,Senior,0.82532,0.03846,0.05971,0.02125,102.12532,0.01459,0.13354
2030,Singapore,SG,Marketing & content,Media & creative,Senior,0.89503,0.04171,0.0764,0.0347,103.46988,0.01317,0.12223
2026,United Kingdom,UK,Marketing & content,Media & creative,Senior,0.22387,0.00917,0.00736,-0.00181,99.81933,-0.00052,-0.00473
2027,United Kingdom,UK,Marketing & content,Media & creative,Senior,0.38281,0.01568,0.01477,-0.00091,99.90876,0.0009,0.00813
2028,United Kingdom,UK,Marketing & content,Media & creative,Senior,0.56215,0.02303,0.02694,0.00392,100.39156,0.00483,0.04389
2029,United Kingdom,UK,Marketing & content,Media & creative,Senior,0.71203,0.02917,0.04279,0.01363,101.36261,0.00967,0.08828
2030,United Kingdom,UK,Marketing & content,Media & creative,Senior,0.80894,0.03314,0.05817,0.02503,102.50321,0.01125,0.10369
2026,Canada,CA,Marketing & content,Media & creative,Senior,0.20074,0.00879,0.00653,-0.00227,99.77344,-0.00081,-0.00738
2027,Canada,CA,Marketing & content,Media & creative,Senior,0.34658,0.01518,0.01298,-0.0022,99.78027,0.00007,0.00062
2028,Canada,CA,Marketing & content,Media & creative,Senior,0.51964,0.02276,0.02375,0.00099,100.09938,0.0032,0.02901
2029,Canada,CA,Marketing & content,Media & creative,Senior,0.67388,0.02951,0.03833,0.00882,100.8816,0.00781,0.07111
2030,Canada,CA,Marketing & content,Media & creative,Senior,0.78002,0.03416,0.05333,0.01917,101.91733,0.01027,0.09416
2026,United Arab Emirates,AE,Marketing & content,Media & creative,Senior,0.17156,0.00717,0.00534,-0.00183,99.81713,-0.00073,-0.00666
2027,United Arab Emirates,AE,Marketing & content,Media & creative,Senior,0.31516,0.01317,0.01146,-0.0017,99.82961,0.00013,0.00113
2028,United Arab Emirates,AE,Marketing & content,Media & creative,Senior,0.49072,0.0205,0.02249,0.00199,100.19881,0.0037,0.03356
2029,United Arab Emirates,AE,Marketing & content,Media & creative,Senior,0.64406,0.0269,0.03819,0.01128,101.12844,0.00928,0.08451
2030,United Arab Emirates,AE,Marketing & content,Media & creative,Senior,0.74334,0.03105,0.05443,0.02338,102.33834,0.01196,0.10999
2026,Australia,AU,Marketing & content,Media & creative,Senior,0.18674,0.0075,0.00582,-0.00167,99.83252,-0.00058,-0.00528
2027,Australia,AU,Marketing & content,Media & creative,Senior,0.32645,0.01311,0.01165,-0.00145,99.85471,0.00022,0.00202
2028,Australia,AU,Marketing & content,Media & creative,Senior,0.49683,0.01995,0.02154,0.0016,100.15956,0.00305,0.02771
2029,Australia,AU,Marketing & content,Media & creative,Senior,0.65308,0.02622,0.03526,0.00904,100.90381,0.00743,0.06766
2030,Australia,AU,Marketing & content,Media & creative,Senior,0.7631,0.03063,0.04979,0.01915,101.91534,0.01002,0.09196
2026,Germany,DE,Marketing & content,Media & creative,Senior,0.18062,0.0058,0.00544,-0.00036,99.96406,0.00003,0.00028
2027,Germany,DE,Marketing & content,Media & creative,Senior,0.30566,0.00982,0.01032,0.0005,100.04975,0.00086,0.00779
2028,Germany,DE,Marketing & content,Media & creative,Senior,0.46101,0.01481,0.01829,0.00348,100.34775,0.00298,0.02709
2029,Germany,DE,Marketing & content,Media & creative,Senior,0.61255,0.01968,0.02932,0.00963,100.9631,0.00613,0.05594
2030,Germany,DE,Marketing & content,Media & creative,Senior,0.72923,0.02343,0.04148,0.01805,101.80498,0.00834,0.07653
2026,Japan,JP,Marketing & content,Media & creative,Senior,0.16856,0.00503,0.00444,-0.00058,99.94195,-0.00012,-0.00107
2027,Japan,JP,Marketing & content,Media & creative,Senior,0.28811,0.00859,0.00847,-0.00012,99.98774,0.00046,0.00416
2028,Japan,JP,Marketing & content,Media & creative,Senior,0.44,0.01312,0.01513,0.00201,100.20134,0.00214,0.01942
2029,Japan,JP,Marketing & content,Media & creative,Senior,0.59189,0.01765,0.02453,0.00688,100.6883,0.00486,0.04427
2030,Japan,JP,Marketing & content,Media & creative,Senior,0.71144,0.02121,0.03516,0.01395,101.39482,0.00702,0.06423
2026,India,IN,Marketing & content,Media & creative,Senior,0.12095,0.00581,0.00392,-0.00189,99.81092,-0.00083,-0.00757
2027,India,IN,Marketing & content,Media & creative,Senior,0.22322,0.01072,0.00815,-0.00257,99.74269,-0.00068,-0.0062
2028,India,IN,Marketing & content,Media & creative,Senior,0.36,0.01729,0.01583,-0.00147,99.85321,0.00111,0.01005
2029,India,IN,Marketing & content,Media & creative,Senior,0.49678,0.02386,0.02744,0.00357,100.35731,0.00505,0.04583
2030,India,IN,Marketing & content,Media & creative,Senior,0.59905,0.02878,0.04093,0.01215,101.21547,0.00855,0.07801
2026,France,FR,Marketing & content,Media & creative,Senior,0.16451,0.00545,0.00474,-0.00071,99.92868,-0.00017,-0.00154
2027,France,FR,Marketing & content,Media & creative,Senior,0.2785,0.00923,0.00888,-0.00036,99.96436,0.00036,0.00324
2028,France,FR,Marketing & content,Media & creative,Senior,0.42461,0.01408,0.01566,0.00158,100.1585,0.00194,0.01765
2029,France,FR,Marketing & content,Media & creative,Senior,0.57419,0.01904,0.02525,0.00621,100.62077,0.00462,0.04203
2030,France,FR,Marketing & content,Media & creative,Senior,0.69594,0.02307,0.03626,0.01319,101.31874,0.00694,0.06345
2026,Brazil,BR,Marketing & content,Media & creative,Senior,0.09137,0.00389,0.00267,-0.00122,99.87812,-0.00052,-0.00471
2027,Brazil,BR,Marketing & content,Media & creative,Senior,0.16352,0.00696,0.00514,-0.00183,99.81726,-0.00061,-0.00553
2028,Brazil,BR,Marketing & content,Media & creative,Senior,0.26903,0.01146,0.00948,-0.00198,99.80191,-0.00015,-0.00139
2029,Brazil,BR,Marketing & content,Media & creative,Senior,0.39586,0.01686,0.01633,-0.00053,99.94672,0.00145,0.01316
2030,Brazil,BR,Marketing & content,Media & creative,Senior,0.51686,0.02201,0.02547,0.00345,100.34547,0.00399,0.03625
2026,Nigeria,NG,Marketing & content,Media & creative,Senior,0.0536,0.00282,0.00155,-0.00127,99.87307,-0.00056,-0.00505
2027,Nigeria,NG,Marketing & content,Media & creative,Senior,0.09502,0.00499,0.00287,-0.00212,99.7878,-0.00085,-0.00775
2028,Nigeria,NG,Marketing & content,Media & creative,Senior,0.1593,0.00837,0.00519,-0.00318,99.682,-0.00106,-0.00962
2029,Nigeria,NG,Marketing & content,Media & creative,Senior,0.24627,0.01294,0.00898,-0.00396,99.6036,-0.00079,-0.00713
2030,Nigeria,NG,Marketing & content,Media & creative,Senior,0.34443,0.0181,0.0145,-0.0036,99.63969,0.00036,0.00328
2026,United States,US,Marketing & content,Media & creative,Lead / Executive,0.31272,0.00695,0.00921,0.00226,100.22619,0.0017,0.02432
2027,United States,US,Marketing & content,Media & creative,Lead / Executive,0.50443,0.0112,0.01847,0.00727,100.72701,0.005,0.07155
2028,United States,US,Marketing & content,Media & creative,Lead / Executive,0.68352,0.01518,0.03242,0.01724,101.72358,0.00989,0.14237
2029,United States,US,Marketing & content,Media & creative,Lead / Executive,0.80581,0.0179,0.04786,0.02996,102.99579,0.01251,0.18175
2030,United States,US,Marketing & content,Media & creative,Lead / Executive,0.87252,0.01938,0.06009,0.04071,104.07065,0.01044,0.15355
2026,Singapore,SG,Marketing & content,Media & creative,Lead / Executive,0.2925,0.00673,0.0075,0.00078,100.07756,0.00087,0.01246
2027,Singapore,SG,Marketing & content,Media & creative,Lead / Executive,0.49636,0.01141,0.01603,0.00462,100.46175,0.00384,0.05489
2028,Singapore,SG,Marketing & content,Media & creative,Lead / Executive,0.69263,0.01593,0.02982,0.01389,101.38876,0.00923,0.13243
2029,Singapore,SG,Marketing & content,Media & creative,Lead / Executive,0.82532,0.01898,0.04584,0.02686,102.68593,0.01279,0.18531
2030,Singapore,SG,Marketing & content,Media & creative,Lead / Executive,0.89503,0.02058,0.05865,0.03807,103.80718,0.01092,0.16018
2026,United Kingdom,UK,Marketing & content,Media & creative,Lead / Executive,0.22387,0.00453,0.00565,0.00113,100.11274,0.00081,0.01154
2027,United Kingdom,UK,Marketing & content,Media & creative,Lead / Executive,0.38281,0.00774,0.01134,0.0036,100.3599,0.00247,0.03531
2028,United Kingdom,UK,Marketing & content,Media & creative,Lead / Executive,0.56215,0.01136,0.02068,0.00932,100.93195,0.0057,0.08172
2029,United Kingdom,UK,Marketing & content,Media & creative,Lead / Executive,0.71203,0.01439,0.03285,0.01846,101.84573,0.00905,0.13054
2030,United Kingdom,UK,Marketing & content,Media & creative,Lead / Executive,0.80894,0.01635,0.04466,0.0283,102.83019,0.00967,0.14064
2026,Canada,CA,Marketing & content,Media & creative,Lead / Executive,0.20074,0.00434,0.00501,0.00067,100.0671,0.00053,0.00757
2027,Canada,CA,Marketing & content,Media & creative,Lead / Executive,0.34658,0.00749,0.00997,0.00247,100.24745,0.0018,0.02576
2028,Canada,CA,Marketing & content,Media & creative,Lead / Executive,0.51964,0.01123,0.01823,0.007,100.70022,0.00452,0.06468
2029,Canada,CA,Marketing & content,Media & creative,Lead / Executive,0.67388,0.01456,0.02942,0.01486,101.48591,0.0078,0.11224
2030,Canada,CA,Marketing & content,Media & creative,Lead / Executive,0.78002,0.01686,0.04094,0.02408,102.40846,0.00909,0.13179
2026,United Arab Emirates,AE,Marketing & content,Media & creative,Lead / Executive,0.17156,0.00354,0.0041,0.00056,100.0561,0.00045,0.00645
2027,United Arab Emirates,AE,Marketing & content,Media & creative,Lead / Executive,0.31516,0.0065,0.0088,0.0023,100.23014,0.00174,0.02486
2028,United Arab Emirates,AE,Marketing & content,Media & creative,Lead / Executive,0.49072,0.01012,0.01726,0.00715,100.71463,0.00483,0.06921
2029,United Arab Emirates,AE,Marketing & content,Media & creative,Lead / Executive,0.64406,0.01328,0.02932,0.01604,101.60391,0.00883,0.12704
2030,United Arab Emirates,AE,Marketing & content,Media & creative,Lead / Executive,0.74334,0.01532,0.04179,0.02646,102.64642,0.01026,0.14893
2026,Australia,AU,Marketing & content,Media & creative,Lead / Executive,0.18674,0.0037,0.00447,0.00077,100.07697,0.00055,0.0078
2027,Australia,AU,Marketing & content,Media & creative,Lead / Executive,0.32645,0.00647,0.00895,0.00248,100.24776,0.00171,0.0244
2028,Australia,AU,Marketing & content,Media & creative,Lead / Executive,0.49683,0.00984,0.01654,0.00669,100.66932,0.00421,0.06022
2029,Australia,AU,Marketing & content,Media & creative,Lead / Executive,0.65308,0.01294,0.02707,0.01413,101.41265,0.00738,0.10619
2030,Australia,AU,Marketing & content,Media & creative,Lead / Executive,0.7631,0.01512,0.03822,0.0231,102.31027,0.00885,0.12823
2026,Germany,DE,Marketing & content,Media & creative,Lead / Executive,0.18062,0.00286,0.00418,0.00132,100.13154,0.00075,0.01072
2027,Germany,DE,Marketing & content,Media & creative,Lead / Executive,0.30566,0.00485,0.00792,0.00307,100.3075,0.00176,0.02514
2028,Germany,DE,Marketing & content,Media & creative,Lead / Executive,0.46101,0.00731,0.01404,0.00673,100.67314,0.00365,0.05223
2029,Germany,DE,Marketing & content,Media & creative,Lead / Executive,0.61255,0.00971,0.0225,0.01279,101.27904,0.00602,0.08656
2030,Germany,DE,Marketing & content,Media & creative,Lead / Executive,0.72923,0.01156,0.03185,0.02028,102.02813,0.0074,0.10701
2026,Japan,JP,Marketing & content,Media & creative,Lead / Executive,0.16856,0.00248,0.00341,0.00093,100.09322,0.00054,0.00777
2027,Japan,JP,Marketing & content,Media & creative,Lead / Executive,0.28811,0.00424,0.0065,0.00226,100.22608,0.00133,0.01898
2028,Japan,JP,Marketing & content,Media & creative,Lead / Executive,0.44,0.00647,0.01162,0.00514,100.51422,0.00287,0.04116
2029,Japan,JP,Marketing & content,Media & creative,Lead / Executive,0.59189,0.00871,0.01883,0.01012,101.0122,0.00495,0.07114
2030,Japan,JP,Marketing & content,Media & creative,Lead / Executive,0.71144,0.01047,0.02699,0.01652,101.6523,0.00634,0.09144
2026,India,IN,Marketing & content,Media & creative,Lead / Executive,0.12095,0.00287,0.00301,0.00014,100.01414,0.00017,0.00236
2027,India,IN,Marketing & content,Media & creative,Lead / Executive,0.22322,0.00529,0.00626,0.00096,100.09646,0.00082,0.01176
2028,India,IN,Marketing & content,Media & creative,Lead / Executive,0.36,0.00853,0.01215,0.00361,100.36146,0.00265,0.03786
2029,India,IN,Marketing & content,Media & creative,Lead / Executive,0.49678,0.01178,0.02106,0.00929,100.9286,0.00565,0.08102
2030,India,IN,Marketing & content,Media & creative,Lead / Executive,0.59905,0.0142,0.03142,0.01722,101.72208,0.00786,0.11336
2026,France,FR,Marketing & content,Media & creative,Lead / Executive,0.16451,0.00269,0.00364,0.00095,100.09479,0.00055,0.0078
2027,France,FR,Marketing & content,Media & creative,Lead / Executive,0.2785,0.00456,0.00681,0.00226,100.2258,0.00131,0.01872
2028,France,FR,Marketing & content,Media & creative,Lead / Executive,0.42461,0.00695,0.01202,0.00508,100.50765,0.00281,0.04026
2029,France,FR,Marketing & content,Media & creative,Lead / Executive,0.57419,0.0094,0.01938,0.00999,100.9985,0.00488,0.07012
2030,France,FR,Marketing & content,Media & creative,Lead / Executive,0.69594,0.01139,0.02784,0.01645,101.64499,0.0064,0.09236
2026,Brazil,BR,Marketing & content,Media & creative,Lead / Executive,0.09137,0.00192,0.00205,0.00013,100.01311,0.0001,0.00149
2027,Brazil,BR,Marketing & content,Media & creative,Lead / Executive,0.16352,0.00344,0.00394,0.00051,100.05065,0.00038,0.00536
2028,Brazil,BR,Marketing & content,Media & creative,Lead / Executive,0.26903,0.00565,0.00727,0.00162,100.16206,0.00111,0.01592
2029,Brazil,BR,Marketing & content,Media & creative,Lead / Executive,0.39586,0.00832,0.01253,0.00421,100.42131,0.00259,0.03704
2030,Brazil,BR,Marketing & content,Media & creative,Lead / Executive,0.51686,0.01086,0.01955,0.00869,100.86871,0.00446,0.06391
2026,Nigeria,NG,Marketing & content,Media & creative,Lead / Executive,0.0536,0.00139,0.00119,-0.0002,99.97978,-0.00008,-0.00108
2027,Nigeria,NG,Marketing & content,Media & creative,Lead / Executive,0.09502,0.00246,0.0022,-0.00026,99.97402,-0.00006,-0.00082
2028,Nigeria,NG,Marketing & content,Media & creative,Lead / Executive,0.1593,0.00413,0.00399,-0.00015,99.9854,0.00011,0.00163
2029,Nigeria,NG,Marketing & content,Media & creative,Lead / Executive,0.24627,0.00639,0.00689,0.00051,100.05052,0.00065,0.0093
2030,Nigeria,NG,Marketing & content,Media & creative,Lead / Executive,0.34443,0.00893,0.01113,0.0022,100.21966,0.00169,0.02416
2026,United States,US,Paralegal & legal support,Legal,Entry,0.31272,0.16251,0.00549,-0.15702,84.2979,-0.08022,-0.21007
2027,United States,US,Paralegal & legal support,Legal,Entry,0.50443,0.26213,0.01101,-0.25112,74.88787,-0.11163,-0.26886
2028,United States,US,Paralegal & legal support,Legal,Entry,0.68352,0.35519,0.01931,-0.33588,66.41193,-0.11318,-0.24217
2029,United States,US,Paralegal & legal support,Legal,Entry,0.80581,0.41874,0.02851,-0.39023,60.9773,-0.08183,-0.15528
2030,United States,US,Paralegal & legal support,Legal,Entry,0.87252,0.45341,0.0358,-0.41761,58.23901,-0.04491,-0.07824
2026,Singapore,SG,Paralegal & legal support,Legal,Entry,0.2925,0.15737,0.00447,-0.1529,84.71036,-0.08288,-0.21871
2027,Singapore,SG,Paralegal & legal support,Legal,Entry,0.49636,0.26705,0.00955,-0.2575,74.25044,-0.12348,-0.29886
2028,Singapore,SG,Paralegal & legal support,Legal,Entry,0.69263,0.37264,0.01776,-0.35488,64.51194,-0.13116,-0.27824
2029,Singapore,SG,Paralegal & legal support,Legal,Entry,0.82532,0.44403,0.02731,-0.41672,58.32799,-0.09586,-0.17668
2030,Singapore,SG,Paralegal & legal support,Legal,Entry,0.89503,0.48153,0.03494,-0.44659,55.34109,-0.05121,-0.08534
2026,United Kingdom,UK,Paralegal & legal support,Legal,Entry,0.22387,0.10589,0.00337,-0.10252,89.74828,-0.05185,-0.14022
2027,United Kingdom,UK,Paralegal & legal support,Legal,Entry,0.38281,0.18106,0.00675,-0.17431,82.56927,-0.07999,-0.20511
2028,United Kingdom,UK,Paralegal & legal support,Legal,Entry,0.56215,0.26588,0.01232,-0.25356,74.64393,-0.09598,-0.22644
2029,United Kingdom,UK,Paralegal & legal support,Legal,Entry,0.71203,0.33677,0.01957,-0.3172,68.27995,-0.08526,-0.18183
2030,United Kingdom,UK,Paralegal & legal support,Legal,Entry,0.80894,0.38261,0.0266,-0.356,64.39957,-0.05683,-0.11087
2026,Canada,CA,Paralegal & legal support,Legal,Entry,0.20074,0.1015,0.00298,-0.09852,90.14798,-0.04958,-0.13437
2027,Canada,CA,Paralegal & legal support,Legal,Entry,0.34658,0.17525,0.00594,-0.16931,83.06889,-0.07853,-0.20226
2028,Canada,CA,Paralegal & legal support,Legal,Entry,0.51964,0.26275,0.01086,-0.25189,74.81095,-0.09941,-0.23594
2029,Canada,CA,Paralegal & legal support,Legal,Entry,0.67388,0.34075,0.01753,-0.32322,67.67821,-0.09534,-0.20379
2030,Canada,CA,Paralegal & legal support,Legal,Entry,0.78002,0.39442,0.02439,-0.37002,62.99763,-0.06916,-0.13373
2026,United Arab Emirates,AE,Paralegal & legal support,Legal,Entry,0.17156,0.08275,0.00244,-0.0803,91.96952,-0.04302,-0.11811
2027,United Arab Emirates,AE,Paralegal & legal support,Legal,Entry,0.31516,0.15201,0.00524,-0.14676,85.32356,-0.07226,-0.18988
2028,United Arab Emirates,AE,Paralegal & legal support,Legal,Entry,0.49072,0.23668,0.01028,-0.2264,77.3605,-0.09333,-0.22752
2029,United Arab Emirates,AE,Paralegal & legal support,Legal,Entry,0.64406,0.31064,0.01747,-0.29317,70.68276,-0.08632,-0.19079
2030,United Arab Emirates,AE,Paralegal & legal support,Legal,Entry,0.74334,0.35852,0.0249,-0.33363,66.63734,-0.05723,-0.11558
2026,Australia,AU,Paralegal & legal support,Legal,Entry,0.18674,0.08656,0.00266,-0.08389,91.61051,-0.04224,-0.11544
2027,Australia,AU,Paralegal & legal support,Legal,Entry,0.32645,0.15131,0.00533,-0.14598,85.40164,-0.06777,-0.1774
2028,Australia,AU,Paralegal & legal support,Legal,Entry,0.49683,0.23029,0.00985,-0.22044,77.95637,-0.08718,-0.21272
2029,Australia,AU,Paralegal & legal support,Legal,Entry,0.65308,0.30271,0.01612,-0.28659,71.34096,-0.08486,-0.18901
2030,Australia,AU,Paralegal & legal support,Legal,Entry,0.7631,0.35371,0.02277,-0.33094,66.90612,-0.06216,-0.12671
2026,Germany,DE,Paralegal & legal support,Legal,Entry,0.18062,0.06702,0.00249,-0.06453,93.54738,-0.03045,-0.08393
2027,Germany,DE,Paralegal & legal support,Legal,Entry,0.30566,0.11341,0.00472,-0.10869,89.13081,-0.04721,-0.12619
2028,Germany,DE,Paralegal & legal support,Legal,Entry,0.46101,0.17105,0.00837,-0.16269,83.73132,-0.06058,-0.15427
2029,Germany,DE,Paralegal & legal support,Legal,Entry,0.61255,0.22728,0.01341,-0.21387,78.61283,-0.06113,-0.14624
2030,Germany,DE,Paralegal & legal support,Legal,Entry,0.72923,0.27057,0.01897,-0.2516,74.84023,-0.04799,-0.10779
2026,Japan,JP,Paralegal & legal support,Legal,Entry,0.16856,0.05802,0.00203,-0.05599,94.40096,-0.0265,-0.07342
2027,Japan,JP,Paralegal & legal support,Legal,Entry,0.28811,0.09917,0.00387,-0.0953,90.46978,-0.04164,-0.11232
2028,Japan,JP,Paralegal & legal support,Legal,Entry,0.44,0.15146,0.00692,-0.14454,85.54593,-0.05443,-0.14068
2029,Japan,JP,Paralegal & legal support,Legal,Entry,0.59189,0.20375,0.01122,-0.19253,80.74711,-0.0561,-0.13711
2030,Japan,JP,Paralegal & legal support,Legal,Entry,0.71144,0.2449,0.01608,-0.22882,77.11812,-0.04494,-0.10369
2026,India,IN,Paralegal & legal support,Legal,Entry,0.12095,0.06708,0.00179,-0.06529,93.47085,-0.03401,-0.09402
2027,India,IN,Paralegal & legal support,Legal,Entry,0.22322,0.12381,0.00373,-0.12008,87.99178,-0.05862,-0.15655
2028,India,IN,Paralegal & legal support,Legal,Entry,0.36,0.19968,0.00724,-0.19244,80.75615,-0.08223,-0.20673
2029,India,IN,Paralegal & legal support,Legal,Entry,0.49678,0.27554,0.01255,-0.26299,73.70053,-0.08737,-0.20159
2030,India,IN,Paralegal & legal support,Legal,Entry,0.59905,0.33227,0.01872,-0.31355,68.64515,-0.06859,-0.14444
2026,France,FR,Paralegal & legal support,Legal,Entry,0.16451,0.06298,0.00217,-0.06081,93.91918,-0.02835,-0.0783
2027,France,FR,Paralegal & legal support,Legal,Entry,0.2785,0.10661,0.00406,-0.10255,89.74457,-0.04445,-0.11927
2028,France,FR,Paralegal & legal support,Legal,Entry,0.42461,0.16255,0.00716,-0.15538,84.4618,-0.05886,-0.15094
2029,France,FR,Paralegal & legal support,Legal,Entry,0.57419,0.21981,0.01155,-0.20826,79.17374,-0.06261,-0.15109
2030,France,FR,Paralegal & legal support,Legal,Entry,0.69594,0.26642,0.01658,-0.24983,75.01685,-0.0525,-0.11877
2026,Brazil,BR,Paralegal & legal support,Legal,Entry,0.09137,0.04493,0.00122,-0.0437,95.62956,-0.02102,-0.05868
2027,Brazil,BR,Paralegal & legal support,Legal,Entry,0.16352,0.08041,0.00235,-0.07806,92.19423,-0.03592,-0.09815
2028,Brazil,BR,Paralegal & legal support,Legal,Entry,0.26903,0.13229,0.00433,-0.12795,87.20481,-0.05412,-0.14255
2029,Brazil,BR,Paralegal & legal support,Legal,Entry,0.39586,0.19465,0.00747,-0.18719,81.28142,-0.06793,-0.16924
2030,Brazil,BR,Paralegal & legal support,Legal,Entry,0.51686,0.25415,0.01165,-0.24251,75.74931,-0.06806,-0.15806
2026,Nigeria,NG,Paralegal & legal support,Legal,Entry,0.0536,0.03252,0.00071,-0.03181,96.81862,-0.01472,-0.04134
2027,Nigeria,NG,Paralegal & legal support,Legal,Entry,0.09502,0.05766,0.00131,-0.05634,94.36554,-0.02534,-0.07009
2028,Nigeria,NG,Paralegal & legal support,Legal,Entry,0.1593,0.09666,0.00237,-0.09429,90.57138,-0.04021,-0.1084
2029,Nigeria,NG,Paralegal & legal support,Legal,Entry,0.24627,0.14943,0.00411,-0.14532,85.46764,-0.05635,-0.14582
2030,Nigeria,NG,Paralegal & legal support,Legal,Entry,0.34443,0.20899,0.00663,-0.20236,79.76392,-0.06674,-0.16296
2026,United States,US,Paralegal & legal support,Legal,Junior,0.31272,0.08594,0.00825,-0.07769,92.23089,-0.03756,-0.14998
2027,United States,US,Paralegal & legal support,Legal,Junior,0.50443,0.13863,0.01655,-0.12207,87.79271,-0.04812,-0.18492
2028,United States,US,Paralegal & legal support,Legal,Junior,0.68352,0.18784,0.02905,-0.1588,84.12022,-0.04183,-0.15302
2029,United States,US,Paralegal & legal support,Legal,Junior,0.80581,0.22145,0.04288,-0.17857,82.14295,-0.02351,-0.08239
2030,United States,US,Paralegal & legal support,Legal,Junior,0.87252,0.23978,0.05384,-0.18595,81.40528,-0.00898,-0.03074
2026,Singapore,SG,Paralegal & legal support,Legal,Junior,0.2925,0.08322,0.00672,-0.0765,92.34991,-0.03953,-0.15838
2027,Singapore,SG,Paralegal & legal support,Legal,Junior,0.49636,0.14123,0.01436,-0.12686,87.31373,-0.05453,-0.20984
2028,Singapore,SG,Paralegal & legal support,Legal,Junior,0.69263,0.19707,0.02671,-0.17036,82.96425,-0.04981,-0.18123
2029,Singapore,SG,Paralegal & legal support,Legal,Junior,0.82532,0.23482,0.04107,-0.19375,80.62467,-0.0282,-0.09748
2030,Singapore,SG,Paralegal & legal support,Legal,Junior,0.89503,0.25466,0.05255,-0.2021,79.78951,-0.01036,-0.0348
2026,United Kingdom,UK,Paralegal & legal support,Legal,Junior,0.22387,0.056,0.00507,-0.05093,94.90681,-0.02489,-0.10092
2027,United Kingdom,UK,Paralegal & legal support,Legal,Junior,0.38281,0.09575,0.01016,-0.0856,91.44045,-0.03652,-0.14443
2028,United Kingdom,UK,Paralegal & legal support,Legal,Junior,0.56215,0.14061,0.01853,-0.12208,87.79208,-0.0399,-0.15202
2029,United Kingdom,UK,Paralegal & legal support,Legal,Junior,0.71203,0.1781,0.02943,-0.14867,85.13334,-0.03028,-0.11078
2030,United Kingdom,UK,Paralegal & legal support,Legal,Junior,0.80894,0.20234,0.04001,-0.16233,83.7669,-0.01605,-0.05694
2026,Canada,CA,Paralegal & legal support,Legal,Junior,0.20074,0.05368,0.00449,-0.04919,95.0808,-0.02398,-0.09732
2027,Canada,CA,Paralegal & legal support,Legal,Junior,0.34658,0.09268,0.00893,-0.08375,91.62492,-0.03635,-0.144
2028,Canada,CA,Paralegal & legal support,Legal,Junior,0.51964,0.13896,0.01634,-0.12262,87.73802,-0.04242,-0.16195
2029,Canada,CA,Paralegal & legal support,Legal,Junior,0.67388,0.1802,0.02636,-0.15384,84.61596,-0.03558,-0.13009
2030,Canada,CA,Paralegal & legal support,Legal,Junior,0.78002,0.20859,0.03668,-0.1719,82.80982,-0.02135,-0.07526
2026,United Arab Emirates,AE,Paralegal & legal support,Legal,Junior,0.17156,0.04376,0.00367,-0.04009,95.99115,-0.02095,-0.08558
2027,United Arab Emirates,AE,Paralegal & legal support,Legal,Junior,0.31516,0.08039,0.00788,-0.0725,92.74953,-0.03377,-0.13507
2028,United Arab Emirates,AE,Paralegal & legal support,Legal,Junior,0.49072,0.12517,0.01547,-0.1097,89.02997,-0.0401,-0.15498
2029,United Arab Emirates,AE,Paralegal & legal support,Legal,Junior,0.64406,0.16428,0.02627,-0.13801,86.19869,-0.0318,-0.11797
2030,United Arab Emirates,AE,Paralegal & legal support,Legal,Junior,0.74334,0.1896,0.03744,-0.15216,84.78378,-0.01641,-0.05895
2026,Australia,AU,Paralegal & legal support,Legal,Junior,0.18674,0.04578,0.004,-0.04177,95.82287,-0.02046,-0.08338
2027,Australia,AU,Paralegal & legal support,Legal,Junior,0.32645,0.08002,0.00801,-0.07201,92.79934,-0.03155,-0.12598
2028,Australia,AU,Paralegal & legal support,Legal,Junior,0.49683,0.12179,0.01482,-0.10697,89.30291,-0.03768,-0.14568
2029,Australia,AU,Paralegal & legal support,Legal,Junior,0.65308,0.16009,0.02425,-0.13584,86.41601,-0.03233,-0.12029
2030,Australia,AU,Paralegal & legal support,Legal,Junior,0.7631,0.18706,0.03424,-0.15281,84.7187,-0.01964,-0.07072
2026,Germany,DE,Paralegal & legal support,Legal,Junior,0.18062,0.03544,0.00375,-0.0317,96.83036,-0.01459,-0.05975
2027,Germany,DE,Paralegal & legal support,Legal,Junior,0.30566,0.05998,0.0071,-0.05288,94.71209,-0.02188,-0.08826
2028,Germany,DE,Paralegal & legal support,Legal,Junior,0.46101,0.09046,0.01258,-0.07788,92.21211,-0.0264,-0.10417
2029,Germany,DE,Paralegal & legal support,Legal,Junior,0.61255,0.1202,0.02016,-0.10003,89.99679,-0.02402,-0.09231
2030,Germany,DE,Paralegal & legal support,Legal,Junior,0.72923,0.14309,0.02853,-0.11456,88.5443,-0.01614,-0.06052
2026,Japan,JP,Paralegal & legal support,Legal,Junior,0.16856,0.03069,0.00306,-0.02763,97.23718,-0.0128,-0.05254
2027,Japan,JP,Paralegal & legal support,Legal,Junior,0.28811,0.05245,0.00582,-0.04662,95.33755,-0.01954,-0.07915
2028,Japan,JP,Paralegal & legal support,Legal,Junior,0.44,0.0801,0.01041,-0.06969,93.0308,-0.0242,-0.09611
2029,Japan,JP,Paralegal & legal support,Legal,Junior,0.59189,0.10775,0.01687,-0.09088,90.91206,-0.02277,-0.08828
2030,Japan,JP,Paralegal & legal support,Legal,Junior,0.71144,0.12951,0.02418,-0.10533,89.4669,-0.0159,-0.06022
2026,India,IN,Paralegal & legal support,Legal,Junior,0.12095,0.03548,0.0027,-0.03278,96.72186,-0.01674,-0.06861
2027,India,IN,Paralegal & legal support,Legal,Junior,0.22322,0.06548,0.00561,-0.05987,94.01294,-0.02801,-0.11287
2028,India,IN,Paralegal & legal support,Legal,Junior,0.36,0.1056,0.01089,-0.09471,90.52872,-0.03706,-0.14518
2029,India,IN,Paralegal & legal support,Legal,Junior,0.49678,0.14572,0.01887,-0.12685,87.3152,-0.0355,-0.1339
2030,India,IN,Paralegal & legal support,Legal,Junior,0.59905,0.17572,0.02815,-0.14757,85.24347,-0.02373,-0.08632
2026,France,FR,Paralegal & legal support,Legal,Junior,0.16451,0.0333,0.00326,-0.03004,96.99561,-0.0137,-0.05612
2027,France,FR,Paralegal & legal support,Legal,Junior,0.2785,0.05638,0.00611,-0.05028,94.97234,-0.02086,-0.0843
2028,France,FR,Paralegal & legal support,Legal,Junior,0.42461,0.08596,0.01077,-0.07519,92.48117,-0.02623,-0.1038
2029,France,FR,Paralegal & legal support,Legal,Junior,0.57419,0.11624,0.01736,-0.09888,90.11191,-0.02562,-0.09872
2030,France,FR,Paralegal & legal support,Legal,Junior,0.69594,0.14089,0.02494,-0.11595,88.40483,-0.01894,-0.07113
2026,Brazil,BR,Paralegal & legal support,Legal,Junior,0.09137,0.02376,0.00184,-0.02192,97.80787,-0.0104,-0.04282
2027,Brazil,BR,Paralegal & legal support,Legal,Junior,0.16352,0.04252,0.00353,-0.03899,96.10101,-0.01745,-0.07112
2028,Brazil,BR,Paralegal & legal support,Legal,Junior,0.26903,0.06996,0.00652,-0.06344,93.65591,-0.02544,-0.10188
2029,Brazil,BR,Paralegal & legal support,Legal,Junior,0.39586,0.10294,0.01123,-0.09171,90.8288,-0.03019,-0.1178
2030,Brazil,BR,Paralegal & legal support,Legal,Junior,0.51686,0.13441,0.01752,-0.11689,88.3108,-0.02772,-0.10492
2026,Nigeria,NG,Paralegal & legal support,Legal,Junior,0.0536,0.0172,0.00106,-0.01613,98.38654,-0.00739,-0.03053
2027,Nigeria,NG,Paralegal & legal support,Legal,Junior,0.09502,0.03049,0.00198,-0.02852,97.1483,-0.01259,-0.05159
2028,Nigeria,NG,Paralegal & legal support,Legal,Junior,0.1593,0.05112,0.00357,-0.04755,95.24523,-0.01959,-0.07929
2029,Nigeria,NG,Paralegal & legal support,Legal,Junior,0.24627,0.07903,0.00618,-0.07285,92.71499,-0.02657,-0.10543
2030,Nigeria,NG,Paralegal & legal support,Legal,Junior,0.34443,0.11052,0.00997,-0.10055,89.94474,-0.02988,-0.11543
2026,United States,US,Paralegal & legal support,Legal,Mid,0.31272,0.03281,0.00943,-0.02339,97.66147,-0.01049,-0.06471
2027,United States,US,Paralegal & legal support,Legal,Mid,0.50443,0.05293,0.01892,-0.03401,96.59872,-0.01088,-0.06642
2028,United States,US,Paralegal & legal support,Legal,Mid,0.68352,0.07172,0.03319,-0.03853,96.14726,-0.00467,-0.02822
2029,United States,US,Paralegal & legal support,Legal,Mid,0.80581,0.08455,0.049,-0.03555,96.44499,0.0031,0.01861
2030,United States,US,Paralegal & legal support,Legal,Mid,0.87252,0.09155,0.06153,-0.03003,96.99728,0.00573,0.03452
2026,Singapore,SG,Paralegal & legal support,Legal,Mid,0.2925,0.03178,0.00768,-0.02409,97.59058,-0.01176,-0.07259
2027,Singapore,SG,Paralegal & legal support,Legal,Mid,0.49636,0.05392,0.01642,-0.03751,96.2493,-0.01374,-0.08383
2028,Singapore,SG,Paralegal & legal support,Legal,Mid,0.69263,0.07525,0.03053,-0.04472,95.52845,-0.00749,-0.04505
2029,Singapore,SG,Paralegal & legal support,Legal,Mid,0.82532,0.08966,0.04694,-0.04272,95.7277,0.00209,0.01245
2030,Singapore,SG,Paralegal & legal support,Legal,Mid,0.89503,0.09723,0.06006,-0.03717,96.28267,0.0058,0.03469
2026,United Kingdom,UK,Paralegal & legal support,Legal,Mid,0.22387,0.02138,0.00579,-0.01559,98.4408,-0.00728,-0.0451
2027,United Kingdom,UK,Paralegal & legal support,Legal,Mid,0.38281,0.03656,0.01161,-0.02495,97.50491,-0.00951,-0.05849
2028,United Kingdom,UK,Paralegal & legal support,Legal,Mid,0.56215,0.05369,0.02118,-0.03251,96.74917,-0.00775,-0.04723
2029,United Kingdom,UK,Paralegal & legal support,Legal,Mid,0.71203,0.068,0.03364,-0.03436,96.5637,-0.00192,-0.01159
2030,United Kingdom,UK,Paralegal & legal support,Legal,Mid,0.80894,0.07726,0.04573,-0.03153,96.84682,0.00293,0.0177
2026,Canada,CA,Paralegal & legal support,Legal,Mid,0.20074,0.0205,0.00513,-0.01537,98.46335,-0.0072,-0.04463
2027,Canada,CA,Paralegal & legal support,Legal,Mid,0.34658,0.03539,0.0102,-0.02518,97.48173,-0.00997,-0.06135
2028,Canada,CA,Paralegal & legal support,Legal,Mid,0.51964,0.05306,0.01867,-0.03439,96.56139,-0.00944,-0.05752
2029,Canada,CA,Paralegal & legal support,Legal,Mid,0.67388,0.0688,0.03013,-0.03868,96.13239,-0.00444,-0.02681
2030,Canada,CA,Paralegal & legal support,Legal,Mid,0.78002,0.07964,0.04192,-0.03772,96.22824,0.001,0.00599
2026,United Arab Emirates,AE,Paralegal & legal support,Legal,Mid,0.17156,0.01671,0.0042,-0.01251,98.74876,-0.00633,-0.03931
2027,United Arab Emirates,AE,Paralegal & legal support,Legal,Mid,0.31516,0.03069,0.00901,-0.02168,97.83158,-0.00929,-0.05732
2028,United Arab Emirates,AE,Paralegal & legal support,Legal,Mid,0.49072,0.04779,0.01768,-0.03011,96.98852,-0.00862,-0.05269
2029,United Arab Emirates,AE,Paralegal & legal support,Legal,Mid,0.64406,0.06272,0.03002,-0.03271,96.72941,-0.00267,-0.01619
2030,United Arab Emirates,AE,Paralegal & legal support,Legal,Mid,0.74334,0.07239,0.04279,-0.0296,97.03958,0.00321,0.01939
2026,Australia,AU,Paralegal & legal support,Legal,Mid,0.18674,0.01748,0.00458,-0.0129,98.70985,-0.00609,-0.03782
2027,Australia,AU,Paralegal & legal support,Legal,Mid,0.32645,0.03055,0.00916,-0.02139,97.86059,-0.0086,-0.05308
2028,Australia,AU,Paralegal & legal support,Legal,Mid,0.49683,0.0465,0.01693,-0.02957,97.04321,-0.00835,-0.05109
2029,Australia,AU,Paralegal & legal support,Legal,Mid,0.65308,0.06113,0.02771,-0.03341,96.65888,-0.00396,-0.02402
2030,Australia,AU,Paralegal & legal support,Legal,Mid,0.7631,0.07142,0.03914,-0.03229,96.77149,0.00117,0.00704
2026,Germany,DE,Paralegal & legal support,Legal,Mid,0.18062,0.01353,0.00428,-0.00925,99.07479,-0.00409,-0.02545
2027,Germany,DE,Paralegal & legal support,Legal,Mid,0.30566,0.0229,0.00811,-0.01479,98.52118,-0.00559,-0.0346
2028,Germany,DE,Paralegal & legal support,Legal,Mid,0.46101,0.03454,0.01438,-0.02016,97.98396,-0.00545,-0.03358
2029,Germany,DE,Paralegal & legal support,Legal,Mid,0.61255,0.04589,0.02304,-0.02285,97.71513,-0.00274,-0.0168
2030,Germany,DE,Paralegal & legal support,Legal,Mid,0.72923,0.05463,0.03261,-0.02203,97.79749,0.00084,0.00515
2026,Japan,JP,Paralegal & legal support,Legal,Mid,0.16856,0.01172,0.00349,-0.00822,99.17777,-0.00368,-0.02291
2027,Japan,JP,Paralegal & legal support,Legal,Mid,0.28811,0.02003,0.00666,-0.01337,98.66299,-0.00519,-0.03217
2028,Japan,JP,Paralegal & legal support,Legal,Mid,0.44,0.03058,0.01189,-0.01869,98.13109,-0.00539,-0.03324
2029,Japan,JP,Paralegal & legal support,Legal,Mid,0.59189,0.04114,0.01928,-0.02186,97.81406,-0.00323,-0.01981
2030,Japan,JP,Paralegal & legal support,Legal,Mid,0.71144,0.04945,0.02764,-0.02181,97.81867,0.00005,0.00029
2026,India,IN,Paralegal & legal support,Legal,Mid,0.12095,0.01355,0.00308,-0.01046,98.9535,-0.00521,-0.03242
2027,India,IN,Paralegal & legal support,Legal,Mid,0.22322,0.025,0.00641,-0.01859,98.14064,-0.00821,-0.0508
2028,India,IN,Paralegal & legal support,Legal,Mid,0.36,0.04032,0.01244,-0.02788,97.21211,-0.00946,-0.05803
2029,India,IN,Paralegal & legal support,Legal,Mid,0.49678,0.05564,0.02157,-0.03407,96.59296,-0.00637,-0.0387
2030,India,IN,Paralegal & legal support,Legal,Mid,0.59905,0.06709,0.03218,-0.03492,96.50831,-0.00088,-0.00529
2026,France,FR,Paralegal & legal support,Legal,Mid,0.16451,0.01272,0.00373,-0.00899,99.10105,-0.00396,-0.02463
2027,France,FR,Paralegal & legal support,Legal,Mid,0.2785,0.02153,0.00698,-0.01455,98.54504,-0.00561,-0.03475
2028,France,FR,Paralegal & legal support,Legal,Mid,0.42461,0.03282,0.01231,-0.02051,97.94905,-0.00605,-0.03725
2029,France,FR,Paralegal & legal support,Legal,Mid,0.57419,0.04438,0.01984,-0.02454,97.54602,-0.00411,-0.02519
2030,France,FR,Paralegal & legal support,Legal,Mid,0.69594,0.0538,0.0285,-0.02529,97.47088,-0.00077,-0.0047
2026,Brazil,BR,Paralegal & legal support,Legal,Mid,0.09137,0.00907,0.0021,-0.00697,99.30288,-0.00325,-0.02023
2027,Brazil,BR,Paralegal & legal support,Legal,Mid,0.16352,0.01624,0.00404,-0.0122,98.78017,-0.00526,-0.03267
2028,Brazil,BR,Paralegal & legal support,Legal,Mid,0.26903,0.02671,0.00745,-0.01926,98.07375,-0.00715,-0.04415
2029,Brazil,BR,Paralegal & legal support,Legal,Mid,0.39586,0.0393,0.01283,-0.02647,97.35285,-0.00735,-0.04506
2030,Brazil,BR,Paralegal & legal support,Legal,Mid,0.51686,0.05132,0.02002,-0.0313,96.86992,-0.00496,-0.03018
2026,Nigeria,NG,Paralegal & legal support,Legal,Mid,0.0536,0.00657,0.00122,-0.00535,99.46495,-0.00242,-0.01511
2027,Nigeria,NG,Paralegal & legal support,Legal,Mid,0.09502,0.01164,0.00226,-0.00939,99.06149,-0.00406,-0.02522
2028,Nigeria,NG,Paralegal & legal support,Legal,Mid,0.1593,0.01952,0.00408,-0.01544,98.4563,-0.00611,-0.03782
2029,Nigeria,NG,Paralegal & legal support,Legal,Mid,0.24627,0.03017,0.00706,-0.02312,97.6884,-0.0078,-0.04799
2030,Nigeria,NG,Paralegal & legal support,Legal,Mid,0.34443,0.0422,0.0114,-0.0308,96.91959,-0.00787,-0.04805
2026,United States,US,Paralegal & legal support,Legal,Senior,0.31272,0.01504,0.00796,-0.00708,99.29156,-0.0028,-0.0253
2027,United States,US,Paralegal & legal support,Legal,Senior,0.50443,0.02426,0.01596,-0.0083,99.17016,-0.00122,-0.01104
2028,United States,US,Paralegal & legal support,Legal,Senior,0.68352,0.03287,0.02801,-0.00486,99.51353,0.00346,0.03122
2029,United States,US,Paralegal & legal support,Legal,Senior,0.80581,0.03875,0.04135,0.00259,100.25926,0.00749,0.06779
2030,United States,US,Paralegal & legal support,Legal,Senior,0.87252,0.04196,0.05191,0.00995,100.99507,0.00734,0.06689
2026,Singapore,SG,Paralegal & legal support,Legal,Senior,0.2925,0.01456,0.00648,-0.00808,99.19174,-0.00366,-0.03314
2027,Singapore,SG,Paralegal & legal support,Legal,Senior,0.49636,0.02471,0.01385,-0.01086,98.91363,-0.0028,-0.02528
2028,Singapore,SG,Paralegal & legal support,Legal,Senior,0.69263,0.03449,0.02576,-0.00873,99.12721,0.00216,0.01942
2029,Singapore,SG,Paralegal & legal support,Legal,Senior,0.82532,0.04109,0.0396,-0.00149,99.85088,0.0073,0.06579
2030,Singapore,SG,Paralegal & legal support,Legal,Senior,0.89503,0.04456,0.05068,0.00611,100.61101,0.00761,0.0691
2026,United Kingdom,UK,Paralegal & legal support,Legal,Senior,0.22387,0.0098,0.00488,-0.00492,99.50847,-0.00214,-0.01937
2027,United Kingdom,UK,Paralegal & legal support,Legal,Senior,0.38281,0.01676,0.0098,-0.00696,99.30387,-0.00206,-0.0186
2028,United Kingdom,UK,Paralegal & legal support,Legal,Senior,0.56215,0.02461,0.01787,-0.00674,99.32633,0.00023,0.00204
2029,United Kingdom,UK,Paralegal & legal support,Legal,Senior,0.71203,0.03117,0.02838,-0.00278,99.72153,0.00398,0.03593
2030,United Kingdom,UK,Paralegal & legal support,Legal,Senior,0.80894,0.03541,0.03858,0.00317,100.31713,0.00597,0.05415
2026,Canada,CA,Paralegal & legal support,Legal,Senior,0.20074,0.00939,0.00433,-0.00507,99.4934,-0.00225,-0.0204
2027,Canada,CA,Paralegal & legal support,Legal,Senior,0.34658,0.01622,0.00861,-0.00761,99.23906,-0.00256,-0.02312
2028,Canada,CA,Paralegal & legal support,Legal,Senior,0.51964,0.02432,0.01575,-0.00856,99.14353,-0.00096,-0.00868
2029,Canada,CA,Paralegal & legal support,Legal,Senior,0.67388,0.03154,0.02542,-0.00611,99.38855,0.00247,0.02227
2030,Canada,CA,Paralegal & legal support,Legal,Senior,0.78002,0.0365,0.03537,-0.00113,99.8871,0.00502,0.04532
2026,United Arab Emirates,AE,Paralegal & legal support,Legal,Senior,0.17156,0.00766,0.00354,-0.00412,99.58823,-0.00199,-0.01804
2027,United Arab Emirates,AE,Paralegal & legal support,Legal,Senior,0.31516,0.01407,0.0076,-0.00647,99.35338,-0.00236,-0.02135
2028,United Arab Emirates,AE,Paralegal & legal support,Legal,Senior,0.49072,0.0219,0.01491,-0.00699,99.30101,-0.00053,-0.00476
2029,United Arab Emirates,AE,Paralegal & legal support,Legal,Senior,0.64406,0.02875,0.02533,-0.00342,99.65796,0.00359,0.03245
2030,United Arab Emirates,AE,Paralegal & legal support,Legal,Senior,0.74334,0.03318,0.0361,0.00292,100.29233,0.00637,0.05767
2026,Australia,AU,Paralegal & legal support,Legal,Senior,0.18674,0.00801,0.00386,-0.00415,99.58506,-0.00186,-0.01684
2027,Australia,AU,Paralegal & legal support,Legal,Senior,0.32645,0.014,0.00773,-0.00628,99.37246,-0.00213,-0.01933
2028,Australia,AU,Paralegal & legal support,Legal,Senior,0.49683,0.02131,0.01429,-0.00703,99.29741,-0.00076,-0.00682
2029,Australia,AU,Paralegal & legal support,Legal,Senior,0.65308,0.02802,0.02338,-0.00463,99.53679,0.00241,0.02176
2030,Australia,AU,Paralegal & legal support,Legal,Senior,0.7631,0.03274,0.03302,0.00029,100.02867,0.00494,0.04472
2026,Germany,DE,Paralegal & legal support,Legal,Senior,0.18062,0.0062,0.00361,-0.00259,99.7409,-0.00106,-0.00958
2027,Germany,DE,Paralegal & legal support,Legal,Senior,0.30566,0.0105,0.00684,-0.00365,99.63487,-0.00106,-0.00964
2028,Germany,DE,Paralegal & legal support,Legal,Senior,0.46101,0.01583,0.01213,-0.0037,99.63018,-0.00005,-0.00043
2029,Germany,DE,Paralegal & legal support,Legal,Senior,0.61255,0.02103,0.01944,-0.00159,99.84093,0.00212,0.01916
2030,Germany,DE,Paralegal & legal support,Legal,Senior,0.72923,0.02504,0.02751,0.00247,100.24733,0.00407,0.03695
2026,Japan,JP,Paralegal & legal support,Legal,Senior,0.16856,0.00537,0.00295,-0.00242,99.75781,-0.00102,-0.00923
2027,Japan,JP,Paralegal & legal support,Legal,Senior,0.28811,0.00918,0.00562,-0.00356,99.64372,-0.00114,-0.01037
2028,Japan,JP,Paralegal & legal support,Legal,Senior,0.44,0.01402,0.01004,-0.00398,99.60184,-0.00042,-0.00381
2029,Japan,JP,Paralegal & legal support,Legal,Senior,0.59189,0.01886,0.01627,-0.00259,99.74127,0.0014,0.01268
2030,Japan,JP,Paralegal & legal support,Legal,Senior,0.71144,0.02266,0.02332,0.00065,100.06541,0.00325,0.02947
2026,India,IN,Paralegal & legal support,Legal,Senior,0.12095,0.00621,0.0026,-0.00361,99.6391,-0.00174,-0.01583
2027,India,IN,Paralegal & legal support,Legal,Senior,0.22322,0.01146,0.00541,-0.00605,99.39471,-0.00245,-0.02222
2028,India,IN,Paralegal & legal support,Legal,Senior,0.36,0.01848,0.0105,-0.00798,99.20169,-0.00194,-0.01755
2029,India,IN,Paralegal & legal support,Legal,Senior,0.49678,0.0255,0.0182,-0.0073,99.26971,0.00069,0.00618
2030,India,IN,Paralegal & legal support,Legal,Senior,0.59905,0.03075,0.02715,-0.0036,99.63975,0.00373,0.03364
2026,France,FR,Paralegal & legal support,Legal,Senior,0.16451,0.00583,0.00314,-0.00268,99.73162,-0.00111,-0.0101
2027,France,FR,Paralegal & legal support,Legal,Senior,0.2785,0.00987,0.00589,-0.00398,99.6021,-0.0013,-0.01178
2028,France,FR,Paralegal & legal support,Legal,Senior,0.42461,0.01504,0.01039,-0.00465,99.53452,-0.00068,-0.00614
2029,France,FR,Paralegal & legal support,Legal,Senior,0.57419,0.02034,0.01674,-0.0036,99.6401,0.00106,0.0096
2030,France,FR,Paralegal & legal support,Legal,Senior,0.69594,0.02466,0.02405,-0.00061,99.93942,0.003,0.02721
2026,Brazil,BR,Paralegal & legal support,Legal,Senior,0.09137,0.00416,0.00177,-0.00239,99.76145,-0.00109,-0.00987
2027,Brazil,BR,Paralegal & legal support,Legal,Senior,0.16352,0.00744,0.00341,-0.00403,99.59653,-0.00165,-0.01499
2028,Brazil,BR,Paralegal & legal support,Legal,Senior,0.26903,0.01224,0.00629,-0.00596,99.40424,-0.00193,-0.01748
2029,Brazil,BR,Paralegal & legal support,Legal,Senior,0.39586,0.01801,0.01083,-0.00719,99.28134,-0.00124,-0.01117
2030,Brazil,BR,Paralegal & legal support,Legal,Senior,0.51686,0.02352,0.01689,-0.00663,99.33694,0.00056,0.00505
2026,Nigeria,NG,Paralegal & legal support,Legal,Senior,0.0536,0.00301,0.00103,-0.00198,99.80165,-0.00089,-0.00808
2027,Nigeria,NG,Paralegal & legal support,Legal,Senior,0.09502,0.00534,0.0019,-0.00343,99.65686,-0.00145,-0.01316
2028,Nigeria,NG,Paralegal & legal support,Legal,Senior,0.1593,0.00895,0.00344,-0.0055,99.44976,-0.00208,-0.01883
2029,Nigeria,NG,Paralegal & legal support,Legal,Senior,0.24627,0.01383,0.00595,-0.00787,99.21252,-0.00239,-0.02157
2030,Nigeria,NG,Paralegal & legal support,Legal,Senior,0.34443,0.01934,0.00962,-0.00973,99.02737,-0.00187,-0.01683
2026,United States,US,Paralegal & legal support,Legal,Lead / Executive,0.31272,0.00742,0.00611,-0.00132,99.86849,-0.0002,-0.0028
2027,United States,US,Paralegal & legal support,Legal,Lead / Executive,0.50443,0.01197,0.01225,0.00028,100.02807,0.0016,0.0228
2028,United States,US,Paralegal & legal support,Legal,Lead / Executive,0.68352,0.01622,0.0215,0.00528,100.52782,0.005,0.07139
2029,United States,US,Paralegal & legal support,Legal,Lead / Executive,0.80581,0.01913,0.03174,0.01262,101.26153,0.0073,0.10482
2030,United States,US,Paralegal & legal support,Legal,Lead / Executive,0.87252,0.02071,0.03985,0.01914,101.91437,0.00645,0.09326
2026,Singapore,SG,Paralegal & legal support,Legal,Lead / Executive,0.2925,0.00719,0.00498,-0.00221,99.77882,-0.00079,-0.01131
2027,Singapore,SG,Paralegal & legal support,Legal,Lead / Executive,0.49636,0.0122,0.01063,-0.00156,99.84362,0.00065,0.00926
2028,Singapore,SG,Paralegal & legal support,Legal,Lead / Executive,0.69263,0.01702,0.01977,0.00276,100.27552,0.00433,0.0617
2029,Singapore,SG,Paralegal & legal support,Legal,Lead / Executive,0.82532,0.02028,0.0304,0.01012,101.0122,0.00735,0.10524
2030,Singapore,SG,Paralegal & legal support,Legal,Lead / Executive,0.89503,0.02199,0.0389,0.01691,101.69089,0.00672,0.09696
2026,United Kingdom,UK,Paralegal & legal support,Legal,Lead / Executive,0.22387,0.00484,0.00375,-0.00109,99.89134,-0.00035,-0.00493
2027,United Kingdom,UK,Paralegal & legal support,Legal,Lead / Executive,0.38281,0.00827,0.00752,-0.00075,99.92503,0.00034,0.00481
2028,United Kingdom,UK,Paralegal & legal support,Legal,Lead / Executive,0.56215,0.01214,0.01372,0.00157,100.15749,0.00233,0.03321
2029,United Kingdom,UK,Paralegal & legal support,Legal,Lead / Executive,0.71203,0.01538,0.02179,0.00641,100.64075,0.00482,0.06904
2030,United Kingdom,UK,Paralegal & legal support,Legal,Lead / Executive,0.80894,0.01747,0.02962,0.01214,101.21428,0.0057,0.08193
2026,Canada,CA,Paralegal & legal support,Legal,Lead / Executive,0.20074,0.00464,0.00332,-0.00131,99.86866,-0.00049,-0.007
2027,Canada,CA,Paralegal & legal support,Legal,Lead / Executive,0.34658,0.008,0.00661,-0.00139,99.86052,-0.00008,-0.00116
2028,Canada,CA,Paralegal & legal support,Legal,Lead / Executive,0.51964,0.012,0.01209,0.00009,100.00922,0.00149,0.02124
2029,Canada,CA,Paralegal & legal support,Legal,Lead / Executive,0.67388,0.01556,0.01952,0.00395,100.39521,0.00386,0.05514
2030,Canada,CA,Paralegal & legal support,Legal,Lead / Executive,0.78002,0.01801,0.02716,0.00914,100.91412,0.00517,0.07413
2026,United Arab Emirates,AE,Paralegal & legal support,Legal,Lead / Executive,0.17156,0.00378,0.00272,-0.00106,99.89386,-0.00044,-0.00629
2027,United Arab Emirates,AE,Paralegal & legal support,Legal,Lead / Executive,0.31516,0.00694,0.00584,-0.00111,99.8893,-0.00005,-0.00065
2028,United Arab Emirates,AE,Paralegal & legal support,Legal,Lead / Executive,0.49072,0.01081,0.01145,0.00064,100.06395,0.00175,0.02495
2029,United Arab Emirates,AE,Paralegal & legal support,Legal,Lead / Executive,0.64406,0.01419,0.01944,0.00526,100.52564,0.00461,0.06596
2030,United Arab Emirates,AE,Paralegal & legal support,Legal,Lead / Executive,0.74334,0.01637,0.02772,0.01134,101.13413,0.00605,0.08693
2026,Australia,AU,Paralegal & legal support,Legal,Lead / Executive,0.18674,0.00395,0.00296,-0.00099,99.90109,-0.00036,-0.00517
2027,Australia,AU,Paralegal & legal support,Legal,Lead / Executive,0.32645,0.00691,0.00593,-0.00098,99.90219,0.00001,0.00016
2028,Australia,AU,Paralegal & legal support,Legal,Lead / Executive,0.49683,0.01052,0.01097,0.00045,100.04497,0.00143,0.0204
2029,Australia,AU,Paralegal & legal support,Legal,Lead / Executive,0.65308,0.01383,0.01795,0.00413,100.41251,0.00367,0.05251
2030,Australia,AU,Paralegal & legal support,Legal,Lead / Executive,0.7631,0.01615,0.02535,0.0092,100.91951,0.00505,0.07243
2026,Germany,DE,Paralegal & legal support,Legal,Lead / Executive,0.18062,0.00306,0.00277,-0.00029,99.97115,-0.00003,-0.00046
2027,Germany,DE,Paralegal & legal support,Legal,Lead / Executive,0.30566,0.00518,0.00525,0.00007,100.00747,0.00036,0.00519
2028,Germany,DE,Paralegal & legal support,Legal,Lead / Executive,0.46101,0.00781,0.00931,0.0015,100.15012,0.00143,0.02038
2029,Germany,DE,Paralegal & legal support,Legal,Lead / Executive,0.61255,0.01038,0.01493,0.00455,100.45458,0.00304,0.04349
2030,Germany,DE,Paralegal & legal support,Legal,Lead / Executive,0.72923,0.01236,0.02112,0.00876,100.87641,0.0042,0.06026
2026,Japan,JP,Paralegal & legal support,Legal,Lead / Executive,0.16856,0.00265,0.00226,-0.00039,99.9613,-0.0001,-0.00145
2027,Japan,JP,Paralegal & legal support,Legal,Lead / Executive,0.28811,0.00453,0.00431,-0.00022,99.97814,0.00017,0.0024
2028,Japan,JP,Paralegal & legal support,Legal,Lead / Executive,0.44,0.00692,0.0077,0.00079,100.07866,0.00101,0.01436
2029,Japan,JP,Paralegal & legal support,Legal,Lead / Executive,0.59189,0.00931,0.01249,0.00318,100.31837,0.0024,0.03424
2030,Japan,JP,Paralegal & legal support,Legal,Lead / Executive,0.71144,0.01119,0.0179,0.00672,100.67162,0.00352,0.05046
2026,India,IN,Paralegal & legal support,Legal,Lead / Executive,0.12095,0.00306,0.002,-0.00107,99.89316,-0.00048,-0.00682
2027,India,IN,Paralegal & legal support,Legal,Lead / Executive,0.22322,0.00565,0.00415,-0.00151,99.84949,-0.00044,-0.00624
2028,India,IN,Paralegal & legal support,Legal,Lead / Executive,0.36,0.00912,0.00806,-0.00106,99.89381,0.00044,0.00633
2029,India,IN,Paralegal & legal support,Legal,Lead / Executive,0.49678,0.01258,0.01397,0.00139,100.13853,0.00245,0.03496
2030,India,IN,Paralegal & legal support,Legal,Lead / Executive,0.59905,0.01518,0.02084,0.00567,100.56654,0.00427,0.06114
2026,France,FR,Paralegal & legal support,Legal,Lead / Executive,0.16451,0.00288,0.00241,-0.00046,99.95377,-0.00013,-0.00187
2027,France,FR,Paralegal & legal support,Legal,Lead / Executive,0.2785,0.00487,0.00452,-0.00035,99.96506,0.00011,0.00161
2028,France,FR,Paralegal & legal support,Legal,Lead / Executive,0.42461,0.00742,0.00797,0.00055,100.0551,0.0009,0.01286
2029,France,FR,Paralegal & legal support,Legal,Lead / Executive,0.57419,0.01004,0.01285,0.00281,100.28146,0.00226,0.03234
2030,France,FR,Paralegal & legal support,Legal,Lead / Executive,0.69594,0.01217,0.01846,0.00629,100.6295,0.00347,0.04972
2026,Brazil,BR,Paralegal & legal support,Legal,Lead / Executive,0.09137,0.00205,0.00136,-0.00069,99.93087,-0.0003,-0.00424
2027,Brazil,BR,Paralegal & legal support,Legal,Lead / Executive,0.16352,0.00367,0.00262,-0.00106,99.89429,-0.00037,-0.00522
2028,Brazil,BR,Paralegal & legal support,Legal,Lead / Executive,0.26903,0.00604,0.00482,-0.00122,99.87831,-0.00016,-0.00228
2029,Brazil,BR,Paralegal & legal support,Legal,Lead / Executive,0.39586,0.00889,0.00831,-0.00058,99.94221,0.00064,0.00913
2030,Brazil,BR,Paralegal & legal support,Legal,Lead / Executive,0.51686,0.01161,0.01297,0.00136,100.13587,0.00194,0.02767
2026,Nigeria,NG,Paralegal & legal support,Legal,Lead / Executive,0.0536,0.00149,0.00079,-0.0007,99.93025,-0.00031,-0.00438
2027,Nigeria,NG,Paralegal & legal support,Legal,Lead / Executive,0.09502,0.00263,0.00146,-0.00117,99.88288,-0.00047,-0.00677
2028,Nigeria,NG,Paralegal & legal support,Legal,Lead / Executive,0.1593,0.00441,0.00264,-0.00177,99.82286,-0.0006,-0.00857
2029,Nigeria,NG,Paralegal & legal support,Legal,Lead / Executive,0.24627,0.00682,0.00457,-0.00225,99.77463,-0.00048,-0.00689
2030,Nigeria,NG,Paralegal & legal support,Legal,Lead / Executive,0.34443,0.00955,0.00738,-0.00216,99.78363,0.00009,0.00129
2026,United States,US,Journalism & editorial,Media & creative,Entry,0.31272,0.13765,0.00349,-0.13417,86.58323,-0.06773,-0.17973
2027,United States,US,Journalism & editorial,Media & creative,Entry,0.50443,0.22204,0.00699,-0.21505,78.49548,-0.09341,-0.23108
2028,United States,US,Journalism & editorial,Media & creative,Entry,0.68352,0.30087,0.01227,-0.2886,71.13994,-0.09371,-0.21016
2029,United States,US,Journalism & editorial,Media & creative,Entry,0.80581,0.3547,0.01811,-0.33658,66.34172,-0.06745,-0.13709
2030,United States,US,Journalism & editorial,Media & creative,Entry,0.87252,0.38406,0.02274,-0.36132,63.86793,-0.03729,-0.07068
2026,Singapore,SG,Journalism & editorial,Media & creative,Entry,0.2925,0.1333,0.00284,-0.13046,86.95414,-0.06993,-0.18679
2027,Singapore,SG,Journalism & editorial,Media & creative,Entry,0.49636,0.2262,0.00607,-0.22014,77.98635,-0.10313,-0.25622
2028,Singapore,SG,Journalism & editorial,Media & creative,Entry,0.69263,0.31565,0.01128,-0.30437,69.56337,-0.10801,-0.24066
2029,Singapore,SG,Journalism & editorial,Media & creative,Entry,0.82532,0.37612,0.01735,-0.35877,64.12305,-0.07821,-0.15544
2030,Singapore,SG,Journalism & editorial,Media & creative,Entry,0.89503,0.40789,0.0222,-0.38569,61.43129,-0.04198,-0.07691
2026,United Kingdom,UK,Journalism & editorial,Media & creative,Entry,0.22387,0.08969,0.00214,-0.08755,91.24487,-0.04395,-0.11985
2027,United Kingdom,UK,Journalism & editorial,Media & creative,Entry,0.38281,0.15337,0.00429,-0.14908,85.09211,-0.06743,-0.17579
2028,United Kingdom,UK,Journalism & editorial,Media & creative,Entry,0.56215,0.22522,0.00783,-0.21739,78.26097,-0.08028,-0.19518
2029,United Kingdom,UK,Journalism & editorial,Media & creative,Entry,0.71203,0.28527,0.01243,-0.27283,72.71679,-0.07084,-0.15841
2030,United Kingdom,UK,Journalism & editorial,Media & creative,Entry,0.80894,0.32409,0.0169,-0.30719,69.28097,-0.04725,-0.09817
2026,Canada,CA,Journalism & editorial,Media & creative,Entry,0.20074,0.08598,0.0019,-0.08408,91.59156,-0.04201,-0.11476
2027,Canada,CA,Journalism & editorial,Media & creative,Entry,0.34658,0.14845,0.00377,-0.14467,85.53264,-0.06615,-0.17311
2028,Canada,CA,Journalism & editorial,Media & creative,Entry,0.51964,0.22257,0.0069,-0.21567,78.43337,-0.083,-0.20284
2029,Canada,CA,Journalism & editorial,Media & creative,Entry,0.67388,0.28863,0.01114,-0.2775,72.25033,-0.07883,-0.17666
2030,Canada,CA,Journalism & editorial,Media & creative,Entry,0.78002,0.33409,0.0155,-0.3186,68.14028,-0.05689,-0.11743
2026,United Arab Emirates,AE,Journalism & editorial,Media & creative,Entry,0.17156,0.07009,0.00155,-0.06854,93.14601,-0.03652,-0.10087
2027,United Arab Emirates,AE,Journalism & editorial,Media & creative,Entry,0.31516,0.12876,0.00333,-0.12543,87.45719,-0.06107,-0.16254
2028,United Arab Emirates,AE,Journalism & editorial,Media & creative,Entry,0.49072,0.20048,0.00653,-0.19395,80.60522,-0.07835,-0.19577
2029,United Arab Emirates,AE,Journalism & editorial,Media & creative,Entry,0.64406,0.26313,0.0111,-0.25203,74.79671,-0.07206,-0.16596
2030,United Arab Emirates,AE,Journalism & editorial,Media & creative,Entry,0.74334,0.30369,0.01582,-0.28787,71.21265,-0.04792,-0.1024
2026,Australia,AU,Journalism & editorial,Media & creative,Entry,0.18674,0.07332,0.00169,-0.07163,92.83722,-0.03585,-0.09862
2027,Australia,AU,Journalism & editorial,Media & creative,Entry,0.32645,0.12817,0.00339,-0.12479,87.52148,-0.05726,-0.15188
2028,Australia,AU,Journalism & editorial,Media & creative,Entry,0.49683,0.19507,0.00626,-0.18881,81.11912,-0.07315,-0.18292
2029,Australia,AU,Journalism & editorial,Media & creative,Entry,0.65308,0.25642,0.01024,-0.24617,75.38265,-0.07072,-0.1639
2030,Australia,AU,Journalism & editorial,Media & creative,Entry,0.7631,0.29961,0.01447,-0.28515,71.48533,-0.0517,-0.11135
2026,Germany,DE,Journalism & editorial,Media & creative,Entry,0.18062,0.05677,0.00158,-0.05518,94.48151,-0.02592,-0.07184
2027,Germany,DE,Journalism & editorial,Media & creative,Entry,0.30566,0.09607,0.003,-0.09307,90.6932,-0.0401,-0.10824
2028,Germany,DE,Journalism & editorial,Media & creative,Entry,0.46101,0.14489,0.00531,-0.13958,86.04231,-0.05128,-0.13288
2029,Germany,DE,Journalism & editorial,Media & creative,Entry,0.61255,0.19252,0.00852,-0.184,81.59988,-0.05163,-0.12693
2030,Germany,DE,Journalism & editorial,Media & creative,Entry,0.72923,0.22919,0.01205,-0.21714,78.28642,-0.04061,-0.09467
2026,Japan,JP,Journalism & editorial,Media & creative,Entry,0.16856,0.04915,0.00129,-0.04786,95.21423,-0.02256,-0.0628
2027,Japan,JP,Journalism & editorial,Media & creative,Entry,0.28811,0.08401,0.00246,-0.08155,91.84534,-0.03538,-0.09625
2028,Japan,JP,Journalism & editorial,Media & creative,Entry,0.44,0.1283,0.0044,-0.1239,87.61001,-0.04611,-0.12101
2029,Japan,JP,Journalism & editorial,Media & creative,Entry,0.59189,0.17259,0.00713,-0.16546,83.4541,-0.04744,-0.11874
2030,Japan,JP,Journalism & editorial,Media & creative,Entry,0.71144,0.20744,0.01022,-0.19723,80.27719,-0.03807,-0.09077
2026,India,IN,Journalism & editorial,Media & creative,Entry,0.12095,0.05682,0.00114,-0.05569,94.43147,-0.02888,-0.08022
2027,India,IN,Journalism & editorial,Media & creative,Entry,0.22322,0.10487,0.00237,-0.10251,89.74939,-0.04958,-0.13377
2028,India,IN,Journalism & editorial,Media & creative,Entry,0.36,0.16914,0.0046,-0.16454,83.54605,-0.06912,-0.17724
2029,India,IN,Journalism & editorial,Media & creative,Entry,0.49678,0.2334,0.00797,-0.22543,77.45707,-0.07288,-0.17397
2030,India,IN,Journalism & editorial,Media & creative,Entry,0.59905,0.28145,0.01189,-0.26956,73.04416,-0.05697,-0.12608
2026,France,FR,Journalism & editorial,Media & creative,Entry,0.16451,0.05334,0.00138,-0.05197,94.80327,-0.02412,-0.06696
2027,France,FR,Journalism & editorial,Media & creative,Entry,0.2785,0.09031,0.00258,-0.08773,91.22707,-0.03772,-0.10218
2028,France,FR,Journalism & editorial,Media & creative,Entry,0.42461,0.13769,0.00455,-0.13313,86.68654,-0.04977,-0.12973
2029,France,FR,Journalism & editorial,Media & creative,Entry,0.57419,0.18619,0.00734,-0.17886,82.11443,-0.05274,-0.13063
2030,France,FR,Journalism & editorial,Media & creative,Entry,0.69594,0.22567,0.01054,-0.21513,78.48661,-0.04418,-0.10365
2026,Brazil,BR,Journalism & editorial,Media & creative,Entry,0.09137,0.03806,0.00078,-0.03728,96.2721,-0.01788,-0.05007
2027,Brazil,BR,Journalism & editorial,Media & creative,Entry,0.16352,0.06811,0.00149,-0.06662,93.33831,-0.03047,-0.08382
2028,Brazil,BR,Journalism & editorial,Media & creative,Entry,0.26903,0.11205,0.00275,-0.1093,89.06994,-0.04573,-0.12195
2029,Brazil,BR,Journalism & editorial,Media & creative,Entry,0.39586,0.16488,0.00474,-0.16014,83.98614,-0.05708,-0.14525
2030,Brazil,BR,Journalism & editorial,Media & creative,Entry,0.51686,0.21528,0.0074,-0.20788,79.21159,-0.05685,-0.13642
2026,Nigeria,NG,Journalism & editorial,Media & creative,Entry,0.0536,0.02755,0.00045,-0.0271,97.2902,-0.01251,-0.03521
2027,Nigeria,NG,Journalism & editorial,Media & creative,Entry,0.09502,0.04884,0.00083,-0.04801,95.19947,-0.02149,-0.05974
2028,Nigeria,NG,Journalism & editorial,Media & creative,Entry,0.1593,0.08188,0.00151,-0.08037,91.96313,-0.034,-0.09247
2029,Nigeria,NG,Journalism & editorial,Media & creative,Entry,0.24627,0.12658,0.00261,-0.12397,87.60329,-0.04741,-0.12457
2030,Nigeria,NG,Journalism & editorial,Media & creative,Entry,0.34443,0.17703,0.00421,-0.17282,82.71844,-0.05576,-0.13957
2026,United States,US,Journalism & editorial,Media & creative,Junior,0.31272,0.0728,0.00524,-0.06756,93.2444,-0.03261,-0.13097
2027,United States,US,Journalism & editorial,Media & creative,Junior,0.50443,0.11742,0.01052,-0.10691,89.30919,-0.0422,-0.16397
2028,United States,US,Journalism & editorial,Media & creative,Junior,0.68352,0.15911,0.01845,-0.14066,85.93382,-0.03779,-0.14064
2029,United States,US,Journalism & editorial,Media & creative,Junior,0.80581,0.18758,0.02724,-0.16034,83.96604,-0.0229,-0.08199
2030,United States,US,Journalism & editorial,Media & creative,Junior,0.87252,0.20311,0.0342,-0.16891,83.10914,-0.01021,-0.0357
2026,Singapore,SG,Journalism & editorial,Media & creative,Junior,0.2925,0.07049,0.00427,-0.06622,93.37759,-0.03414,-0.13752
2027,Singapore,SG,Journalism & editorial,Media & creative,Junior,0.49636,0.11963,0.00913,-0.1105,88.94981,-0.04742,-0.18449
2028,Singapore,SG,Journalism & editorial,Media & creative,Junior,0.69263,0.16693,0.01697,-0.14996,85.00402,-0.04436,-0.16441
2029,Singapore,SG,Journalism & editorial,Media & creative,Junior,0.82532,0.19891,0.02609,-0.17282,82.71825,-0.02689,-0.09524
2030,Singapore,SG,Journalism & editorial,Media & creative,Junior,0.89503,0.21571,0.03339,-0.18232,81.76767,-0.01149,-0.03961
2026,United Kingdom,UK,Journalism & editorial,Media & creative,Junior,0.22387,0.04743,0.00322,-0.04421,95.57851,-0.02158,-0.08785
2027,United Kingdom,UK,Journalism & editorial,Media & creative,Junior,0.38281,0.08111,0.00645,-0.07466,92.53444,-0.03185,-0.12684
2028,United Kingdom,UK,Journalism & editorial,Media & creative,Junior,0.56215,0.11911,0.01177,-0.10733,89.26673,-0.03531,-0.13615
2029,United Kingdom,UK,Journalism & editorial,Media & creative,Junior,0.71203,0.15086,0.0187,-0.13216,86.78376,-0.02782,-0.10346
2030,United Kingdom,UK,Journalism & editorial,Media & creative,Junior,0.80894,0.17139,0.02542,-0.14598,85.40234,-0.01592,-0.05756
2026,Canada,CA,Journalism & editorial,Media & creative,Junior,0.20074,0.04547,0.00285,-0.04262,95.7381,-0.02074,-0.0845
2027,Canada,CA,Journalism & editorial,Media & creative,Junior,0.34658,0.0785,0.00567,-0.07283,92.71674,-0.03156,-0.12589
2028,Canada,CA,Journalism & editorial,Media & creative,Junior,0.51964,0.1177,0.01038,-0.10733,89.26744,-0.0372,-0.14372
2029,Canada,CA,Journalism & editorial,Media & creative,Junior,0.67388,0.15264,0.01675,-0.13589,86.41055,-0.032,-0.11904
2030,Canada,CA,Journalism & editorial,Media & creative,Junior,0.78002,0.17668,0.0233,-0.15338,84.66208,-0.02023,-0.07285
2026,United Arab Emirates,AE,Journalism & editorial,Media & creative,Junior,0.17156,0.03707,0.00233,-0.03473,96.52652,-0.01814,-0.07429
2027,United Arab Emirates,AE,Journalism & editorial,Media & creative,Junior,0.31516,0.06809,0.00501,-0.06309,93.69149,-0.02937,-0.11813
2028,United Arab Emirates,AE,Journalism & editorial,Media & creative,Junior,0.49072,0.10602,0.00983,-0.0962,90.38021,-0.03534,-0.13797
2029,United Arab Emirates,AE,Journalism & editorial,Media & creative,Junior,0.64406,0.13915,0.01669,-0.12247,87.75325,-0.02907,-0.10946
2030,United Arab Emirates,AE,Journalism & editorial,Media & creative,Junior,0.74334,0.16061,0.02379,-0.13682,86.3181,-0.01635,-0.0598
2026,Australia,AU,Journalism & editorial,Media & creative,Junior,0.18674,0.03877,0.00254,-0.03623,96.37693,-0.01773,-0.07247
2027,Australia,AU,Journalism & editorial,Media & creative,Junior,0.32645,0.06778,0.00509,-0.06269,93.73089,-0.02746,-0.11025
2028,Australia,AU,Journalism & editorial,Media & creative,Junior,0.49683,0.10316,0.00941,-0.09375,90.62518,-0.03313,-0.1294
2029,Australia,AU,Journalism & editorial,Media & creative,Junior,0.65308,0.13561,0.01541,-0.1202,87.98004,-0.02919,-0.11021
2030,Australia,AU,Journalism & editorial,Media & creative,Junior,0.7631,0.15845,0.02176,-0.13669,86.33065,-0.01875,-0.06872
2026,Germany,DE,Journalism & editorial,Media & creative,Junior,0.18062,0.03002,0.00238,-0.02764,97.23583,-0.01273,-0.05224
2027,Germany,DE,Journalism & editorial,Media & creative,Junior,0.30566,0.0508,0.00451,-0.04629,95.37051,-0.01918,-0.07772
2028,Germany,DE,Journalism & editorial,Media & creative,Junior,0.46101,0.07663,0.00799,-0.06863,93.13676,-0.02342,-0.09307
2029,Germany,DE,Journalism & editorial,Media & creative,Junior,0.61255,0.10181,0.01281,-0.089,91.0997,-0.02187,-0.08488
2030,Germany,DE,Journalism & editorial,Media & creative,Junior,0.72923,0.12121,0.01813,-0.10308,89.69212,-0.01545,-0.05865
2026,Japan,JP,Journalism & editorial,Media & creative,Junior,0.16856,0.02599,0.00194,-0.02405,97.59499,-0.01115,-0.04584
2027,Japan,JP,Journalism & editorial,Media & creative,Junior,0.28811,0.04443,0.0037,-0.04073,95.92731,-0.01709,-0.06949
2028,Japan,JP,Journalism & editorial,Media & creative,Junior,0.44,0.06785,0.00661,-0.06124,93.87628,-0.02138,-0.08546
2029,Japan,JP,Journalism & editorial,Media & creative,Junior,0.59189,0.09127,0.01072,-0.08055,91.9447,-0.02058,-0.08048
2030,Japan,JP,Journalism & editorial,Media & creative,Junior,0.71144,0.10971,0.01536,-0.09434,90.56574,-0.015,-0.05746
2026,India,IN,Journalism & editorial,Media & creative,Junior,0.12095,0.03005,0.00171,-0.02834,97.16614,-0.01446,-0.05939
2027,India,IN,Journalism & editorial,Media & creative,Junior,0.22322,0.05546,0.00356,-0.0519,94.8099,-0.02425,-0.09818
2028,India,IN,Journalism & editorial,Media & creative,Junior,0.36,0.08945,0.00692,-0.08253,91.74676,-0.03231,-0.12763
2029,India,IN,Journalism & editorial,Media & creative,Junior,0.49678,0.12343,0.01199,-0.11144,88.85559,-0.03151,-0.12047
2030,India,IN,Journalism & editorial,Media & creative,Junior,0.59905,0.14884,0.01789,-0.13096,86.90415,-0.02196,-0.08131
2026,France,FR,Journalism & editorial,Media & creative,Junior,0.16451,0.02821,0.00207,-0.02614,97.38605,-0.01192,-0.04893
2027,France,FR,Journalism & editorial,Media & creative,Junior,0.2785,0.04776,0.00388,-0.04388,95.61197,-0.01822,-0.07392
2028,France,FR,Journalism & editorial,Media & creative,Junior,0.42461,0.07281,0.00684,-0.06597,93.40297,-0.0231,-0.09204
2029,France,FR,Journalism & editorial,Media & creative,Junior,0.57419,0.09847,0.01103,-0.08743,91.2565,-0.02298,-0.08944
2030,France,FR,Journalism & editorial,Media & creative,Junior,0.69594,0.11934,0.01585,-0.1035,89.65004,-0.0176,-0.06694
2026,Brazil,BR,Journalism & editorial,Media & creative,Junior,0.09137,0.02013,0.00117,-0.01896,98.10422,-0.00899,-0.03706
2027,Brazil,BR,Journalism & editorial,Media & creative,Junior,0.16352,0.03602,0.00224,-0.03377,96.62251,-0.0151,-0.06174
2028,Brazil,BR,Journalism & editorial,Media & creative,Junior,0.26903,0.05926,0.00414,-0.05512,94.48815,-0.02209,-0.08893
2029,Brazil,BR,Journalism & editorial,Media & creative,Junior,0.39586,0.0872,0.00713,-0.08006,91.99366,-0.0264,-0.10394
2030,Brazil,BR,Journalism & editorial,Media & creative,Junior,0.51686,0.11385,0.01113,-0.10272,89.72762,-0.02463,-0.09442
2026,Nigeria,NG,Journalism & editorial,Media & creative,Junior,0.0536,0.01457,0.00068,-0.01389,98.61077,-0.00636,-0.0263
2027,Nigeria,NG,Journalism & editorial,Media & creative,Junior,0.09502,0.02583,0.00125,-0.02457,97.54262,-0.01083,-0.04451
2028,Nigeria,NG,Journalism & editorial,Media & creative,Junior,0.1593,0.0433,0.00227,-0.04103,95.89681,-0.01687,-0.06858
2029,Nigeria,NG,Journalism & editorial,Media & creative,Junior,0.24627,0.06694,0.00392,-0.06302,93.6984,-0.02292,-0.0916
2030,Nigeria,NG,Journalism & editorial,Media & creative,Junior,0.34443,0.09362,0.00633,-0.08729,91.27144,-0.0259,-0.10112
2026,United States,US,Journalism & editorial,Media & creative,Mid,0.31272,0.0278,0.00599,-0.02181,97.81946,-0.00997,-0.06155
2027,United States,US,Journalism & editorial,Media & creative,Mid,0.50443,0.04483,0.01202,-0.03282,96.71832,-0.01126,-0.06882
2028,United States,US,Journalism & editorial,Media & creative,Mid,0.68352,0.06075,0.02109,-0.03966,96.03356,-0.00708,-0.0428
2029,United States,US,Journalism & editorial,Media & creative,Mid,0.80581,0.07162,0.03113,-0.04049,95.95099,-0.00086,-0.00516
2030,United States,US,Journalism & editorial,Media & creative,Mid,0.87252,0.07755,0.03909,-0.03846,96.15361,0.00211,0.01266
2026,Singapore,SG,Journalism & editorial,Media & creative,Mid,0.2925,0.02692,0.00488,-0.02204,97.79641,-0.01088,-0.06725
2027,Singapore,SG,Journalism & editorial,Media & creative,Mid,0.49636,0.04568,0.01043,-0.03525,96.47531,-0.01351,-0.08257
2028,Singapore,SG,Journalism & editorial,Media & creative,Mid,0.69263,0.06374,0.0194,-0.04434,95.56582,-0.00943,-0.05684
2029,Singapore,SG,Journalism & editorial,Media & creative,Mid,0.82532,0.07595,0.02982,-0.04613,95.38716,-0.00187,-0.01117
2030,Singapore,SG,Journalism & editorial,Media & creative,Mid,0.89503,0.08236,0.03816,-0.04421,95.57936,0.00201,0.01201
2026,United Kingdom,UK,Journalism & editorial,Media & creative,Mid,0.22387,0.01811,0.00368,-0.01443,98.55668,-0.00681,-0.04224
2027,United Kingdom,UK,Journalism & editorial,Media & creative,Mid,0.38281,0.03097,0.00738,-0.02359,97.64066,-0.00929,-0.05725
2028,United Kingdom,UK,Journalism & editorial,Media & creative,Mid,0.56215,0.04548,0.01346,-0.03202,96.79784,-0.00863,-0.05268
2029,United Kingdom,UK,Journalism & editorial,Media & creative,Mid,0.71203,0.0576,0.02137,-0.03623,96.37689,-0.00435,-0.02631
2030,United Kingdom,UK,Journalism & editorial,Media & creative,Mid,0.80894,0.06544,0.02905,-0.03639,96.36076,-0.00017,-0.00101
2026,Canada,CA,Journalism & editorial,Media & creative,Mid,0.20074,0.01736,0.00326,-0.0141,98.58974,-0.00666,-0.04134
2027,Canada,CA,Journalism & editorial,Media & creative,Mid,0.34658,0.02997,0.00648,-0.02349,97.65079,-0.00952,-0.05868
2028,Canada,CA,Journalism & editorial,Media & creative,Mid,0.51964,0.04494,0.01186,-0.03308,96.69194,-0.00982,-0.05993
2029,Canada,CA,Journalism & editorial,Media & creative,Mid,0.67388,0.05828,0.01914,-0.03914,96.08589,-0.00627,-0.03788
2030,Canada,CA,Journalism & editorial,Media & creative,Mid,0.78002,0.06746,0.02663,-0.04083,95.91729,-0.00175,-0.01054
2026,United Arab Emirates,AE,Journalism & editorial,Media & creative,Mid,0.17156,0.01415,0.00267,-0.01149,98.85127,-0.00585,-0.03639
2027,United Arab Emirates,AE,Journalism & editorial,Media & creative,Mid,0.31516,0.026,0.00572,-0.02028,97.97243,-0.00889,-0.05493
2028,United Arab Emirates,AE,Journalism & editorial,Media & creative,Mid,0.49072,0.04048,0.01123,-0.02925,97.07478,-0.00916,-0.0561
2029,United Arab Emirates,AE,Journalism & editorial,Media & creative,Mid,0.64406,0.05313,0.01907,-0.03406,96.59392,-0.00495,-0.03005
2030,United Arab Emirates,AE,Journalism & editorial,Media & creative,Mid,0.74334,0.06132,0.02718,-0.03414,96.58621,-0.00008,-0.00048
2026,Australia,AU,Journalism & editorial,Media & creative,Mid,0.18674,0.0148,0.00291,-0.0119,98.81025,-0.00567,-0.03519
2027,Australia,AU,Journalism & editorial,Media & creative,Mid,0.32645,0.02588,0.00582,-0.02006,97.99383,-0.00826,-0.05103
2028,Australia,AU,Journalism & editorial,Media & creative,Mid,0.49683,0.03939,0.01076,-0.02863,97.13685,-0.00875,-0.05356
2029,Australia,AU,Journalism & editorial,Media & creative,Mid,0.65308,0.05178,0.01761,-0.03417,96.58299,-0.0057,-0.03462
2030,Australia,AU,Journalism & editorial,Media & creative,Mid,0.7631,0.0605,0.02486,-0.03564,96.43648,-0.00152,-0.00916
2026,Germany,DE,Journalism & editorial,Media & creative,Mid,0.18062,0.01146,0.00272,-0.00874,99.12565,-0.00391,-0.02434
2027,Germany,DE,Journalism & editorial,Media & creative,Mid,0.30566,0.0194,0.00515,-0.01424,98.57557,-0.00555,-0.03438
2028,Germany,DE,Journalism & editorial,Media & creative,Mid,0.46101,0.02926,0.00913,-0.02012,97.9878,-0.00596,-0.03674
2029,Germany,DE,Journalism & editorial,Media & creative,Mid,0.61255,0.03887,0.01464,-0.02423,97.57658,-0.0042,-0.0257
2030,Germany,DE,Journalism & editorial,Media & creative,Mid,0.72923,0.04628,0.02072,-0.02556,97.44379,-0.00136,-0.0083
2026,Japan,JP,Journalism & editorial,Media & creative,Mid,0.16856,0.00992,0.00222,-0.0077,99.22954,-0.00349,-0.02169
2027,Japan,JP,Journalism & editorial,Media & creative,Mid,0.28811,0.01696,0.00423,-0.01273,98.72654,-0.00507,-0.03144
2028,Japan,JP,Journalism & editorial,Media & creative,Mid,0.44,0.02591,0.00756,-0.01835,98.16504,-0.00569,-0.03509
2029,Japan,JP,Journalism & editorial,Media & creative,Mid,0.59189,0.03485,0.01225,-0.0226,97.74006,-0.00433,-0.02656
2030,Japan,JP,Journalism & editorial,Media & creative,Mid,0.71144,0.04189,0.01756,-0.02433,97.56702,-0.00177,-0.01081
2026,India,IN,Journalism & editorial,Media & creative,Mid,0.12095,0.01147,0.00196,-0.00952,99.04831,-0.00477,-0.02965
2027,India,IN,Journalism & editorial,Media & creative,Mid,0.22322,0.02118,0.00407,-0.01711,98.28935,-0.00766,-0.04744
2028,India,IN,Journalism & editorial,Media & creative,Mid,0.36,0.03415,0.0079,-0.02625,97.37505,-0.0093,-0.05714
2029,India,IN,Journalism & editorial,Media & creative,Mid,0.49678,0.04713,0.0137,-0.03343,96.6573,-0.00737,-0.04486
2030,India,IN,Journalism & editorial,Media & creative,Mid,0.59905,0.05683,0.02044,-0.03639,96.36096,-0.00307,-0.01852
2026,France,FR,Journalism & editorial,Media & creative,Mid,0.16451,0.01077,0.00237,-0.0084,99.15961,-0.00374,-0.02325
2027,France,FR,Journalism & editorial,Media & creative,Mid,0.2785,0.01824,0.00443,-0.0138,98.61979,-0.00544,-0.03374
2028,France,FR,Journalism & editorial,Media & creative,Mid,0.42461,0.0278,0.00782,-0.01998,98.002,-0.00626,-0.03861
2029,France,FR,Journalism & editorial,Media & creative,Mid,0.57419,0.0376,0.01261,-0.02499,97.50109,-0.00511,-0.03131
2030,France,FR,Journalism & editorial,Media & creative,Mid,0.69594,0.04557,0.01811,-0.02746,97.25406,-0.00253,-0.01544
2026,Brazil,BR,Journalism & editorial,Media & creative,Mid,0.09137,0.00768,0.00133,-0.00635,99.36502,-0.00297,-0.0185
2027,Brazil,BR,Journalism & editorial,Media & creative,Mid,0.16352,0.01375,0.00257,-0.01119,98.88123,-0.00487,-0.03024
2028,Brazil,BR,Journalism & editorial,Media & creative,Mid,0.26903,0.02263,0.00473,-0.01789,98.21061,-0.00678,-0.04191
2029,Brazil,BR,Journalism & editorial,Media & creative,Mid,0.39586,0.03329,0.00815,-0.02514,97.48595,-0.00738,-0.04529
2030,Brazil,BR,Journalism & editorial,Media & creative,Mid,0.51686,0.04347,0.01272,-0.03075,96.92471,-0.00576,-0.03508
2026,Nigeria,NG,Journalism & editorial,Media & creative,Mid,0.0536,0.00556,0.00077,-0.00479,99.52102,-0.00217,-0.01356
2027,Nigeria,NG,Journalism & editorial,Media & creative,Mid,0.09502,0.00986,0.00143,-0.00843,99.15723,-0.00366,-0.02274
2028,Nigeria,NG,Journalism & editorial,Media & creative,Mid,0.1593,0.01653,0.00259,-0.01394,98.60598,-0.00556,-0.03445
2029,Nigeria,NG,Journalism & editorial,Media & creative,Mid,0.24627,0.02556,0.00448,-0.02108,97.89249,-0.00724,-0.04459
2030,Nigeria,NG,Journalism & editorial,Media & creative,Mid,0.34443,0.03575,0.00724,-0.02851,97.14939,-0.00759,-0.04644
2026,United States,US,Journalism & editorial,Media & creative,Senior,0.31272,0.01274,0.00505,-0.00769,99.23145,-0.00328,-0.0297
2027,United States,US,Journalism & editorial,Media & creative,Senior,0.50443,0.02055,0.01014,-0.01041,98.95908,-0.00274,-0.02476
2028,United States,US,Journalism & editorial,Media & creative,Senior,0.68352,0.02784,0.01779,-0.01005,98.99483,0.00036,0.00325
2029,United States,US,Journalism & editorial,Media & creative,Senior,0.80581,0.03283,0.02627,-0.00656,99.34405,0.00353,0.03175
2030,United States,US,Journalism & editorial,Media & creative,Senior,0.87252,0.03554,0.03298,-0.00256,99.74356,0.00402,0.03632
2026,Singapore,SG,Journalism & editorial,Media & creative,Senior,0.2925,0.01234,0.00412,-0.00822,99.17811,-0.00388,-0.03514
2027,Singapore,SG,Journalism & editorial,Media & creative,Senior,0.49636,0.02093,0.0088,-0.01214,98.78646,-0.00395,-0.0356
2028,Singapore,SG,Journalism & editorial,Media & creative,Senior,0.69263,0.02921,0.01636,-0.01285,98.7152,-0.00072,-0.00648
2029,Singapore,SG,Journalism & editorial,Media & creative,Senior,0.82532,0.03481,0.02516,-0.00965,99.03504,0.00324,0.02908
2030,Singapore,SG,Journalism & editorial,Media & creative,Senior,0.89503,0.03775,0.03219,-0.00556,99.44444,0.00413,0.03722
2026,United Kingdom,UK,Journalism & editorial,Media & creative,Senior,0.22387,0.0083,0.0031,-0.0052,99.48022,-0.00236,-0.02136
2027,United Kingdom,UK,Journalism & editorial,Media & creative,Senior,0.38281,0.01419,0.00622,-0.00797,99.2029,-0.00279,-0.02521
2028,United Kingdom,UK,Journalism & editorial,Media & creative,Senior,0.56215,0.02084,0.01135,-0.00949,99.05093,-0.00153,-0.01382
2029,United Kingdom,UK,Journalism & editorial,Media & creative,Senior,0.71203,0.0264,0.01803,-0.00837,99.16307,0.00113,0.01019
2030,United Kingdom,UK,Journalism & editorial,Media & creative,Senior,0.80894,0.02999,0.02451,-0.00548,99.45162,0.00291,0.02623
2026,Canada,CA,Journalism & editorial,Media & creative,Senior,0.20074,0.00796,0.00275,-0.00521,99.47923,-0.00238,-0.02162
2027,Canada,CA,Journalism & editorial,Media & creative,Senior,0.34658,0.01374,0.00547,-0.00827,99.17312,-0.00308,-0.02783
2028,Canada,CA,Journalism & editorial,Media & creative,Senior,0.51964,0.0206,0.01001,-0.01059,98.94094,-0.00234,-0.02111
2029,Canada,CA,Journalism & editorial,Media & creative,Senior,0.67388,0.02671,0.01615,-0.01056,98.94374,0.00003,0.00025
2030,Canada,CA,Journalism & editorial,Media & creative,Senior,0.78002,0.03092,0.02247,-0.00845,99.15528,0.00214,0.01923
2026,United Arab Emirates,AE,Journalism & editorial,Media & creative,Senior,0.17156,0.00649,0.00225,-0.00424,99.57624,-0.0021,-0.01907
2027,United Arab Emirates,AE,Journalism & editorial,Media & creative,Senior,0.31516,0.01192,0.00483,-0.00709,99.2913,-0.00286,-0.0259
2028,United Arab Emirates,AE,Journalism & editorial,Media & creative,Senior,0.49072,0.01855,0.00947,-0.00908,99.09208,-0.00201,-0.01811
2029,United Arab Emirates,AE,Journalism & editorial,Media & creative,Senior,0.64406,0.02435,0.01609,-0.00826,99.1739,0.00083,0.00744
2030,United Arab Emirates,AE,Journalism & editorial,Media & creative,Senior,0.74334,0.02811,0.02294,-0.00517,99.48307,0.00312,0.02811
2026,Australia,AU,Journalism & editorial,Media & creative,Senior,0.18674,0.00679,0.00245,-0.00433,99.56675,-0.002,-0.01815
2027,Australia,AU,Journalism & editorial,Media & creative,Senior,0.32645,0.01186,0.00491,-0.00695,99.30478,-0.00263,-0.02382
2028,Australia,AU,Journalism & editorial,Media & creative,Senior,0.49683,0.01805,0.00908,-0.00898,99.10232,-0.00204,-0.01841
2029,Australia,AU,Journalism & editorial,Media & creative,Senior,0.65308,0.02373,0.01486,-0.00888,99.11245,0.0001,0.00092
2030,Australia,AU,Journalism & editorial,Media & creative,Senior,0.7631,0.02773,0.02098,-0.00675,99.325,0.00214,0.01932
2026,Germany,DE,Journalism & editorial,Media & creative,Senior,0.18062,0.00525,0.00229,-0.00296,99.70406,-0.00127,-0.01154
2027,Germany,DE,Journalism & editorial,Media & creative,Senior,0.30566,0.00889,0.00435,-0.00454,99.54577,-0.00159,-0.01439
2028,Germany,DE,Journalism & editorial,Media & creative,Senior,0.46101,0.01341,0.00771,-0.0057,99.42982,-0.00116,-0.01054
2029,Germany,DE,Journalism & editorial,Media & creative,Senior,0.61255,0.01782,0.01235,-0.00546,99.45351,0.00024,0.00215
2030,Germany,DE,Journalism & editorial,Media & creative,Senior,0.72923,0.02121,0.01748,-0.00373,99.62685,0.00174,0.01576
2026,Japan,JP,Journalism & editorial,Media & creative,Senior,0.16856,0.00455,0.00187,-0.00268,99.73242,-0.00117,-0.01062
2027,Japan,JP,Journalism & editorial,Media & creative,Senior,0.28811,0.00777,0.00357,-0.00421,99.57929,-0.00154,-0.01392
2028,Japan,JP,Journalism & editorial,Media & creative,Senior,0.44,0.01187,0.00638,-0.0055,99.45021,-0.0013,-0.01173
2029,Japan,JP,Journalism & editorial,Media & creative,Senior,0.59189,0.01597,0.01034,-0.00564,99.43632,-0.00014,-0.00126
2030,Japan,JP,Journalism & editorial,Media & creative,Senior,0.71144,0.0192,0.01481,-0.00438,99.56159,0.00126,0.01139
2026,India,IN,Journalism & editorial,Media & creative,Senior,0.12095,0.00526,0.00165,-0.00361,99.63925,-0.00177,-0.01609
2027,India,IN,Journalism & editorial,Media & creative,Senior,0.22322,0.00971,0.00343,-0.00627,99.37281,-0.00267,-0.02422
2028,India,IN,Journalism & editorial,Media & creative,Senior,0.36,0.01565,0.00667,-0.00898,99.1015,-0.00273,-0.02466
2029,India,IN,Journalism & editorial,Media & creative,Senior,0.49678,0.0216,0.01156,-0.01004,98.99603,-0.00106,-0.00959
2030,India,IN,Journalism & editorial,Media & creative,Senior,0.59905,0.02605,0.01725,-0.0088,99.11994,0.00125,0.01126
2026,France,FR,Journalism & editorial,Media & creative,Senior,0.16451,0.00494,0.002,-0.00294,99.70608,-0.00127,-0.01149
2027,France,FR,Journalism & editorial,Media & creative,Senior,0.2785,0.00836,0.00374,-0.00462,99.53827,-0.00168,-0.01526
2028,France,FR,Journalism & editorial,Media & creative,Senior,0.42461,0.01274,0.0066,-0.00614,99.38572,-0.00153,-0.01387
2029,France,FR,Journalism & editorial,Media & creative,Senior,0.57419,0.01723,0.01064,-0.00659,99.34057,-0.00045,-0.0041
2030,France,FR,Journalism & editorial,Media & creative,Senior,0.69594,0.02089,0.01528,-0.00561,99.43938,0.00099,0.00898
2026,Brazil,BR,Journalism & editorial,Media & creative,Senior,0.09137,0.00352,0.00113,-0.0024,99.7604,-0.00111,-0.01003
2027,Brazil,BR,Journalism & editorial,Media & creative,Senior,0.16352,0.0063,0.00216,-0.00414,99.5861,-0.00175,-0.01585
2028,Brazil,BR,Journalism & editorial,Media & creative,Senior,0.26903,0.01037,0.00399,-0.00638,99.36226,-0.00225,-0.02035
2029,Brazil,BR,Journalism & editorial,Media & creative,Senior,0.39586,0.01526,0.00688,-0.00838,99.16195,-0.00202,-0.01821
2030,Brazil,BR,Journalism & editorial,Media & creative,Senior,0.51686,0.01992,0.01073,-0.00919,99.08066,-0.00082,-0.00739
2026,Nigeria,NG,Journalism & editorial,Media & creative,Senior,0.0536,0.00255,0.00065,-0.0019,99.81025,-0.00086,-0.00777
2027,Nigeria,NG,Journalism & editorial,Media & creative,Senior,0.09502,0.00452,0.00121,-0.00331,99.669,-0.00142,-0.01284
2028,Nigeria,NG,Journalism & editorial,Media & creative,Senior,0.1593,0.00758,0.00219,-0.00539,99.461,-0.00209,-0.01891
2029,Nigeria,NG,Journalism & editorial,Media & creative,Senior,0.24627,0.01171,0.00378,-0.00793,99.20686,-0.00256,-0.0231
2030,Nigeria,NG,Journalism & editorial,Media & creative,Senior,0.34443,0.01638,0.00611,-0.01027,98.97251,-0.00236,-0.0213
2026,United States,US,Journalism & editorial,Media & creative,Lead / Executive,0.31272,0.00629,0.00388,-0.00241,99.75928,-0.00087,-0.01235
2027,United States,US,Journalism & editorial,Media & creative,Lead / Executive,0.50443,0.01014,0.00778,-0.00236,99.76431,0.00005,0.00072
2028,United States,US,Journalism & editorial,Media & creative,Lead / Executive,0.68352,0.01374,0.01366,-0.00008,99.99178,0.00228,0.0325
2029,United States,US,Journalism & editorial,Media & creative,Lead / Executive,0.80581,0.0162,0.02016,0.00396,100.39644,0.00405,0.05781
2030,United States,US,Journalism & editorial,Media & creative,Lead / Executive,0.87252,0.01754,0.02532,0.00778,100.77765,0.0038,0.05446
2026,Singapore,SG,Journalism & editorial,Media & creative,Lead / Executive,0.2925,0.00609,0.00316,-0.00293,99.70728,-0.00127,-0.01811
2027,Singapore,SG,Journalism & editorial,Media & creative,Lead / Executive,0.49636,0.01033,0.00676,-0.00358,99.64237,-0.00065,-0.00927
2028,Singapore,SG,Journalism & editorial,Media & creative,Lead / Executive,0.69263,0.01442,0.01256,-0.00185,99.81462,0.00173,0.02461
2029,Singapore,SG,Journalism & editorial,Media & creative,Lead / Executive,0.82532,0.01718,0.01931,0.00214,100.21358,0.004,0.057
2030,Singapore,SG,Journalism & editorial,Media & creative,Lead / Executive,0.89503,0.01863,0.02471,0.00608,100.60848,0.00394,0.05641
2026,United Kingdom,UK,Journalism & editorial,Media & creative,Lead / Executive,0.22387,0.0041,0.00238,-0.00171,99.82855,-0.00071,-0.01016
2027,United Kingdom,UK,Journalism & editorial,Media & creative,Lead / Executive,0.38281,0.007,0.00478,-0.00223,99.77725,-0.00051,-0.00733
2028,United Kingdom,UK,Journalism & editorial,Media & creative,Lead / Executive,0.56215,0.01029,0.00872,-0.00157,99.84289,0.00066,0.00938
2029,United Kingdom,UK,Journalism & editorial,Media & creative,Lead / Executive,0.71203,0.01303,0.01384,0.00081,100.08134,0.00239,0.03406
2030,United Kingdom,UK,Journalism & editorial,Media & creative,Lead / Executive,0.80894,0.0148,0.01882,0.00401,100.40137,0.0032,0.04572
2026,Canada,CA,Journalism & editorial,Media & creative,Lead / Executive,0.20074,0.00393,0.00211,-0.00182,99.81838,-0.00078,-0.01116
2027,Canada,CA,Journalism & editorial,Media & creative,Lead / Executive,0.34658,0.00678,0.0042,-0.00258,99.74189,-0.00077,-0.01093
2028,Canada,CA,Journalism & editorial,Media & creative,Lead / Executive,0.51964,0.01017,0.00768,-0.00248,99.75172,0.0001,0.0014
2029,Canada,CA,Journalism & editorial,Media & creative,Lead / Executive,0.67388,0.01318,0.0124,-0.00078,99.92151,0.0017,0.02425
2030,Canada,CA,Journalism & editorial,Media & creative,Lead / Executive,0.78002,0.01526,0.01725,0.00199,100.19926,0.00278,0.03968
2026,United Arab Emirates,AE,Journalism & editorial,Media & creative,Lead / Executive,0.17156,0.0032,0.00173,-0.00147,99.85254,-0.00069,-0.00989
2027,United Arab Emirates,AE,Journalism & editorial,Media & creative,Lead / Executive,0.31516,0.00588,0.00371,-0.00217,99.78265,-0.0007,-0.00998
2028,United Arab Emirates,AE,Journalism & editorial,Media & creative,Lead / Executive,0.49072,0.00916,0.00727,-0.00188,99.81171,0.00029,0.00415
2029,United Arab Emirates,AE,Journalism & editorial,Media & creative,Lead / Executive,0.64406,0.01202,0.01235,0.00033,100.03349,0.00222,0.03168
2030,United Arab Emirates,AE,Journalism & editorial,Media & creative,Lead / Executive,0.74334,0.01387,0.01761,0.00374,100.37374,0.0034,0.04861
2026,Australia,AU,Journalism & editorial,Media & creative,Lead / Executive,0.18674,0.00335,0.00188,-0.00147,99.85345,-0.00063,-0.00906
2027,Australia,AU,Journalism & editorial,Media & creative,Lead / Executive,0.32645,0.00585,0.00377,-0.00208,99.79151,-0.00062,-0.00885
2028,Australia,AU,Journalism & editorial,Media & creative,Lead / Executive,0.49683,0.00891,0.00697,-0.00194,99.80584,0.00014,0.00205
2029,Australia,AU,Journalism & editorial,Media & creative,Lead / Executive,0.65308,0.01171,0.0114,-0.00031,99.96928,0.00164,0.02335
2030,Australia,AU,Journalism & editorial,Media & creative,Lead / Executive,0.7631,0.01368,0.0161,0.00242,100.24205,0.00273,0.03897
2026,Germany,DE,Journalism & editorial,Media & creative,Lead / Executive,0.18062,0.00259,0.00176,-0.00083,99.91685,-0.00032,-0.00452
2027,Germany,DE,Journalism & editorial,Media & creative,Lead / Executive,0.30566,0.00439,0.00334,-0.00105,99.89505,-0.00022,-0.00311
2028,Germany,DE,Journalism & editorial,Media & creative,Lead / Executive,0.46101,0.00662,0.00592,-0.0007,99.92993,0.00035,0.00498
2029,Germany,DE,Journalism & editorial,Media & creative,Lead / Executive,0.61255,0.00879,0.00948,0.00069,100.06897,0.00139,0.01986
2030,Germany,DE,Journalism & editorial,Media & creative,Lead / Executive,0.72923,0.01047,0.01342,0.00295,100.29509,0.00226,0.0323
2026,Japan,JP,Journalism & editorial,Media & creative,Lead / Executive,0.16856,0.00224,0.00144,-0.00081,99.9193,-0.00032,-0.00461
2027,Japan,JP,Journalism & editorial,Media & creative,Lead / Executive,0.28811,0.00384,0.00274,-0.0011,99.89019,-0.00029,-0.00416
2028,Japan,JP,Journalism & editorial,Media & creative,Lead / Executive,0.44,0.00586,0.00489,-0.00097,99.90348,0.00013,0.0019
2029,Japan,JP,Journalism & editorial,Media & creative,Lead / Executive,0.59189,0.00788,0.00793,0.00005,100.00519,0.00102,0.01453
2030,Japan,JP,Journalism & editorial,Media & creative,Lead / Executive,0.71144,0.00947,0.01137,0.0019,100.18981,0.00185,0.02637
2026,India,IN,Journalism & editorial,Media & creative,Lead / Executive,0.12095,0.0026,0.00127,-0.00133,99.86724,-0.00063,-0.00901
2027,India,IN,Journalism & editorial,Media & creative,Lead / Executive,0.22322,0.00479,0.00264,-0.00215,99.78463,-0.00083,-0.0118
2028,India,IN,Journalism & editorial,Media & creative,Lead / Executive,0.36,0.00773,0.00512,-0.00261,99.73941,-0.00045,-0.00646
2029,India,IN,Journalism & editorial,Media & creative,Lead / Executive,0.49678,0.01066,0.00888,-0.00178,99.82151,0.00082,0.01173
2030,India,IN,Journalism & editorial,Media & creative,Lead / Executive,0.59905,0.01285,0.01324,0.00039,100.03855,0.00217,0.03101
2026,France,FR,Journalism & editorial,Media & creative,Lead / Executive,0.16451,0.00244,0.00153,-0.0009,99.90972,-0.00036,-0.00512
2027,France,FR,Journalism & editorial,Media & creative,Lead / Executive,0.2785,0.00412,0.00287,-0.00125,99.87469,-0.00035,-0.005
2028,France,FR,Journalism & editorial,Media & creative,Lead / Executive,0.42461,0.00629,0.00507,-0.00122,99.87779,0.00003,0.00044
2029,France,FR,Journalism & editorial,Media & creative,Lead / Executive,0.57419,0.0085,0.00817,-0.00034,99.96621,0.00089,0.01263
2030,France,FR,Journalism & editorial,Media & creative,Lead / Executive,0.69594,0.01031,0.01173,0.00142,100.14224,0.00176,0.02515
2026,Brazil,BR,Journalism & editorial,Media & creative,Lead / Executive,0.09137,0.00174,0.00086,-0.00087,99.91263,-0.00039,-0.00561
2027,Brazil,BR,Journalism & editorial,Media & creative,Lead / Executive,0.16352,0.00311,0.00166,-0.00145,99.85508,-0.00058,-0.00822
2028,Brazil,BR,Journalism & editorial,Media & creative,Lead / Executive,0.26903,0.00512,0.00307,-0.00205,99.79474,-0.0006,-0.00862
2029,Brazil,BR,Journalism & editorial,Media & creative,Lead / Executive,0.39586,0.00753,0.00528,-0.00225,99.77502,-0.0002,-0.00282
2030,Brazil,BR,Journalism & editorial,Media & creative,Lead / Executive,0.51686,0.00983,0.00824,-0.00159,99.8405,0.00066,0.00935
2026,Nigeria,NG,Journalism & editorial,Media & creative,Lead / Executive,0.0536,0.00126,0.0005,-0.00076,99.92423,-0.00034,-0.00483
2027,Nigeria,NG,Journalism & editorial,Media & creative,Lead / Executive,0.09502,0.00223,0.00093,-0.0013,99.86983,-0.00054,-0.00777
2028,Nigeria,NG,Journalism & editorial,Media & creative,Lead / Executive,0.1593,0.00374,0.00168,-0.00206,99.79398,-0.00076,-0.01084
2029,Nigeria,NG,Journalism & editorial,Media & creative,Lead / Executive,0.24627,0.00578,0.0029,-0.00288,99.7123,-0.00082,-0.01167
2030,Nigeria,NG,Journalism & editorial,Media & creative,Lead / Executive,0.34443,0.00809,0.00469,-0.0034,99.66041,-0.00052,-0.00741
2026,United States,US,Graphic & visual design,Media & creative,Entry,0.31272,0.14009,0.00591,-0.13417,86.58251,-0.06757,-0.17926
2027,United States,US,Graphic & visual design,Media & creative,Entry,0.50443,0.22596,0.01186,-0.2141,78.58973,-0.09231,-0.22836
2028,United States,US,Graphic & visual design,Media & creative,Entry,0.68352,0.30619,0.02081,-0.28538,71.46222,-0.09069,-0.20364
2029,United States,US,Graphic & visual design,Media & creative,Entry,0.80581,0.36097,0.03072,-0.33024,66.97561,-0.06278,-0.12819
2030,United States,US,Graphic & visual design,Media & creative,Entry,0.87252,0.39085,0.03857,-0.35228,64.77214,-0.0329,-0.06296
2026,Singapore,SG,Graphic & visual design,Media & creative,Entry,0.2925,0.13565,0.00482,-0.13084,86.91616,-0.07002,-0.18698
2027,Singapore,SG,Graphic & visual design,Media & creative,Entry,0.49636,0.2302,0.01029,-0.21991,78.00889,-0.10248,-0.25449
2028,Singapore,SG,Graphic & visual design,Media & creative,Entry,0.69263,0.32123,0.01914,-0.30209,69.79095,-0.10535,-0.2348
2029,Singapore,SG,Graphic & visual design,Media & creative,Entry,0.82532,0.38277,0.02943,-0.35334,64.66591,-0.07343,-0.14643
2030,Singapore,SG,Graphic & visual design,Media & creative,Entry,0.89503,0.4151,0.03765,-0.37744,62.25565,-0.03727,-0.06886
2026,United Kingdom,UK,Graphic & visual design,Media & creative,Entry,0.22387,0.09128,0.00363,-0.08765,91.23527,-0.04393,-0.11978
2027,United Kingdom,UK,Graphic & visual design,Media & creative,Entry,0.38281,0.15608,0.00728,-0.1488,85.11972,-0.06703,-0.17473
2028,United Kingdom,UK,Graphic & visual design,Media & creative,Entry,0.56215,0.2292,0.01328,-0.21592,78.40782,-0.07885,-0.19177
2029,United Kingdom,UK,Graphic & visual design,Media & creative,Entry,0.71203,0.29031,0.02109,-0.26922,73.07809,-0.06797,-0.15228
2030,United Kingdom,UK,Graphic & visual design,Media & creative,Entry,0.80894,0.32982,0.02867,-0.30115,69.88463,-0.0437,-0.09124
2026,Canada,CA,Graphic & visual design,Media & creative,Entry,0.20074,0.0875,0.00322,-0.08428,91.57156,-0.04206,-0.11487
2027,Canada,CA,Graphic & visual design,Media & creative,Entry,0.34658,0.15107,0.0064,-0.14467,85.53278,-0.06595,-0.17254
2028,Canada,CA,Graphic & visual design,Media & creative,Entry,0.51964,0.2265,0.0117,-0.2148,78.52032,-0.08199,-0.20036
2029,Canada,CA,Graphic & visual design,Media & creative,Entry,0.67388,0.29374,0.01889,-0.27485,72.51535,-0.07648,-0.17157
2030,Canada,CA,Graphic & visual design,Media & creative,Entry,0.78002,0.34,0.02628,-0.31372,68.62844,-0.0536,-0.11105
2026,United Arab Emirates,AE,Graphic & visual design,Media & creative,Entry,0.17156,0.07133,0.00263,-0.0687,93.13008,-0.03656,-0.10098
2027,United Arab Emirates,AE,Graphic & visual design,Media & creative,Entry,0.31516,0.13103,0.00565,-0.12539,87.4614,-0.06087,-0.16196
2028,United Arab Emirates,AE,Graphic & visual design,Media & creative,Entry,0.49072,0.20403,0.01108,-0.19294,80.70566,-0.07724,-0.19302
2029,United Arab Emirates,AE,Graphic & visual design,Media & creative,Entry,0.64406,0.26778,0.01882,-0.24896,75.104,-0.06941,-0.16005
2030,United Arab Emirates,AE,Graphic & visual design,Media & creative,Entry,0.74334,0.30906,0.02683,-0.28223,71.77684,-0.0443,-0.09506
2026,Australia,AU,Graphic & visual design,Media & creative,Entry,0.18674,0.07462,0.00287,-0.07175,92.82537,-0.03586,-0.09865
2027,Australia,AU,Graphic & visual design,Media & creative,Entry,0.32645,0.13044,0.00574,-0.12469,87.53059,-0.05704,-0.15128
2028,Australia,AU,Graphic & visual design,Media & creative,Entry,0.49683,0.19852,0.01062,-0.1879,81.20999,-0.07221,-0.18059
2029,Australia,AU,Graphic & visual design,Media & creative,Entry,0.65308,0.26095,0.01737,-0.24358,75.64249,-0.06856,-0.15907
2030,Australia,AU,Graphic & visual design,Media & creative,Entry,0.7631,0.30491,0.02454,-0.28037,71.96274,-0.04865,-0.10514
2026,Germany,DE,Graphic & visual design,Media & creative,Entry,0.18062,0.05777,0.00268,-0.05509,94.4913,-0.02584,-0.0716
2027,Germany,DE,Graphic & visual design,Media & creative,Entry,0.30566,0.09776,0.00509,-0.09268,90.73212,-0.03978,-0.1074
2028,Germany,DE,Graphic & visual design,Media & creative,Entry,0.46101,0.14745,0.00901,-0.13844,86.15617,-0.05043,-0.13074
2029,Germany,DE,Graphic & visual design,Media & creative,Entry,0.61255,0.19592,0.01445,-0.18147,81.85251,-0.04995,-0.12296
2030,Germany,DE,Graphic & visual design,Media & creative,Entry,0.72923,0.23324,0.02044,-0.2128,78.72034,-0.03827,-0.08949
2026,Japan,JP,Graphic & visual design,Media & creative,Entry,0.16856,0.05002,0.00219,-0.04783,95.21725,-0.02252,-0.06267
2027,Japan,JP,Graphic & visual design,Media & creative,Entry,0.28811,0.08549,0.00417,-0.08132,91.86809,-0.03517,-0.09569
2028,Japan,JP,Graphic & visual design,Media & creative,Entry,0.44,0.13056,0.00746,-0.12311,87.68927,-0.04549,-0.1194
2029,Japan,JP,Graphic & visual design,Media & creative,Entry,0.59189,0.17564,0.01209,-0.16355,83.64516,-0.04612,-0.11555
2030,Japan,JP,Graphic & visual design,Media & creative,Entry,0.71144,0.21111,0.01733,-0.19378,80.62162,-0.03615,-0.08639
2026,India,IN,Graphic & visual design,Media & creative,Entry,0.12095,0.05783,0.00193,-0.0559,94.41029,-0.02896,-0.08046
2027,India,IN,Graphic & visual design,Media & creative,Entry,0.22322,0.10673,0.00402,-0.10271,89.72885,-0.04959,-0.13376
2028,India,IN,Graphic & visual design,Media & creative,Entry,0.36,0.17213,0.0078,-0.16433,83.56717,-0.06867,-0.17605
2029,India,IN,Graphic & visual design,Media & creative,Entry,0.49678,0.23753,0.01352,-0.22401,77.59945,-0.07141,-0.17051
2030,India,IN,Graphic & visual design,Media & creative,Entry,0.59905,0.28643,0.02017,-0.26625,73.37455,-0.05444,-0.12071
2026,France,FR,Graphic & visual design,Media & creative,Entry,0.16451,0.05429,0.00234,-0.05195,94.80487,-0.02409,-0.06685
2027,France,FR,Graphic & visual design,Media & creative,Entry,0.2785,0.09191,0.00437,-0.08753,91.24699,-0.03753,-0.10165
2028,France,FR,Graphic & visual design,Media & creative,Entry,0.42461,0.14012,0.00772,-0.1324,86.75996,-0.04917,-0.1282
2029,France,FR,Graphic & visual design,Media & creative,Entry,0.57419,0.18948,0.01244,-0.17704,82.29592,-0.05145,-0.12754
2030,France,FR,Graphic & visual design,Media & creative,Entry,0.69594,0.22966,0.01787,-0.21179,78.82113,-0.04222,-0.09928
2026,Brazil,BR,Graphic & visual design,Media & creative,Entry,0.09137,0.03873,0.00132,-0.03741,96.25887,-0.01793,-0.05021
2027,Brazil,BR,Graphic & visual design,Media & creative,Entry,0.16352,0.06931,0.00253,-0.06678,93.3218,-0.03051,-0.08392
2028,Brazil,BR,Graphic & visual design,Media & creative,Entry,0.26903,0.11403,0.00467,-0.10936,89.06354,-0.04563,-0.12166
2029,Brazil,BR,Graphic & visual design,Media & creative,Entry,0.39586,0.1678,0.00805,-0.15975,84.0249,-0.05657,-0.14396
2030,Brazil,BR,Graphic & visual design,Media & creative,Entry,0.51686,0.21909,0.01255,-0.20654,79.34614,-0.05568,-0.13368
2026,Nigeria,NG,Graphic & visual design,Media & creative,Entry,0.0536,0.02803,0.00076,-0.02727,97.2728,-0.01259,-0.03543
2027,Nigeria,NG,Graphic & visual design,Media & creative,Entry,0.09502,0.0497,0.00142,-0.04829,95.17122,-0.02161,-0.06005
2028,Nigeria,NG,Graphic & visual design,Media & creative,Entry,0.1593,0.08332,0.00256,-0.08077,91.9234,-0.03413,-0.09279
2029,Nigeria,NG,Graphic & visual design,Media & creative,Entry,0.24627,0.12881,0.00442,-0.12439,87.56113,-0.04746,-0.12464
2030,Nigeria,NG,Graphic & visual design,Media & creative,Entry,0.34443,0.18016,0.00714,-0.17301,82.69874,-0.05553,-0.13893
2026,United States,US,Graphic & visual design,Media & creative,Junior,0.31272,0.07408,0.00889,-0.06519,93.48057,-0.03116,-0.12529
2027,United States,US,Graphic & visual design,Media & creative,Junior,0.50443,0.1195,0.01784,-0.10166,89.83364,-0.03901,-0.15196
2028,United States,US,Graphic & visual design,Media & creative,Junior,0.68352,0.16193,0.0313,-0.13063,86.93707,-0.03224,-0.12069
2029,United States,US,Graphic & visual design,Media & creative,Junior,0.80581,0.1909,0.0462,-0.14469,85.53069,-0.01618,-0.0586
2030,United States,US,Graphic & visual design,Media & creative,Junior,0.87252,0.2067,0.05801,-0.14869,85.13095,-0.00467,-0.01666
2026,Singapore,SG,Graphic & visual design,Media & creative,Junior,0.2925,0.07174,0.00724,-0.0645,93.55023,-0.03302,-0.13311
2027,Singapore,SG,Graphic & visual design,Media & creative,Junior,0.49636,0.12174,0.01548,-0.10626,89.37358,-0.04465,-0.17403
2028,Singapore,SG,Graphic & visual design,Media & creative,Junior,0.69263,0.16988,0.02878,-0.1411,85.89034,-0.03897,-0.14514
2029,Singapore,SG,Graphic & visual design,Media & creative,Junior,0.82532,0.20242,0.04425,-0.15817,84.18293,-0.01988,-0.07114
2030,Singapore,SG,Graphic & visual design,Media & creative,Junior,0.89503,0.21952,0.05663,-0.1629,83.71045,-0.00561,-0.01969
2026,United Kingdom,UK,Graphic & visual design,Media & creative,Junior,0.22387,0.04827,0.00546,-0.04281,95.71866,-0.02077,-0.0846
2027,United Kingdom,UK,Graphic & visual design,Media & creative,Junior,0.38281,0.08254,0.01095,-0.0716,92.84032,-0.03007,-0.11993
2028,United Kingdom,UK,Graphic & visual design,Media & creative,Junior,0.56215,0.12121,0.01997,-0.10124,89.87576,-0.03193,-0.12352
2029,United Kingdom,UK,Graphic & visual design,Media & creative,Junior,0.71203,0.15353,0.03172,-0.12181,87.8188,-0.02289,-0.08571
2030,United Kingdom,UK,Graphic & visual design,Media & creative,Junior,0.80894,0.17442,0.04311,-0.13131,86.86879,-0.01082,-0.03958
2026,Canada,CA,Graphic & visual design,Media & creative,Junior,0.20074,0.04627,0.00484,-0.04144,95.85622,-0.02007,-0.08179
2027,Canada,CA,Graphic & visual design,Media & creative,Junior,0.34658,0.07989,0.00962,-0.07027,92.97283,-0.03008,-0.12014
2028,Canada,CA,Graphic & visual design,Media & creative,Junior,0.51964,0.11978,0.0176,-0.10218,89.78183,-0.03432,-0.13296
2029,Canada,CA,Graphic & visual design,Media & creative,Junior,0.67388,0.15534,0.02841,-0.12693,87.3066,-0.02757,-0.10313
2030,Canada,CA,Graphic & visual design,Media & creative,Junior,0.78002,0.17981,0.03953,-0.14028,85.97208,-0.01529,-0.05561
2026,United Arab Emirates,AE,Graphic & visual design,Media & creative,Junior,0.17156,0.03772,0.00396,-0.03377,96.62337,-0.01756,-0.07194
2027,United Arab Emirates,AE,Graphic & visual design,Media & creative,Junior,0.31516,0.0693,0.00849,-0.0608,93.91975,-0.02798,-0.11265
2028,United Arab Emirates,AE,Graphic & visual design,Media & creative,Junior,0.49072,0.1079,0.01667,-0.09123,90.8768,-0.0324,-0.12679
2029,United Arab Emirates,AE,Graphic & visual design,Media & creative,Junior,0.64406,0.14161,0.0283,-0.11331,88.6689,-0.0243,-0.092
2030,United Arab Emirates,AE,Graphic & visual design,Media & creative,Junior,0.74334,0.16344,0.04034,-0.1231,87.69001,-0.01104,-0.04079
2026,Australia,AU,Graphic & visual design,Media & creative,Junior,0.18674,0.03946,0.00431,-0.03515,96.48548,-0.01711,-0.07
2027,Australia,AU,Graphic & visual design,Media & creative,Junior,0.32645,0.06898,0.00864,-0.06034,93.96552,-0.02612,-0.105
2028,Australia,AU,Graphic & visual design,Media & creative,Junior,0.49683,0.10498,0.01596,-0.08902,91.09806,-0.03052,-0.11948
2029,Australia,AU,Graphic & visual design,Media & creative,Junior,0.65308,0.138,0.02613,-0.11187,88.81276,-0.02509,-0.09522
2030,Australia,AU,Graphic & visual design,Media & creative,Junior,0.7631,0.16125,0.0369,-0.12435,87.56503,-0.01405,-0.05199
2026,Germany,DE,Graphic & visual design,Media & creative,Junior,0.18062,0.03055,0.00404,-0.02652,97.34838,-0.01214,-0.04985
2027,Germany,DE,Graphic & visual design,Media & creative,Junior,0.30566,0.0517,0.00765,-0.04405,95.59462,-0.01802,-0.07307
2028,Germany,DE,Graphic & visual design,Media & creative,Junior,0.46101,0.07798,0.01356,-0.06442,93.55774,-0.02131,-0.08487
2029,Germany,DE,Graphic & visual design,Media & creative,Junior,0.61255,0.10361,0.02173,-0.08189,91.81145,-0.01867,-0.07276
2030,Germany,DE,Graphic & visual design,Media & creative,Junior,0.72923,0.12335,0.03075,-0.0926,90.73973,-0.01167,-0.04466
2026,Japan,JP,Graphic & visual design,Media & creative,Junior,0.16856,0.02645,0.00329,-0.02316,97.68425,-0.01068,-0.04394
2027,Japan,JP,Graphic & visual design,Media & creative,Junior,0.28811,0.04521,0.00628,-0.03894,96.10632,-0.01615,-0.06575
2028,Japan,JP,Graphic & visual design,Media & creative,Junior,0.44,0.06905,0.01121,-0.05783,94.21661,-0.01966,-0.07874
2029,Japan,JP,Graphic & visual design,Media & creative,Junior,0.59189,0.09288,0.01818,-0.0747,92.52951,-0.01791,-0.0703
2030,Japan,JP,Graphic & visual design,Media & creative,Junior,0.71144,0.11165,0.02606,-0.08559,91.44128,-0.01176,-0.04534
2026,India,IN,Graphic & visual design,Media & creative,Junior,0.12095,0.03058,0.0029,-0.02768,97.23224,-0.01408,-0.05785
2027,India,IN,Graphic & visual design,Media & creative,Junior,0.22322,0.05644,0.00604,-0.0504,94.95977,-0.02337,-0.09469
2028,India,IN,Graphic & visual design,Media & creative,Junior,0.36,0.09103,0.01173,-0.0793,92.07004,-0.03043,-0.12041
2029,India,IN,Graphic & visual design,Media & creative,Junior,0.49678,0.12562,0.02034,-0.10528,89.47201,-0.02822,-0.10825
2030,India,IN,Graphic & visual design,Media & creative,Junior,0.59905,0.15148,0.03034,-0.12114,87.88613,-0.01772,-0.06608
2026,France,FR,Graphic & visual design,Media & creative,Junior,0.16451,0.02871,0.00351,-0.0252,97.4804,-0.01143,-0.04696
2027,France,FR,Graphic & visual design,Media & creative,Junior,0.2785,0.0486,0.00658,-0.04202,95.79758,-0.01726,-0.07012
2028,France,FR,Graphic & visual design,Media & creative,Junior,0.42461,0.0741,0.01161,-0.06249,93.75069,-0.02137,-0.08529
2029,France,FR,Graphic & visual design,Media & creative,Junior,0.57419,0.10021,0.01871,-0.0815,91.85036,-0.02027,-0.07918
2030,France,FR,Graphic & visual design,Media & creative,Junior,0.69594,0.12145,0.02688,-0.09458,90.54209,-0.01424,-0.05451
2026,Brazil,BR,Graphic & visual design,Media & creative,Junior,0.09137,0.02048,0.00198,-0.0185,98.14993,-0.00875,-0.0361
2027,Brazil,BR,Graphic & visual design,Media & creative,Junior,0.16352,0.03666,0.00381,-0.03285,96.71509,-0.01462,-0.05978
2028,Brazil,BR,Graphic & visual design,Media & creative,Junior,0.26903,0.06031,0.00702,-0.05328,94.67166,-0.02113,-0.08514
2029,Brazil,BR,Graphic & visual design,Media & creative,Junior,0.39586,0.08874,0.0121,-0.07664,92.33613,-0.02467,-0.09731
2030,Brazil,BR,Graphic & visual design,Media & creative,Junior,0.51686,0.11586,0.01887,-0.09699,90.30103,-0.02204,-0.0848
2026,Nigeria,NG,Graphic & visual design,Media & creative,Junior,0.0536,0.01483,0.00115,-0.01368,98.63208,-0.00626,-0.02587
2027,Nigeria,NG,Graphic & visual design,Media & creative,Junior,0.09502,0.02629,0.00213,-0.02416,97.58431,-0.01062,-0.04366
2028,Nigeria,NG,Graphic & visual design,Media & creative,Junior,0.1593,0.04407,0.00385,-0.04022,95.9782,-0.01646,-0.06692
2029,Nigeria,NG,Graphic & visual design,Media & creative,Junior,0.24627,0.06812,0.00665,-0.06147,93.85317,-0.02214,-0.08854
2030,Nigeria,NG,Graphic & visual design,Media & creative,Junior,0.34443,0.09528,0.01074,-0.08453,91.54694,-0.02457,-0.09609
2026,United States,US,Graphic & visual design,Media & creative,Mid,0.31272,0.02829,0.01016,-0.01813,98.1873,-0.00791,-0.04893
2027,United States,US,Graphic & visual design,Media & creative,Mid,0.50443,0.04563,0.02038,-0.02524,97.47566,-0.00725,-0.04448
2028,United States,US,Graphic & visual design,Media & creative,Mid,0.68352,0.06183,0.03577,-0.02606,97.39418,-0.00084,-0.00509
2029,United States,US,Graphic & visual design,Media & creative,Mid,0.80581,0.07289,0.0528,-0.02008,97.99151,0.00613,0.03733
2030,United States,US,Graphic & visual design,Media & creative,Mid,0.87252,0.07892,0.0663,-0.01263,98.7375,0.00761,0.04662
2026,Singapore,SG,Graphic & visual design,Media & creative,Mid,0.2925,0.02739,0.00828,-0.01911,98.08854,-0.00917,-0.05671
2027,Singapore,SG,Graphic & visual design,Media & creative,Mid,0.49636,0.04648,0.01769,-0.02879,97.12056,-0.00987,-0.0605
2028,Singapore,SG,Graphic & visual design,Media & creative,Mid,0.69263,0.06486,0.0329,-0.03197,96.80332,-0.00327,-0.01983
2029,Singapore,SG,Graphic & visual design,Media & creative,Mid,0.82532,0.07729,0.05058,-0.02671,97.32867,0.00543,0.03283
2030,Singapore,SG,Graphic & visual design,Media & creative,Mid,0.89503,0.08382,0.06472,-0.0191,98.08987,0.00782,0.04758
2026,United Kingdom,UK,Graphic & visual design,Media & creative,Mid,0.22387,0.01843,0.00624,-0.01219,98.78067,-0.0056,-0.03476
2027,United Kingdom,UK,Graphic & visual design,Media & creative,Mid,0.38281,0.03152,0.01251,-0.01901,98.09935,-0.0069,-0.04258
2028,United Kingdom,UK,Graphic & visual design,Media & creative,Mid,0.56215,0.04628,0.02282,-0.02346,97.65412,-0.00454,-0.02783
2029,United Kingdom,UK,Graphic & visual design,Media & creative,Mid,0.71203,0.05862,0.03625,-0.02237,97.76274,0.00111,0.00679
2030,United Kingdom,UK,Graphic & visual design,Media & creative,Mid,0.80894,0.0666,0.04927,-0.01733,98.26728,0.00516,0.03153
2026,Canada,CA,Graphic & visual design,Media & creative,Mid,0.20074,0.01767,0.00553,-0.01214,98.7859,-0.00562,-0.03488
2027,Canada,CA,Graphic & visual design,Media & creative,Mid,0.34658,0.0305,0.011,-0.01951,98.04907,-0.00746,-0.04605
2028,Canada,CA,Graphic & visual design,Media & creative,Mid,0.51964,0.04574,0.02012,-0.02562,97.43816,-0.00623,-0.03818
2029,Canada,CA,Graphic & visual design,Media & creative,Mid,0.67388,0.05931,0.03246,-0.02685,97.31529,-0.00126,-0.00768
2030,Canada,CA,Graphic & visual design,Media & creative,Mid,0.78002,0.06865,0.04517,-0.02348,97.65212,0.00346,0.02105
2026,United Arab Emirates,AE,Graphic & visual design,Media & creative,Mid,0.17156,0.0144,0.00452,-0.00988,99.01182,-0.00494,-0.03075
2027,United Arab Emirates,AE,Graphic & visual design,Media & creative,Mid,0.31516,0.02646,0.00971,-0.01675,98.32491,-0.00694,-0.04293
2028,United Arab Emirates,AE,Graphic & visual design,Media & creative,Mid,0.49072,0.0412,0.01905,-0.02215,97.78494,-0.00549,-0.03375
2029,United Arab Emirates,AE,Graphic & visual design,Media & creative,Mid,0.64406,0.05407,0.03235,-0.02172,97.82758,0.00044,0.00266
2030,United Arab Emirates,AE,Graphic & visual design,Media & creative,Mid,0.74334,0.06241,0.04611,-0.0163,98.37018,0.00555,0.03391
2026,Australia,AU,Graphic & visual design,Media & creative,Mid,0.18674,0.01507,0.00493,-0.01014,98.98647,-0.00473,-0.02938
2027,Australia,AU,Graphic & visual design,Media & creative,Mid,0.32645,0.02634,0.00987,-0.01647,98.35316,-0.0064,-0.03958
2028,Australia,AU,Graphic & visual design,Media & creative,Mid,0.49683,0.04008,0.01825,-0.02184,97.81606,-0.00546,-0.03357
2029,Australia,AU,Graphic & visual design,Media & creative,Mid,0.65308,0.05269,0.02986,-0.02283,97.7171,-0.00101,-0.00619
2030,Australia,AU,Graphic & visual design,Media & creative,Mid,0.7631,0.06157,0.04217,-0.0194,98.06036,0.00351,0.02145
2026,Germany,DE,Graphic & visual design,Media & creative,Mid,0.18062,0.01167,0.00461,-0.00705,99.29468,-0.00307,-0.0191
2027,Germany,DE,Graphic & visual design,Media & creative,Mid,0.30566,0.01974,0.00874,-0.011,98.90004,-0.00397,-0.02466
2028,Germany,DE,Graphic & visual design,Media & creative,Mid,0.46101,0.02977,0.01549,-0.01428,98.57199,-0.00332,-0.0205
2029,Germany,DE,Graphic & visual design,Media & creative,Mid,0.61255,0.03956,0.02483,-0.01473,98.52699,-0.00046,-0.00281
2030,Germany,DE,Graphic & visual design,Media & creative,Mid,0.72923,0.0471,0.03514,-0.01196,98.80412,0.00281,0.01732
2026,Japan,JP,Graphic & visual design,Media & creative,Mid,0.16856,0.0101,0.00376,-0.00633,99.36651,-0.0028,-0.01743
2027,Japan,JP,Graphic & visual design,Media & creative,Mid,0.28811,0.01726,0.00717,-0.01009,98.99089,-0.00378,-0.02348
2028,Japan,JP,Graphic & visual design,Media & creative,Mid,0.44,0.02636,0.01282,-0.01355,98.64527,-0.00349,-0.0216
2029,Japan,JP,Graphic & visual design,Media & creative,Mid,0.59189,0.03547,0.02078,-0.01469,98.53119,-0.00116,-0.00713
2030,Japan,JP,Graphic & visual design,Media & creative,Mid,0.71144,0.04263,0.02978,-0.01285,98.71523,0.00187,0.0115
2026,India,IN,Graphic & visual design,Media & creative,Mid,0.12095,0.01168,0.00332,-0.00836,99.16428,-0.00413,-0.02572
2027,India,IN,Graphic & visual design,Media & creative,Mid,0.22322,0.02155,0.0069,-0.01465,98.53524,-0.00634,-0.03932
2028,India,IN,Graphic & visual design,Media & creative,Mid,0.36,0.03476,0.01341,-0.02135,97.86485,-0.0068,-0.0419
2029,India,IN,Graphic & visual design,Media & creative,Mid,0.49678,0.04796,0.02324,-0.02472,97.52783,-0.00344,-0.02106
2030,India,IN,Graphic & visual design,Media & creative,Mid,0.59905,0.05784,0.03467,-0.02317,97.68346,0.0016,0.00973
2026,France,FR,Graphic & visual design,Media & creative,Mid,0.16451,0.01096,0.00402,-0.00695,99.30539,-0.00302,-0.01881
2027,France,FR,Graphic & visual design,Media & creative,Mid,0.2785,0.01856,0.00752,-0.01104,98.89616,-0.00412,-0.02558
2028,France,FR,Graphic & visual design,Media & creative,Mid,0.42461,0.02829,0.01327,-0.01503,98.49736,-0.00403,-0.02493
2029,France,FR,Graphic & visual design,Media & creative,Mid,0.57419,0.03826,0.02138,-0.01688,98.31226,-0.00188,-0.01157
2030,France,FR,Graphic & visual design,Media & creative,Mid,0.69594,0.04637,0.03071,-0.01566,98.4341,0.00124,0.00762
2026,Brazil,BR,Graphic & visual design,Media & creative,Mid,0.09137,0.00782,0.00226,-0.00556,99.44433,-0.00257,-0.01604
2027,Brazil,BR,Graphic & visual design,Media & creative,Mid,0.16352,0.014,0.00435,-0.00965,99.03549,-0.00411,-0.02555
2028,Brazil,BR,Graphic & visual design,Media & creative,Mid,0.26903,0.02303,0.00803,-0.015,98.50005,-0.00541,-0.03346
2029,Brazil,BR,Graphic & visual design,Media & creative,Mid,0.39586,0.03388,0.01383,-0.02005,97.99464,-0.00513,-0.03159
2030,Brazil,BR,Graphic & visual design,Media & creative,Mid,0.51686,0.04424,0.02157,-0.02267,97.73319,-0.00267,-0.01634
2026,Nigeria,NG,Graphic & visual design,Media & creative,Mid,0.0536,0.00566,0.00131,-0.00435,99.56498,-0.00197,-0.01226
2027,Nigeria,NG,Graphic & visual design,Media & creative,Mid,0.09502,0.01004,0.00243,-0.0076,99.23963,-0.00327,-0.02033
2028,Nigeria,NG,Graphic & visual design,Media & creative,Mid,0.1593,0.01683,0.0044,-0.01243,98.75723,-0.00486,-0.03015
2029,Nigeria,NG,Graphic & visual design,Media & creative,Mid,0.24627,0.02601,0.0076,-0.01841,98.15942,-0.00605,-0.03736
2030,Nigeria,NG,Graphic & visual design,Media & creative,Mid,0.34443,0.03638,0.01228,-0.0241,97.59019,-0.0058,-0.03558
2026,United States,US,Graphic & visual design,Media & creative,Senior,0.31272,0.01296,0.00857,-0.00439,99.56075,-0.00148,-0.0134
2027,United States,US,Graphic & visual design,Media & creative,Senior,0.50443,0.02091,0.0172,-0.00371,99.62863,0.00068,0.00617
2028,United States,US,Graphic & visual design,Media & creative,Senior,0.68352,0.02834,0.03018,0.00184,100.18424,0.00558,0.05051
2029,United States,US,Graphic & visual design,Media & creative,Senior,0.80581,0.03341,0.04455,0.01115,101.11453,0.00929,0.08457
2030,United States,US,Graphic & visual design,Media & creative,Senior,0.87252,0.03617,0.05594,0.01977,101.97654,0.00853,0.07836
2026,Singapore,SG,Graphic & visual design,Media & creative,Senior,0.2925,0.01255,0.00698,-0.00557,99.44293,-0.00236,-0.02137
2027,Singapore,SG,Graphic & visual design,Media & creative,Senior,0.49636,0.0213,0.01492,-0.00638,99.36201,-0.00081,-0.00736
2028,Singapore,SG,Graphic & visual design,Media & creative,Senior,0.69263,0.02973,0.02776,-0.00197,99.80276,0.00444,0.04007
2029,Singapore,SG,Graphic & visual design,Media & creative,Senior,0.82532,0.03542,0.04267,0.00725,100.72493,0.00924,0.08383
2030,Singapore,SG,Graphic & visual design,Media & creative,Senior,0.89503,0.03842,0.0546,0.01619,101.6188,0.00887,0.08126
2026,United Kingdom,UK,Graphic & visual design,Media & creative,Senior,0.22387,0.00845,0.00526,-0.00318,99.68154,-0.00128,-0.01165
2027,United Kingdom,UK,Graphic & visual design,Media & creative,Senior,0.38281,0.01445,0.01056,-0.00389,99.61102,-0.00071,-0.00641
2028,United Kingdom,UK,Graphic & visual design,Media & creative,Senior,0.56215,0.02121,0.01926,-0.00196,99.8044,0.00194,0.01758
2029,United Kingdom,UK,Graphic & visual design,Media & creative,Senior,0.71203,0.02687,0.03058,0.00372,100.37163,0.00568,0.05157
2030,United Kingdom,UK,Graphic & visual design,Media & creative,Senior,0.80894,0.03052,0.04157,0.01105,101.10483,0.0073,0.06665
2026,Canada,CA,Graphic & visual design,Media & creative,Senior,0.20074,0.0081,0.00466,-0.00343,99.65657,-0.00145,-0.01317
2027,Canada,CA,Graphic & visual design,Media & creative,Senior,0.34658,0.01398,0.00928,-0.0047,99.52959,-0.00127,-0.01154
2028,Canada,CA,Graphic & visual design,Media & creative,Senior,0.51964,0.02096,0.01697,-0.00399,99.60118,0.00072,0.00651
2029,Canada,CA,Graphic & visual design,Media & creative,Senior,0.67388,0.02718,0.02739,0.00021,100.02075,0.00421,0.03814
2030,Canada,CA,Graphic & visual design,Media & creative,Senior,0.78002,0.03147,0.03812,0.00665,100.665,0.00644,0.05857
2026,United Arab Emirates,AE,Graphic & visual design,Media & creative,Senior,0.17156,0.0066,0.00381,-0.00279,99.72134,-0.00129,-0.0117
2027,United Arab Emirates,AE,Graphic & visual design,Media & creative,Senior,0.31516,0.01213,0.00819,-0.00394,99.60641,-0.00115,-0.01045
2028,United Arab Emirates,AE,Graphic & visual design,Media & creative,Senior,0.49072,0.01888,0.01607,-0.00281,99.71886,0.00113,0.01022
2029,United Arab Emirates,AE,Graphic & visual design,Media & creative,Senior,0.64406,0.02478,0.02729,0.00251,100.251,0.00534,0.04838
2030,United Arab Emirates,AE,Graphic & visual design,Media & creative,Senior,0.74334,0.0286,0.0389,0.0103,101.03007,0.00777,0.07082
2026,Australia,AU,Graphic & visual design,Media & creative,Senior,0.18674,0.00691,0.00416,-0.00274,99.72553,-0.00116,-0.01057
2027,Australia,AU,Graphic & visual design,Media & creative,Senior,0.32645,0.01207,0.00833,-0.00374,99.62559,-0.001,-0.00909
2028,Australia,AU,Graphic & visual design,Media & creative,Senior,0.49683,0.01837,0.01539,-0.00298,99.70224,0.00077,0.00697
2029,Australia,AU,Graphic & visual design,Media & creative,Senior,0.65308,0.02415,0.0252,0.00105,100.10463,0.00404,0.03658
2030,Australia,AU,Graphic & visual design,Media & creative,Senior,0.7631,0.02822,0.03558,0.00736,100.73637,0.00631,0.05743
2026,Germany,DE,Graphic & visual design,Media & creative,Senior,0.18062,0.00535,0.00389,-0.00146,99.85448,-0.00053,-0.00477
2027,Germany,DE,Graphic & visual design,Media & creative,Senior,0.30566,0.00905,0.00738,-0.00167,99.83276,-0.00022,-0.00197
2028,Germany,DE,Graphic & visual design,Media & creative,Senior,0.46101,0.01365,0.01307,-0.00057,99.94266,0.0011,0.00999
2029,Germany,DE,Graphic & visual design,Media & creative,Senior,0.61255,0.01813,0.02095,0.00282,100.2819,0.00339,0.03084
2030,Germany,DE,Graphic & visual design,Media & creative,Senior,0.72923,0.02159,0.02965,0.00806,100.80616,0.00523,0.04766
2026,Japan,JP,Graphic & visual design,Media & creative,Senior,0.16856,0.00463,0.00318,-0.00145,99.85476,-0.00056,-0.0051
2027,Japan,JP,Graphic & visual design,Media & creative,Senior,0.28811,0.00791,0.00605,-0.00186,99.8139,-0.00041,-0.00371
2028,Japan,JP,Graphic & visual design,Media & creative,Senior,0.44,0.01208,0.01081,-0.00127,99.87306,0.00059,0.00538
2029,Japan,JP,Graphic & visual design,Media & creative,Senior,0.59189,0.01625,0.01753,0.00128,100.12758,0.00255,0.02314
2030,Japan,JP,Graphic & visual design,Media & creative,Senior,0.71144,0.01954,0.02513,0.00559,100.55893,0.00431,0.03921
2026,India,IN,Graphic & visual design,Media & creative,Senior,0.12095,0.00535,0.0028,-0.00255,99.74491,-0.0012,-0.01091
2027,India,IN,Graphic & visual design,Media & creative,Senior,0.22322,0.00988,0.00582,-0.00405,99.59471,-0.00151,-0.01365
2028,India,IN,Graphic & visual design,Media & creative,Senior,0.36,0.01593,0.01131,-0.00462,99.53804,-0.00057,-0.00515
2029,India,IN,Graphic & visual design,Media & creative,Senior,0.49678,0.02198,0.01961,-0.00237,99.76265,0.00226,0.02042
2030,India,IN,Graphic & visual design,Media & creative,Senior,0.59905,0.02651,0.02925,0.00275,100.27452,0.00513,0.04653
2026,France,FR,Graphic & visual design,Media & creative,Senior,0.16451,0.00502,0.00339,-0.00164,99.83642,-0.00063,-0.00573
2027,France,FR,Graphic & visual design,Media & creative,Senior,0.2785,0.00851,0.00634,-0.00216,99.78388,-0.00053,-0.00478
2028,France,FR,Graphic & visual design,Media & creative,Senior,0.42461,0.01297,0.01119,-0.00177,99.82262,0.00039,0.00352
2029,France,FR,Graphic & visual design,Media & creative,Senior,0.57419,0.01754,0.01804,0.00051,100.0506,0.00228,0.02073
2030,France,FR,Graphic & visual design,Media & creative,Senior,0.69594,0.02125,0.02592,0.00466,100.46608,0.00415,0.03777
2026,Brazil,BR,Graphic & visual design,Media & creative,Senior,0.09137,0.00358,0.00191,-0.00167,99.83256,-0.00075,-0.0068
2027,Brazil,BR,Graphic & visual design,Media & creative,Senior,0.16352,0.00641,0.00367,-0.00274,99.72562,-0.00107,-0.00972
2028,Brazil,BR,Graphic & visual design,Media & creative,Senior,0.26903,0.01055,0.00677,-0.00378,99.62188,-0.00104,-0.00943
2029,Brazil,BR,Graphic & visual design,Media & creative,Senior,0.39586,0.01553,0.01167,-0.00386,99.61385,-0.00008,-0.00073
2030,Brazil,BR,Graphic & visual design,Media & creative,Senior,0.51686,0.02028,0.0182,-0.00208,99.79243,0.00179,0.01623
2026,Nigeria,NG,Graphic & visual design,Media & creative,Senior,0.0536,0.00259,0.00111,-0.00149,99.85113,-0.00066,-0.00602
2027,Nigeria,NG,Graphic & visual design,Media & creative,Senior,0.09502,0.0046,0.00205,-0.00255,99.74525,-0.00106,-0.00963
2028,Nigeria,NG,Graphic & visual design,Media & creative,Senior,0.1593,0.00771,0.00371,-0.004,99.59989,-0.00146,-0.01321
2029,Nigeria,NG,Graphic & visual design,Media & creative,Senior,0.24627,0.01192,0.00642,-0.00551,99.44949,-0.00151,-0.01367
2030,Nigeria,NG,Graphic & visual design,Media & creative,Senior,0.34443,0.01667,0.01036,-0.00631,99.36878,-0.00081,-0.00734
2026,United States,US,Graphic & visual design,Media & creative,Lead / Executive,0.31272,0.0064,0.00658,0.00018,100.01825,0.00054,0.00774
2027,United States,US,Graphic & visual design,Media & creative,Lead / Executive,0.50443,0.01032,0.0132,0.00288,100.28826,0.0027,0.03857
2028,United States,US,Graphic & visual design,Media & creative,Lead / Executive,0.68352,0.01398,0.02317,0.00918,100.91836,0.00628,0.09001
2029,United States,US,Graphic & visual design,Media & creative,Lead / Executive,0.80581,0.01649,0.0342,0.01772,101.77151,0.00845,0.12188
2030,United States,US,Graphic & visual design,Media & creative,Lead / Executive,0.87252,0.01785,0.04294,0.02509,102.50909,0.00725,0.10537
2026,Singapore,SG,Graphic & visual design,Media & creative,Lead / Executive,0.2925,0.0062,0.00536,-0.00083,99.91656,-0.00007,-0.00106
2027,Singapore,SG,Graphic & visual design,Media & creative,Lead / Executive,0.49636,0.01051,0.01146,0.00094,100.09435,0.00178,0.0254
2028,Singapore,SG,Graphic & visual design,Media & creative,Lead / Executive,0.69263,0.01467,0.02131,0.00664,100.66367,0.00569,0.08133
2029,Singapore,SG,Graphic & visual design,Media & creative,Lead / Executive,0.82532,0.01748,0.03276,0.01528,101.52774,0.00858,0.12344
2030,Singapore,SG,Graphic & visual design,Media & creative,Lead / Executive,0.89503,0.01896,0.04192,0.02296,102.29597,0.00757,0.10975
2026,United Kingdom,UK,Graphic & visual design,Media & creative,Lead / Executive,0.22387,0.00417,0.00404,-0.00013,99.98713,0.00013,0.00184
2027,United Kingdom,UK,Graphic & visual design,Media & creative,Lead / Executive,0.38281,0.00713,0.0081,0.00097,100.09743,0.0011,0.01576
2028,United Kingdom,UK,Graphic & visual design,Media & creative,Lead / Executive,0.56215,0.01047,0.01478,0.00431,100.43141,0.00334,0.04771
2029,United Kingdom,UK,Graphic & visual design,Media & creative,Lead / Executive,0.71203,0.01326,0.02348,0.01022,101.02192,0.00588,0.08436
2030,United Kingdom,UK,Graphic & visual design,Media & creative,Lead / Executive,0.80894,0.01506,0.03191,0.01685,101.68504,0.00656,0.09473
2026,Canada,CA,Graphic & visual design,Media & creative,Lead / Executive,0.20074,0.004,0.00358,-0.00042,99.95838,-0.00005,-0.00071
2027,Canada,CA,Graphic & visual design,Media & creative,Lead / Executive,0.34658,0.0069,0.00712,0.00022,100.0222,0.00064,0.00912
2028,Canada,CA,Graphic & visual design,Media & creative,Lead / Executive,0.51964,0.01035,0.01303,0.00269,100.26856,0.00246,0.03519
2029,Canada,CA,Graphic & visual design,Media & creative,Lead / Executive,0.67388,0.01342,0.02103,0.00761,100.76125,0.00491,0.07038
2030,Canada,CA,Graphic & visual design,Media & creative,Lead / Executive,0.78002,0.01553,0.02926,0.01373,101.37322,0.00607,0.08742
2026,United Arab Emirates,AE,Graphic & visual design,Media & creative,Lead / Executive,0.17156,0.00326,0.00293,-0.00033,99.96707,-0.00005,-0.00077
2027,United Arab Emirates,AE,Graphic & visual design,Media & creative,Lead / Executive,0.31516,0.00598,0.00629,0.0003,100.03034,0.00063,0.00904
2028,United Arab Emirates,AE,Graphic & visual design,Media & creative,Lead / Executive,0.49072,0.00932,0.01234,0.00302,100.30187,0.00271,0.03879
2029,United Arab Emirates,AE,Graphic & visual design,Media & creative,Lead / Executive,0.64406,0.01223,0.02095,0.00872,100.87215,0.00569,0.08147
2030,United Arab Emirates,AE,Graphic & visual design,Media & creative,Lead / Executive,0.74334,0.01412,0.02987,0.01575,101.57496,0.00697,0.1004
2026,Australia,AU,Graphic & visual design,Media & creative,Lead / Executive,0.18674,0.00341,0.00319,-0.00021,99.97862,0.00002,0.00031
2027,Australia,AU,Graphic & visual design,Media & creative,Lead / Executive,0.32645,0.00596,0.00639,0.00044,100.04354,0.00065,0.00927
2028,Australia,AU,Graphic & visual design,Media & creative,Lead / Executive,0.49683,0.00907,0.01182,0.00275,100.27513,0.00231,0.03308
2029,Australia,AU,Graphic & visual design,Media & creative,Lead / Executive,0.65308,0.01192,0.01934,0.00742,100.74246,0.00466,0.06676
2030,Australia,AU,Graphic & visual design,Media & creative,Lead / Executive,0.7631,0.01393,0.02732,0.01339,101.33896,0.00592,0.08522
2026,Germany,DE,Graphic & visual design,Media & creative,Lead / Executive,0.18062,0.00264,0.00299,0.00035,100.03487,0.00027,0.00381
2027,Germany,DE,Graphic & visual design,Media & creative,Lead / Executive,0.30566,0.00447,0.00566,0.0012,100.11968,0.00085,0.01212
2028,Germany,DE,Graphic & visual design,Media & creative,Lead / Executive,0.46101,0.00673,0.01004,0.0033,100.33013,0.0021,0.03006
2029,Germany,DE,Graphic & visual design,Media & creative,Lead / Executive,0.61255,0.00895,0.01608,0.00714,100.71354,0.00382,0.05477
2030,Germany,DE,Graphic & visual design,Media & creative,Lead / Executive,0.72923,0.01065,0.02276,0.01211,101.21069,0.00494,0.07102
2026,Japan,JP,Graphic & visual design,Media & creative,Lead / Executive,0.16856,0.00228,0.00244,0.00015,100.01542,0.00015,0.00219
2027,Japan,JP,Graphic & visual design,Media & creative,Lead / Executive,0.28811,0.0039,0.00465,0.00074,100.07406,0.00059,0.00838
2028,Japan,JP,Graphic & visual design,Media & creative,Lead / Executive,0.44,0.00596,0.0083,0.00234,100.23384,0.0016,0.02283
2029,Japan,JP,Graphic & visual design,Media & creative,Lead / Executive,0.59189,0.00802,0.01346,0.00544,100.5436,0.00309,0.04425
2030,Japan,JP,Graphic & visual design,Media & creative,Lead / Executive,0.71144,0.00964,0.01929,0.00965,100.96475,0.00419,0.06016
2026,India,IN,Graphic & visual design,Media & creative,Lead / Executive,0.12095,0.00264,0.00215,-0.00049,99.95091,-0.00018,-0.00258
2027,India,IN,Graphic & visual design,Media & creative,Lead / Executive,0.22322,0.00487,0.00447,-0.0004,99.95968,0.00009,0.00125
2028,India,IN,Graphic & visual design,Media & creative,Lead / Executive,0.36,0.00786,0.00868,0.00082,100.08212,0.00122,0.01749
2029,India,IN,Graphic & visual design,Media & creative,Lead / Executive,0.49678,0.01085,0.01505,0.0042,100.42049,0.00338,0.04834
2030,India,IN,Graphic & visual design,Media & creative,Lead / Executive,0.59905,0.01308,0.02246,0.00938,100.93752,0.00515,0.07386
2026,France,FR,Graphic & visual design,Media & creative,Lead / Executive,0.16451,0.00248,0.0026,0.00012,100.01217,0.00014,0.00198
2027,France,FR,Graphic & visual design,Media & creative,Lead / Executive,0.2785,0.0042,0.00487,0.00067,100.06729,0.00055,0.00787
2028,France,FR,Graphic & visual design,Media & creative,Lead / Executive,0.42461,0.0064,0.00859,0.00219,100.21936,0.00152,0.02172
2029,France,FR,Graphic & visual design,Media & creative,Lead / Executive,0.57419,0.00865,0.01385,0.0052,100.51964,0.003,0.0429
2030,France,FR,Graphic & visual design,Media & creative,Lead / Executive,0.69594,0.01049,0.01989,0.00941,100.94054,0.00419,0.06013
2026,Brazil,BR,Graphic & visual design,Media & creative,Lead / Executive,0.09137,0.00177,0.00147,-0.0003,99.96973,-0.00011,-0.0016
2027,Brazil,BR,Graphic & visual design,Media & creative,Lead / Executive,0.16352,0.00317,0.00282,-0.00035,99.96524,-0.00004,-0.00064
2028,Brazil,BR,Graphic & visual design,Media & creative,Lead / Executive,0.26903,0.00521,0.0052,-0.00001,99.99908,0.00034,0.00483
2029,Brazil,BR,Graphic & visual design,Media & creative,Lead / Executive,0.39586,0.00766,0.00896,0.00129,100.12933,0.0013,0.01861
2030,Brazil,BR,Graphic & visual design,Media & creative,Lead / Executive,0.51686,0.01001,0.01397,0.00397,100.39657,0.00267,0.03818
2026,Nigeria,NG,Graphic & visual design,Media & creative,Lead / Executive,0.0536,0.00128,0.00085,-0.00043,99.95685,-0.00018,-0.00264
2027,Nigeria,NG,Graphic & visual design,Media & creative,Lead / Executive,0.09502,0.00227,0.00158,-0.00069,99.93055,-0.00026,-0.00376
2028,Nigeria,NG,Graphic & visual design,Media & creative,Lead / Executive,0.1593,0.00381,0.00285,-0.00096,99.90427,-0.00026,-0.00375
2029,Nigeria,NG,Graphic & visual design,Media & creative,Lead / Executive,0.24627,0.00588,0.00493,-0.00096,99.90424,0,0
2030,Nigeria,NG,Graphic & visual design,Media & creative,Lead / Executive,0.34443,0.00823,0.00795,-0.00027,99.97256,0.00068,0.00976
2026,United States,US,Software engineering,Technology,Entry,0.31272,0.12992,0.01048,-0.11944,88.05583,-0.05928,-0.15855
2027,United States,US,Software engineering,Technology,Entry,0.50443,0.20956,0.02102,-0.18854,81.14581,-0.07847,-0.19743
2028,United States,US,Software engineering,Technology,Entry,0.68352,0.28397,0.03688,-0.24708,75.29197,-0.07214,-0.16725
2029,United States,US,Software engineering,Technology,Entry,0.80581,0.33477,0.05445,-0.28032,71.96844,-0.04414,-0.09496
2030,United States,US,Software engineering,Technology,Entry,0.87252,0.36248,0.06837,-0.29412,70.58833,-0.01918,-0.03943
2026,Singapore,SG,Software engineering,Technology,Entry,0.2925,0.12581,0.00854,-0.11727,88.27272,-0.06204,-0.16681
2027,Singapore,SG,Software engineering,Technology,Entry,0.49636,0.21349,0.01824,-0.19525,80.47464,-0.08834,-0.2228
2028,Singapore,SG,Software engineering,Technology,Entry,0.69263,0.29792,0.03392,-0.26399,73.60085,-0.08542,-0.19639
2029,Singapore,SG,Software engineering,Technology,Entry,0.82532,0.35499,0.05215,-0.30283,69.71694,-0.05277,-0.11097
2030,Singapore,SG,Software engineering,Technology,Entry,0.89503,0.38497,0.06674,-0.31823,68.17678,-0.02209,-0.044
2026,United Kingdom,UK,Software engineering,Technology,Entry,0.22387,0.08465,0.00643,-0.07822,92.17807,-0.03885,-0.10646
2027,United Kingdom,UK,Software engineering,Technology,Entry,0.38281,0.14475,0.0129,-0.13185,86.81476,-0.05818,-0.15324
2028,United Kingdom,UK,Software engineering,Technology,Entry,0.56215,0.21256,0.02353,-0.18903,81.09698,-0.06586,-0.16337
2029,United Kingdom,UK,Software engineering,Technology,Entry,0.71203,0.26924,0.03738,-0.23186,76.81412,-0.05281,-0.12237
2030,United Kingdom,UK,Software engineering,Technology,Entry,0.80894,0.30588,0.05081,-0.25507,74.49272,-0.03022,-0.06633
2026,Canada,CA,Software engineering,Technology,Entry,0.20074,0.08115,0.0057,-0.07545,92.45504,-0.03735,-0.10249
2027,Canada,CA,Software engineering,Technology,Entry,0.34658,0.1401,0.01134,-0.12877,87.12337,-0.05767,-0.15233
2028,Canada,CA,Software engineering,Technology,Entry,0.51964,0.21006,0.02075,-0.18932,81.06836,-0.0695,-0.173
2029,Canada,CA,Software engineering,Technology,Entry,0.67388,0.27242,0.03348,-0.23894,76.10626,-0.06121,-0.14177
2030,Canada,CA,Software engineering,Technology,Entry,0.78002,0.31532,0.04658,-0.26874,73.12632,-0.03915,-0.08514
2026,United Arab Emirates,AE,Software engineering,Technology,Entry,0.17156,0.06615,0.00466,-0.06149,93.85098,-0.03252,-0.09012
2027,United Arab Emirates,AE,Software engineering,Technology,Entry,0.31516,0.12152,0.01001,-0.11151,88.84873,-0.0533,-0.14292
2028,United Arab Emirates,AE,Software engineering,Technology,Entry,0.49072,0.18922,0.01964,-0.16958,83.04244,-0.06535,-0.16589
2029,United Arab Emirates,AE,Software engineering,Technology,Entry,0.64406,0.24834,0.03336,-0.21499,78.50121,-0.05469,-0.12975
2030,United Arab Emirates,AE,Software engineering,Technology,Entry,0.74334,0.28663,0.04755,-0.23908,76.09207,-0.03069,-0.06883
2026,Australia,AU,Software engineering,Technology,Entry,0.18674,0.0692,0.00509,-0.06411,93.58855,-0.03182,-0.08788
2027,Australia,AU,Software engineering,Technology,Entry,0.32645,0.12097,0.01018,-0.11079,88.92085,-0.04987,-0.13336
2028,Australia,AU,Software engineering,Technology,Entry,0.49683,0.18411,0.01882,-0.16529,83.47078,-0.06129,-0.15572
2029,Australia,AU,Software engineering,Technology,Entry,0.65308,0.24201,0.03079,-0.21121,78.8785,-0.05502,-0.13121
2030,Australia,AU,Software engineering,Technology,Entry,0.7631,0.28278,0.04349,-0.23929,76.07097,-0.03559,-0.08022
2026,Germany,DE,Software engineering,Technology,Entry,0.18062,0.05358,0.00476,-0.04882,95.11786,-0.02273,-0.06321
2027,Germany,DE,Software engineering,Technology,Entry,0.30566,0.09067,0.00901,-0.08165,91.83454,-0.03452,-0.09381
2028,Germany,DE,Software engineering,Technology,Entry,0.46101,0.13675,0.01598,-0.12077,87.9227,-0.0426,-0.11177
2029,Germany,DE,Software engineering,Technology,Entry,0.61255,0.1817,0.02561,-0.1561,84.39043,-0.04017,-0.10092
2030,Germany,DE,Software engineering,Technology,Entry,0.72923,0.21631,0.03623,-0.18008,81.9923,-0.02842,-0.06852
2026,Japan,JP,Software engineering,Technology,Entry,0.16856,0.04639,0.00388,-0.04251,95.74948,-0.01989,-0.05551
2027,Japan,JP,Software engineering,Technology,Entry,0.28811,0.07929,0.0074,-0.07189,92.81089,-0.03069,-0.08396
2028,Japan,JP,Software engineering,Technology,Entry,0.44,0.12109,0.01322,-0.10787,89.21289,-0.03877,-0.1028
2029,Japan,JP,Software engineering,Technology,Entry,0.59189,0.16289,0.02143,-0.14146,85.85366,-0.03765,-0.09598
2030,Japan,JP,Software engineering,Technology,Entry,0.71144,0.19579,0.03071,-0.16508,83.4922,-0.02751,-0.06747
2026,India,IN,Software engineering,Technology,Entry,0.12095,0.05363,0.00342,-0.05021,94.9792,-0.02589,-0.07212
2027,India,IN,Software engineering,Technology,Entry,0.22322,0.09898,0.00712,-0.09186,90.81372,-0.04386,-0.11901
2028,India,IN,Software engineering,Technology,Entry,0.36,0.15963,0.01382,-0.14581,85.4189,-0.05941,-0.15414
2029,India,IN,Software engineering,Technology,Entry,0.49678,0.22029,0.02397,-0.19632,80.36786,-0.05913,-0.14432
2030,India,IN,Software engineering,Technology,Entry,0.59905,0.26564,0.03575,-0.22988,77.01155,-0.04176,-0.09589
2026,France,FR,Software engineering,Technology,Entry,0.16451,0.05035,0.00414,-0.04621,95.37937,-0.02129,-0.05927
2027,France,FR,Software engineering,Technology,Entry,0.2785,0.08523,0.00775,-0.07748,92.25196,-0.03279,-0.08935
2028,France,FR,Software engineering,Technology,Entry,0.42461,0.12995,0.01368,-0.11627,88.37316,-0.04205,-0.11082
2029,France,FR,Software engineering,Technology,Entry,0.57419,0.17573,0.02205,-0.15368,84.63216,-0.04233,-0.10689
2030,France,FR,Software engineering,Technology,Entry,0.69594,0.21299,0.03167,-0.18132,81.86831,-0.03266,-0.07897
2026,Brazil,BR,Software engineering,Technology,Entry,0.09137,0.03592,0.00233,-0.03358,96.64168,-0.01604,-0.04501
2027,Brazil,BR,Software engineering,Technology,Entry,0.16352,0.06428,0.00449,-0.0598,94.02041,-0.02712,-0.07489
2028,Brazil,BR,Software engineering,Technology,Entry,0.26903,0.10576,0.00828,-0.09748,90.25193,-0.04008,-0.10767
2029,Brazil,BR,Software engineering,Technology,Entry,0.39586,0.15562,0.01426,-0.14136,85.86422,-0.04862,-0.12536
2030,Brazil,BR,Software engineering,Technology,Entry,0.51686,0.20319,0.02224,-0.18094,81.9057,-0.0461,-0.1131
2026,Nigeria,NG,Software engineering,Technology,Entry,0.0536,0.026,0.00135,-0.02465,97.53518,-0.01135,-0.03199
2027,Nigeria,NG,Software engineering,Technology,Entry,0.09502,0.0461,0.00251,-0.04359,95.64128,-0.01942,-0.05411
2028,Nigeria,NG,Software engineering,Technology,Entry,0.1593,0.07728,0.00453,-0.07274,92.7258,-0.03048,-0.0833
2029,Nigeria,NG,Software engineering,Technology,Entry,0.24627,0.11946,0.00784,-0.11162,88.83781,-0.04193,-0.11109
2030,Nigeria,NG,Software engineering,Technology,Entry,0.34443,0.16708,0.01266,-0.15442,84.55818,-0.04817,-0.12228
2026,United States,US,Software engineering,Technology,Junior,0.31272,0.06871,0.01576,-0.05295,94.70491,-0.02455,-0.0993
2027,United States,US,Software engineering,Technology,Junior,0.50443,0.11083,0.03161,-0.07921,92.0786,-0.02773,-0.10943
2028,United States,US,Software engineering,Technology,Junior,0.68352,0.15017,0.05547,-0.0947,90.52975,-0.01682,-0.06454
2029,United States,US,Software engineering,Technology,Junior,0.80581,0.17704,0.08189,-0.09515,90.48487,-0.0005,-0.00187
2030,United States,US,Software engineering,Technology,Junior,0.87252,0.1917,0.10282,-0.08888,91.11188,0.00693,0.02613
2026,Singapore,SG,Software engineering,Technology,Junior,0.2925,0.06653,0.01284,-0.0537,94.63034,-0.0269,-0.109
2027,Singapore,SG,Software engineering,Technology,Junior,0.49636,0.11291,0.02743,-0.08547,91.45269,-0.03358,-0.1324
2028,Singapore,SG,Software engineering,Technology,Junior,0.69263,0.15755,0.05102,-0.10653,89.3467,-0.02303,-0.08775
2029,Singapore,SG,Software engineering,Technology,Junior,0.82532,0.18773,0.07844,-0.1093,89.07034,-0.00309,-0.01152
2030,Singapore,SG,Software engineering,Technology,Junior,0.89503,0.20359,0.10037,-0.10322,89.67761,0.00682,0.0253
2026,United Kingdom,UK,Software engineering,Technology,Junior,0.22387,0.04477,0.00967,-0.03509,96.49058,-0.01671,-0.06833
2027,United Kingdom,UK,Software engineering,Technology,Junior,0.38281,0.07655,0.0194,-0.05715,94.2849,-0.02286,-0.0919
2028,United Kingdom,UK,Software engineering,Technology,Junior,0.56215,0.11241,0.03539,-0.07702,92.29795,-0.02107,-0.08279
2029,United Kingdom,UK,Software engineering,Technology,Junior,0.71203,0.14239,0.05621,-0.08617,91.3829,-0.00991,-0.03813
2030,United Kingdom,UK,Software engineering,Technology,Junior,0.80894,0.16176,0.07641,-0.08535,91.46478,0.0009,0.00341
2026,Canada,CA,Software engineering,Technology,Junior,0.20074,0.04292,0.00857,-0.03434,96.56565,-0.01638,-0.067
2027,Canada,CA,Software engineering,Technology,Junior,0.34658,0.07409,0.01705,-0.05704,94.29579,-0.02351,-0.09458
2028,Canada,CA,Software engineering,Technology,Junior,0.51964,0.11109,0.0312,-0.07989,92.01088,-0.02423,-0.0952
2029,Canada,CA,Software engineering,Technology,Junior,0.67388,0.14407,0.05035,-0.09372,90.62821,-0.01503,-0.05761
2030,Canada,CA,Software engineering,Technology,Junior,0.78002,0.16676,0.07006,-0.0967,90.33028,-0.00329,-0.01241
2026,United Arab Emirates,AE,Software engineering,Technology,Junior,0.17156,0.03498,0.00701,-0.02797,97.20273,-0.01435,-0.05898
2027,United Arab Emirates,AE,Software engineering,Technology,Junior,0.31516,0.06427,0.01506,-0.04921,95.07882,-0.02185,-0.0885
2028,United Arab Emirates,AE,Software engineering,Technology,Junior,0.49072,0.10007,0.02954,-0.07053,92.94722,-0.02242,-0.08882
2029,United Arab Emirates,AE,Software engineering,Technology,Junior,0.64406,0.13134,0.05016,-0.08117,91.8829,-0.01145,-0.04435
2030,United Arab Emirates,AE,Software engineering,Technology,Junior,0.74334,0.15158,0.07151,-0.08008,91.9925,0.00119,0.00457
2026,Australia,AU,Software engineering,Technology,Junior,0.18674,0.0366,0.00765,-0.02895,97.10517,-0.01389,-0.05699
2027,Australia,AU,Software engineering,Technology,Junior,0.32645,0.06397,0.01531,-0.04867,95.13323,-0.02031,-0.08216
2028,Australia,AU,Software engineering,Technology,Junior,0.49683,0.09736,0.0283,-0.06907,93.09317,-0.02144,-0.085
2029,Australia,AU,Software engineering,Technology,Junior,0.65308,0.12799,0.04631,-0.08167,91.83267,-0.01354,-0.05252
2030,Australia,AU,Software engineering,Technology,Junior,0.7631,0.14955,0.0654,-0.08414,91.58558,-0.00269,-0.0103
2026,Germany,DE,Software engineering,Technology,Junior,0.18062,0.02833,0.00715,-0.02118,97.88182,-0.00953,-0.03923
2027,Germany,DE,Software engineering,Technology,Junior,0.30566,0.04795,0.01356,-0.03439,96.56067,-0.0135,-0.05505
2028,Germany,DE,Software engineering,Technology,Junior,0.46101,0.07232,0.02403,-0.04829,95.17089,-0.01439,-0.05791
2029,Germany,DE,Software engineering,Technology,Junior,0.61255,0.09609,0.03851,-0.05758,94.24169,-0.00976,-0.03872
2030,Germany,DE,Software engineering,Technology,Junior,0.72923,0.1144,0.05449,-0.0599,94.00979,-0.00246,-0.00966
2026,Japan,JP,Software engineering,Technology,Junior,0.16856,0.02453,0.00584,-0.01869,98.13069,-0.00849,-0.03502
2027,Japan,JP,Software engineering,Technology,Junior,0.28811,0.04193,0.01112,-0.03081,96.91917,-0.01235,-0.05048
2028,Japan,JP,Software engineering,Technology,Junior,0.44,0.06404,0.01988,-0.04416,95.58398,-0.01378,-0.05563
2029,Japan,JP,Software engineering,Technology,Junior,0.59189,0.08614,0.03222,-0.05392,94.60789,-0.01021,-0.04067
2030,Japan,JP,Software engineering,Technology,Junior,0.71144,0.10354,0.04618,-0.05736,94.26432,-0.00363,-0.01432
2026,India,IN,Software engineering,Technology,Junior,0.12095,0.02836,0.00515,-0.02321,97.67857,-0.0117,-0.04817
2027,India,IN,Software engineering,Technology,Junior,0.22322,0.05235,0.01071,-0.04164,95.83598,-0.01886,-0.07677
2028,India,IN,Software engineering,Technology,Junior,0.36,0.08442,0.02079,-0.06363,93.63672,-0.02295,-0.09164
2029,India,IN,Software engineering,Technology,Junior,0.49678,0.1165,0.03604,-0.08046,91.95445,-0.01797,-0.07009
2030,India,IN,Software engineering,Technology,Junior,0.59905,0.14048,0.05377,-0.08671,91.32878,-0.0068,-0.02607
2026,France,FR,Software engineering,Technology,Junior,0.16451,0.02663,0.00623,-0.0204,97.96019,-0.00912,-0.03756
2027,France,FR,Software engineering,Technology,Junior,0.2785,0.04508,0.01166,-0.03341,96.65855,-0.01329,-0.05424
2028,France,FR,Software engineering,Technology,Junior,0.42461,0.06872,0.02057,-0.04815,95.18517,-0.01524,-0.06139
2029,France,FR,Software engineering,Technology,Junior,0.57419,0.09293,0.03316,-0.05977,94.02286,-0.01221,-0.04843
2030,France,FR,Software engineering,Technology,Junior,0.69594,0.11264,0.04763,-0.06501,93.49946,-0.00557,-0.02181
2026,Brazil,BR,Software engineering,Technology,Junior,0.09137,0.01899,0.00351,-0.01548,98.45156,-0.00727,-0.03005
2027,Brazil,BR,Software engineering,Technology,Junior,0.16352,0.034,0.00675,-0.02725,97.27519,-0.01195,-0.04902
2028,Brazil,BR,Software engineering,Technology,Junior,0.26903,0.05593,0.01245,-0.04348,95.65185,-0.01669,-0.06764
2029,Brazil,BR,Software engineering,Technology,Junior,0.39586,0.0823,0.02145,-0.06085,93.9148,-0.01816,-0.07238
2030,Brazil,BR,Software engineering,Technology,Junior,0.51686,0.10745,0.03345,-0.074,92.59986,-0.014,-0.05479
2026,Nigeria,NG,Software engineering,Technology,Junior,0.0536,0.01375,0.00203,-0.01172,98.82827,-0.00534,-0.0221
2027,Nigeria,NG,Software engineering,Technology,Junior,0.09502,0.02438,0.00377,-0.02061,97.93949,-0.00899,-0.03703
2028,Nigeria,NG,Software engineering,Technology,Junior,0.1593,0.04087,0.00682,-0.03405,96.59523,-0.01373,-0.05601
2029,Nigeria,NG,Software engineering,Technology,Junior,0.24627,0.06318,0.01179,-0.05138,94.86156,-0.01795,-0.07224
2030,Nigeria,NG,Software engineering,Technology,Junior,0.34443,0.08836,0.01904,-0.06932,93.06838,-0.0189,-0.07472
2026,United States,US,Software engineering,Technology,Mid,0.31272,0.02623,0.01801,-0.00823,99.17733,-0.00264,-0.01641
2027,United States,US,Software engineering,Technology,Mid,0.50443,0.04232,0.03613,-0.00619,99.38125,0.00206,0.01274
2028,United States,US,Software engineering,Technology,Mid,0.68352,0.05734,0.0634,0.00606,100.60568,0.01232,0.07653
2029,United States,US,Software engineering,Technology,Mid,0.80581,0.0676,0.09359,0.02599,102.59899,0.01981,0.12458
2030,United States,US,Software engineering,Technology,Mid,0.87252,0.07319,0.1175,0.04431,104.4311,0.01786,0.11451
2026,Singapore,SG,Software engineering,Technology,Mid,0.2925,0.0254,0.01467,-0.01073,98.92668,-0.00448,-0.02781
2027,Singapore,SG,Software engineering,Technology,Mid,0.49636,0.04311,0.03135,-0.01176,98.82422,-0.00104,-0.0064
2028,Singapore,SG,Software engineering,Technology,Mid,0.69263,0.06016,0.05831,-0.00185,99.81508,0.01003,0.06193
2029,Singapore,SG,Software engineering,Technology,Mid,0.82532,0.07168,0.08964,0.01796,101.79615,0.01985,0.12382
2030,Singapore,SG,Software engineering,Technology,Mid,0.89503,0.07773,0.1147,0.03697,103.69691,0.01867,0.1188
2026,United Kingdom,UK,Software engineering,Technology,Mid,0.22387,0.01709,0.01106,-0.00604,99.39622,-0.00239,-0.01487
2027,United Kingdom,UK,Software engineering,Technology,Mid,0.38281,0.02923,0.02217,-0.00706,99.29437,-0.00102,-0.00637
2028,United Kingdom,UK,Software engineering,Technology,Mid,0.56215,0.04292,0.04045,-0.00247,99.75279,0.00462,0.02865
2029,United Kingdom,UK,Software engineering,Technology,Mid,0.71203,0.05437,0.06425,0.00988,100.98797,0.01238,0.0772
2030,United Kingdom,UK,Software engineering,Technology,Mid,0.80894,0.06176,0.08733,0.02556,102.55637,0.01553,0.09803
2026,Canada,CA,Software engineering,Technology,Mid,0.20074,0.01639,0.0098,-0.00659,99.34108,-0.00276,-0.01716
2027,Canada,CA,Software engineering,Technology,Mid,0.34658,0.02829,0.01949,-0.0088,99.11973,-0.00223,-0.01383
2028,Canada,CA,Software engineering,Technology,Mid,0.51964,0.04242,0.03566,-0.00676,99.32398,0.00206,0.01277
2029,Canada,CA,Software engineering,Technology,Mid,0.67388,0.05501,0.05754,0.00253,100.25336,0.00936,0.05809
2030,Canada,CA,Software engineering,Technology,Mid,0.78002,0.06367,0.08007,0.0164,101.63972,0.01383,0.08665
2026,United Arab Emirates,AE,Software engineering,Technology,Mid,0.17156,0.01336,0.00801,-0.00534,99.46558,-0.00245,-0.01525
2027,United Arab Emirates,AE,Software engineering,Technology,Mid,0.31516,0.02454,0.01721,-0.00733,99.26679,-0.002,-0.01242
2028,United Arab Emirates,AE,Software engineering,Technology,Mid,0.49072,0.03821,0.03376,-0.00445,99.55514,0.0029,0.01802
2029,United Arab Emirates,AE,Software engineering,Technology,Mid,0.64406,0.05015,0.05733,0.00718,100.71849,0.01169,0.07271
2030,United Arab Emirates,AE,Software engineering,Technology,Mid,0.74334,0.05788,0.08172,0.02384,102.38449,0.01654,0.10412
2026,Australia,AU,Software engineering,Technology,Mid,0.18674,0.01397,0.00874,-0.00523,99.47672,-0.00219,-0.01366
2027,Australia,AU,Software engineering,Technology,Mid,0.32645,0.02443,0.01749,-0.00693,99.30666,-0.00171,-0.01063
2028,Australia,AU,Software engineering,Technology,Mid,0.49683,0.03718,0.03234,-0.00484,99.51629,0.00211,0.0131
2029,Australia,AU,Software engineering,Technology,Mid,0.65308,0.04887,0.05293,0.00406,100.40615,0.00894,0.05562
2030,Australia,AU,Software engineering,Technology,Mid,0.7631,0.0571,0.07475,0.01765,101.76457,0.01353,0.0849
2026,Germany,DE,Software engineering,Technology,Mid,0.18062,0.01082,0.00817,-0.00264,99.73557,-0.00092,-0.00571
2027,Germany,DE,Software engineering,Technology,Mid,0.30566,0.01831,0.01549,-0.00281,99.7185,-0.00017,-0.00107
2028,Germany,DE,Software engineering,Technology,Mid,0.46101,0.02761,0.02746,-0.00015,99.98486,0.00267,0.01665
2029,Germany,DE,Software engineering,Technology,Mid,0.61255,0.03669,0.04401,0.00732,100.73207,0.00747,0.0467
2030,Germany,DE,Software engineering,Technology,Mid,0.72923,0.04368,0.06228,0.0186,101.86,0.0112,0.0705
2026,Japan,JP,Software engineering,Technology,Mid,0.16856,0.00937,0.00667,-0.00269,99.73062,-0.00102,-0.00634
2027,Japan,JP,Software engineering,Technology,Mid,0.28811,0.01601,0.01271,-0.0033,99.67012,-0.00061,-0.00378
2028,Japan,JP,Software engineering,Technology,Mid,0.44,0.02445,0.02272,-0.00173,99.82658,0.00157,0.00978
2029,Japan,JP,Software engineering,Technology,Mid,0.59189,0.03289,0.03683,0.00393,100.39343,0.00568,0.03543
2030,Japan,JP,Software engineering,Technology,Mid,0.71144,0.03953,0.05278,0.01325,101.32487,0.00928,0.05822
2026,India,IN,Software engineering,Technology,Mid,0.12095,0.01083,0.00588,-0.00495,99.50545,-0.00232,-0.01446
2027,India,IN,Software engineering,Technology,Mid,0.22322,0.01999,0.01224,-0.00775,99.22486,-0.00282,-0.01754
2028,India,IN,Software engineering,Technology,Mid,0.36,0.03223,0.02376,-0.00847,99.15252,-0.00073,-0.00452
2029,India,IN,Software engineering,Technology,Mid,0.49678,0.04448,0.04119,-0.00329,99.67104,0.00523,0.03241
2030,India,IN,Software engineering,Technology,Mid,0.59905,0.05364,0.06145,0.00781,100.78122,0.01114,0.06939
2026,France,FR,Software engineering,Technology,Mid,0.16451,0.01017,0.00712,-0.00305,99.69515,-0.00115,-0.00717
2027,France,FR,Software engineering,Technology,Mid,0.2785,0.01721,0.01333,-0.00388,99.61166,-0.00084,-0.00522
2028,France,FR,Software engineering,Technology,Mid,0.42461,0.02624,0.02351,-0.00273,99.72745,0.00116,0.00724
2029,France,FR,Software engineering,Technology,Mid,0.57419,0.03548,0.0379,0.00242,100.24161,0.00516,0.03214
2030,France,FR,Software engineering,Technology,Mid,0.69594,0.04301,0.05444,0.01143,101.14308,0.00899,0.05634
2026,Brazil,BR,Software engineering,Technology,Mid,0.09137,0.00725,0.00401,-0.00324,99.67592,-0.00144,-0.00901
2027,Brazil,BR,Software engineering,Technology,Mid,0.16352,0.01298,0.00771,-0.00527,99.47313,-0.00203,-0.01267
2028,Brazil,BR,Software engineering,Technology,Mid,0.26903,0.02135,0.01423,-0.00713,99.28716,-0.00187,-0.01162
2029,Brazil,BR,Software engineering,Technology,Mid,0.39586,0.03142,0.02451,-0.00691,99.30867,0.00022,0.00134
2030,Brazil,BR,Software engineering,Technology,Mid,0.51686,0.04103,0.03823,-0.0028,99.72044,0.00415,0.02574
2026,Nigeria,NG,Software engineering,Technology,Mid,0.0536,0.00525,0.00232,-0.00293,99.7073,-0.0013,-0.00812
2027,Nigeria,NG,Software engineering,Technology,Mid,0.09502,0.00931,0.00431,-0.005,99.50035,-0.00208,-0.01293
2028,Nigeria,NG,Software engineering,Technology,Mid,0.1593,0.0156,0.00779,-0.00781,99.21902,-0.00283,-0.01758
2029,Nigeria,NG,Software engineering,Technology,Mid,0.24627,0.02412,0.01348,-0.01064,98.93558,-0.00286,-0.01771
2030,Nigeria,NG,Software engineering,Technology,Mid,0.34443,0.03374,0.02176,-0.01197,98.80271,-0.00134,-0.0083
2026,United States,US,Software engineering,Technology,Senior,0.31272,0.01202,0.01519,0.00317,100.31696,0.00254,0.02313
2027,United States,US,Software engineering,Technology,Senior,0.50443,0.01939,0.03048,0.01109,101.10883,0.00789,0.07199
2028,United States,US,Software engineering,Technology,Senior,0.68352,0.02628,0.05349,0.02721,102.72099,0.01594,0.14656
2029,United States,US,Software engineering,Technology,Senior,0.80581,0.03098,0.07896,0.04798,104.7982,0.02022,0.18884
2030,United States,US,Software engineering,Technology,Senior,0.87252,0.03355,0.09914,0.0656,106.55974,0.01681,0.16014
2026,Singapore,SG,Software engineering,Technology,Senior,0.2925,0.01164,0.01238,0.00073,100.07348,0.00117,0.01059
2027,Singapore,SG,Software engineering,Technology,Senior,0.49636,0.01976,0.02645,0.00669,100.66945,0.00596,0.05418
2028,Singapore,SG,Software engineering,Technology,Senior,0.69263,0.02757,0.0492,0.02162,102.16248,0.01483,0.13573
2029,Singapore,SG,Software engineering,Technology,Senior,0.82532,0.03285,0.07563,0.04278,104.27816,0.02071,0.19233
2030,Singapore,SG,Software engineering,Technology,Senior,0.89503,0.03563,0.09678,0.06115,106.11527,0.01762,0.16701
2026,United Kingdom,UK,Software engineering,Technology,Senior,0.22387,0.00783,0.00933,0.00149,100.14936,0.00116,0.01052
2027,United Kingdom,UK,Software engineering,Technology,Senior,0.38281,0.0134,0.01871,0.00531,100.53115,0.00381,0.03471
2028,United Kingdom,UK,Software engineering,Technology,Senior,0.56215,0.01967,0.03413,0.01446,101.44569,0.0091,0.08314
2029,United Kingdom,UK,Software engineering,Technology,Senior,0.71203,0.02492,0.05421,0.02929,102.92893,0.01462,0.13484
2030,United Kingdom,UK,Software engineering,Technology,Senior,0.80894,0.02831,0.07368,0.04537,104.53745,0.01563,0.14623
2026,Canada,CA,Software engineering,Technology,Senior,0.20074,0.00751,0.00827,0.00076,100.07557,0.00071,0.00642
2027,Canada,CA,Software engineering,Technology,Senior,0.34658,0.01297,0.01644,0.00348,100.34763,0.00272,0.02473
2028,Canada,CA,Software engineering,Technology,Senior,0.51964,0.01944,0.03008,0.01064,101.06441,0.00714,0.06516
2029,Canada,CA,Software engineering,Technology,Senior,0.67388,0.02521,0.04855,0.02334,102.33384,0.01256,0.1154
2030,Canada,CA,Software engineering,Technology,Senior,0.78002,0.02918,0.06756,0.03837,103.83749,0.01469,0.1367
2026,United Arab Emirates,AE,Software engineering,Technology,Senior,0.17156,0.00612,0.00676,0.00064,100.06391,0.0006,0.00543
2027,United Arab Emirates,AE,Software engineering,Technology,Senior,0.31516,0.01125,0.01452,0.00327,100.32711,0.00263,0.02393
2028,United Arab Emirates,AE,Software engineering,Technology,Senior,0.49072,0.01751,0.02848,0.01097,101.09722,0.00768,0.07001
2029,United Arab Emirates,AE,Software engineering,Technology,Senior,0.64406,0.02298,0.04837,0.02539,102.53896,0.01426,0.13107
2030,United Arab Emirates,AE,Software engineering,Technology,Senior,0.74334,0.02653,0.06895,0.04243,104.24257,0.01661,0.15487
2026,Australia,AU,Software engineering,Technology,Senior,0.18674,0.0064,0.00737,0.00097,100.09703,0.00076,0.00688
2027,Australia,AU,Software engineering,Technology,Senior,0.32645,0.0112,0.01476,0.00356,100.35643,0.00259,0.02358
2028,Australia,AU,Software engineering,Technology,Senior,0.49683,0.01704,0.02729,0.01025,101.02467,0.00666,0.06075
2029,Australia,AU,Software engineering,Technology,Senior,0.65308,0.0224,0.04466,0.02226,102.22612,0.01189,0.10922
2030,Australia,AU,Software engineering,Technology,Senior,0.7631,0.02617,0.06307,0.0369,103.68957,0.01432,0.13304
2026,Germany,DE,Software engineering,Technology,Senior,0.18062,0.00496,0.0069,0.00194,100.19385,0.00113,0.0103
2027,Germany,DE,Software engineering,Technology,Senior,0.30566,0.00839,0.01307,0.00468,100.46811,0.00274,0.02493
2028,Germany,DE,Software engineering,Technology,Senior,0.46101,0.01266,0.02317,0.01051,101.05148,0.00581,0.05303
2029,Germany,DE,Software engineering,Technology,Senior,0.61255,0.01682,0.03713,0.02032,102.03177,0.0097,0.08912
2030,Germany,DE,Software engineering,Technology,Senior,0.72923,0.02002,0.05255,0.03253,103.25281,0.01197,0.111
2026,Japan,JP,Software engineering,Technology,Senior,0.16856,0.00429,0.00563,0.00134,100.13372,0.0008,0.00732
2027,Japan,JP,Software engineering,Technology,Senior,0.28811,0.00734,0.01072,0.00339,100.33871,0.00205,0.01864
2028,Japan,JP,Software engineering,Technology,Senior,0.44,0.01121,0.01917,0.00796,100.79604,0.00456,0.04158
2029,Japan,JP,Software engineering,Technology,Senior,0.59189,0.01508,0.03107,0.016,101.59963,0.00797,0.07305
2030,Japan,JP,Software engineering,Technology,Senior,0.71144,0.01812,0.04454,0.02642,102.64157,0.01026,0.09472
2026,India,IN,Software engineering,Technology,Senior,0.12095,0.00496,0.00496,0,100.0001,0.00016,0.00141
2027,India,IN,Software engineering,Technology,Senior,0.22322,0.00916,0.01032,0.00116,100.11629,0.00116,0.01056
2028,India,IN,Software engineering,Technology,Senior,0.36,0.01477,0.02005,0.00527,100.52729,0.00411,0.03736
2029,India,IN,Software engineering,Technology,Senior,0.49678,0.02039,0.03476,0.01437,101.43682,0.00905,0.08268
2030,India,IN,Software engineering,Technology,Senior,0.59905,0.02458,0.05185,0.02726,102.72646,0.01271,0.11724
2026,France,FR,Software engineering,Technology,Senior,0.16451,0.00466,0.00601,0.00135,100.13461,0.0008,0.00729
2027,France,FR,Software engineering,Technology,Senior,0.2785,0.00789,0.01124,0.00336,100.33567,0.00201,0.01828
2028,France,FR,Software engineering,Technology,Senior,0.42461,0.01203,0.01984,0.00781,100.78136,0.00444,0.04052
2029,France,FR,Software engineering,Technology,Senior,0.57419,0.01626,0.03198,0.01571,101.57146,0.00784,0.07183
2030,France,FR,Software engineering,Technology,Senior,0.69594,0.01971,0.04593,0.02622,102.62206,0.01034,0.09551
2026,Brazil,BR,Software engineering,Technology,Senior,0.09137,0.00332,0.00338,0.00006,100.00608,0.0001,0.0009
2027,Brazil,BR,Software engineering,Technology,Senior,0.16352,0.00595,0.00651,0.00056,100.05573,0.0005,0.00451
2028,Brazil,BR,Software engineering,Technology,Senior,0.26903,0.00979,0.012,0.00222,100.2216,0.00166,0.01508
2029,Brazil,BR,Software engineering,Technology,Senior,0.39586,0.0144,0.02068,0.00628,100.62778,0.00405,0.03693
2030,Brazil,BR,Software engineering,Technology,Senior,0.51686,0.0188,0.03226,0.01345,101.34541,0.00713,0.06524
2026,Nigeria,NG,Software engineering,Technology,Senior,0.0536,0.00241,0.00196,-0.00045,99.95537,-0.00018,-0.0016
2027,Nigeria,NG,Software engineering,Technology,Senior,0.09502,0.00427,0.00364,-0.00063,99.93716,-0.00018,-0.00166
2028,Nigeria,NG,Software engineering,Technology,Senior,0.1593,0.00715,0.00658,-0.00058,99.94245,0.00005,0.00048
2029,Nigeria,NG,Software engineering,Technology,Senior,0.24627,0.01106,0.01137,0.00032,100.03162,0.00089,0.00811
2030,Nigeria,NG,Software engineering,Technology,Senior,0.34443,0.01546,0.01836,0.0029,100.29009,0.00258,0.0235
2026,United States,US,Software engineering,Technology,Lead / Executive,0.31272,0.00593,0.01166,0.00573,100.57298,0.0035,0.05006
2027,United States,US,Software engineering,Technology,Lead / Executive,0.50443,0.00957,0.0234,0.01383,101.38297,0.00805,0.11571
2028,United States,US,Software engineering,Technology,Lead / Executive,0.68352,0.01297,0.04106,0.02809,102.80937,0.01407,0.20377
2029,United States,US,Software engineering,Technology,Lead / Executive,0.80581,0.01529,0.06062,0.04533,104.5329,0.01676,0.24622
2030,United States,US,Software engineering,Technology,Lead / Executive,0.87252,0.01656,0.07611,0.05956,105.95553,0.01361,0.20323
2026,Singapore,SG,Software engineering,Technology,Lead / Executive,0.2925,0.00575,0.0095,0.00376,100.37564,0.0025,0.0357
2027,Singapore,SG,Software engineering,Technology,Lead / Executive,0.49636,0.00975,0.02031,0.01056,101.05564,0.00677,0.09714
2028,Singapore,SG,Software engineering,Technology,Lead / Executive,0.69263,0.01361,0.03777,0.02416,102.41602,0.01346,0.19434
2029,Singapore,SG,Software engineering,Technology,Lead / Executive,0.82532,0.01621,0.05806,0.04185,104.18498,0.01727,0.25271
2030,Singapore,SG,Software engineering,Technology,Lead / Executive,0.89503,0.01758,0.0743,0.05671,105.67137,0.01427,0.21234
2026,United Kingdom,UK,Software engineering,Technology,Lead / Executive,0.22387,0.00387,0.00716,0.00329,100.32945,0.00192,0.02742
2027,United Kingdom,UK,Software engineering,Technology,Lead / Executive,0.38281,0.00661,0.01436,0.00775,100.77505,0.00444,0.06366
2028,United Kingdom,UK,Software engineering,Technology,Lead / Executive,0.56215,0.00971,0.0262,0.01649,101.64918,0.00867,0.12488
2029,United Kingdom,UK,Software engineering,Technology,Lead / Executive,0.71203,0.0123,0.04161,0.02932,102.93163,0.01262,0.18321
2030,United Kingdom,UK,Software engineering,Technology,Lead / Executive,0.80894,0.01397,0.05656,0.04259,104.25944,0.0129,0.18969
2026,Canada,CA,Software engineering,Technology,Lead / Executive,0.20074,0.00371,0.00635,0.00264,100.26393,0.00153,0.02183
2027,Canada,CA,Software engineering,Technology,Lead / Executive,0.34658,0.0064,0.01262,0.00622,100.62237,0.00357,0.05121
2028,Canada,CA,Software engineering,Technology,Lead / Executive,0.51964,0.00959,0.0231,0.0135,101.35013,0.00723,0.10397
2029,Canada,CA,Software engineering,Technology,Lead / Executive,0.67388,0.01244,0.03727,0.02483,102.48286,0.01118,0.16182
2030,Canada,CA,Software engineering,Technology,Lead / Executive,0.78002,0.0144,0.05186,0.03746,103.74605,0.01233,0.18046
2026,United Arab Emirates,AE,Software engineering,Technology,Lead / Executive,0.17156,0.00302,0.00519,0.00217,100.21692,0.00132,0.01892
2027,United Arab Emirates,AE,Software engineering,Technology,Lead / Executive,0.31516,0.00555,0.01115,0.00559,100.55947,0.00342,0.04894
2028,United Arab Emirates,AE,Software engineering,Technology,Lead / Executive,0.49072,0.00864,0.02187,0.01322,101.32243,0.00759,0.10899
2029,United Arab Emirates,AE,Software engineering,Technology,Lead / Executive,0.64406,0.01134,0.03714,0.02579,102.57925,0.0124,0.17955
2030,United Arab Emirates,AE,Software engineering,Technology,Lead / Executive,0.74334,0.01309,0.05293,0.03984,103.9842,0.0137,0.20071
2026,Australia,AU,Software engineering,Technology,Lead / Executive,0.18674,0.00316,0.00566,0.0025,100.25007,0.00143,0.02041
2027,Australia,AU,Software engineering,Technology,Lead / Executive,0.32645,0.00553,0.01133,0.00581,100.58057,0.0033,0.04721
2028,Australia,AU,Software engineering,Technology,Lead / Executive,0.49683,0.00841,0.02095,0.01254,101.25377,0.00669,0.09617
2029,Australia,AU,Software engineering,Technology,Lead / Executive,0.65308,0.01105,0.03428,0.02323,102.32301,0.01056,0.15275
2030,Australia,AU,Software engineering,Technology,Lead / Executive,0.7631,0.01292,0.04841,0.0355,103.54992,0.01199,0.17527
2026,Germany,DE,Software engineering,Technology,Lead / Executive,0.18062,0.00245,0.00529,0.00285,100.28476,0.00149,0.02129
2027,Germany,DE,Software engineering,Technology,Lead / Executive,0.30566,0.00414,0.01004,0.00589,100.58942,0.00304,0.04352
2028,Germany,DE,Software engineering,Technology,Lead / Executive,0.46101,0.00625,0.01779,0.01154,101.15419,0.00561,0.08068
2029,Germany,DE,Software engineering,Technology,Lead / Executive,0.61255,0.0083,0.02851,0.02021,102.0208,0.00857,0.1238
2030,Germany,DE,Software engineering,Technology,Lead / Executive,0.72923,0.00988,0.04034,0.03046,103.04597,0.01005,0.14645
2026,Japan,JP,Software engineering,Technology,Lead / Executive,0.16856,0.00212,0.00432,0.0022,100.22036,0.00116,0.01657
2027,Japan,JP,Software engineering,Technology,Lead / Executive,0.28811,0.00362,0.00823,0.00461,100.4612,0.0024,0.03441
2028,Japan,JP,Software engineering,Technology,Lead / Executive,0.44,0.00553,0.01471,0.00918,100.91835,0.00455,0.06531
2029,Japan,JP,Software engineering,Technology,Lead / Executive,0.59189,0.00744,0.02385,0.01641,101.64131,0.00716,0.10328
2030,Japan,JP,Software engineering,Technology,Lead / Executive,0.71144,0.00894,0.03419,0.02525,102.52466,0.00869,0.12619
2026,India,IN,Software engineering,Technology,Lead / Executive,0.12095,0.00245,0.00381,0.00136,100.13616,0.00081,0.01152
2027,India,IN,Software engineering,Technology,Lead / Executive,0.22322,0.00452,0.00793,0.0034,100.34043,0.00204,0.02918
2028,India,IN,Software engineering,Technology,Lead / Executive,0.36,0.00729,0.01539,0.0081,100.80984,0.00468,0.06706
2029,India,IN,Software engineering,Technology,Lead / Executive,0.49678,0.01006,0.02668,0.01662,101.66197,0.00845,0.12173
2030,India,IN,Software engineering,Technology,Lead / Executive,0.59905,0.01213,0.0398,0.02767,102.76707,0.01087,0.15787
2026,France,FR,Software engineering,Technology,Lead / Executive,0.16451,0.0023,0.00461,0.00231,100.23109,0.00119,0.01704
2027,France,FR,Software engineering,Technology,Lead / Executive,0.2785,0.00389,0.00863,0.00474,100.47396,0.00242,0.0347
2028,France,FR,Software engineering,Technology,Lead / Executive,0.42461,0.00594,0.01523,0.0093,100.92956,0.00453,0.06509
2029,France,FR,Software engineering,Technology,Lead / Executive,0.57419,0.00803,0.02455,0.01652,101.65227,0.00716,0.10324
2030,France,FR,Software engineering,Technology,Lead / Executive,0.69594,0.00973,0.03526,0.02553,102.55333,0.00886,0.12872
2026,Brazil,BR,Software engineering,Technology,Lead / Executive,0.09137,0.00164,0.0026,0.00096,100.09581,0.0005,0.00721
2027,Brazil,BR,Software engineering,Technology,Lead / Executive,0.16352,0.00294,0.00499,0.00206,100.20589,0.0011,0.01573
2028,Brazil,BR,Software engineering,Technology,Lead / Executive,0.26903,0.00483,0.00921,0.00438,100.43846,0.00232,0.03322
2029,Brazil,BR,Software engineering,Technology,Lead / Executive,0.39586,0.00711,0.01588,0.00877,100.8768,0.00436,0.06262
2030,Brazil,BR,Software engineering,Technology,Lead / Executive,0.51686,0.00928,0.02476,0.01548,101.54841,0.00666,0.09594
2026,Nigeria,NG,Software engineering,Technology,Lead / Executive,0.0536,0.00119,0.0015,0.00032,100.03171,0.00017,0.00236
2027,Nigeria,NG,Software engineering,Technology,Lead / Executive,0.09502,0.00211,0.00279,0.00069,100.06872,0.00037,0.00529
2028,Nigeria,NG,Software engineering,Technology,Lead / Executive,0.1593,0.00353,0.00505,0.00152,100.1519,0.00083,0.01188
2029,Nigeria,NG,Software engineering,Technology,Lead / Executive,0.24627,0.00546,0.00873,0.00327,100.3274,0.00175,0.02507
2030,Nigeria,NG,Software engineering,Technology,Lead / Executive,0.34443,0.00763,0.0141,0.00647,100.64665,0.00318,0.04561
2026,United States,US,Data analysis & BI,Technology,Entry,0.31272,0.12045,0.00847,-0.11198,88.80244,-0.05544,-0.14891
2027,United States,US,Data analysis & BI,Technology,Entry,0.50443,0.19428,0.01699,-0.17729,82.27121,-0.07355,-0.18661
2028,United States,US,Data analysis & BI,Technology,Entry,0.68352,0.26326,0.02982,-0.23344,76.65604,-0.06825,-0.16043
2029,United States,US,Data analysis & BI,Technology,Entry,0.80581,0.31036,0.04402,-0.26633,73.36653,-0.04291,-0.09399
2030,United States,US,Data analysis & BI,Technology,Entry,0.87252,0.33605,0.05527,-0.28078,71.92202,-0.01969,-0.04127
2026,Singapore,SG,Data analysis & BI,Technology,Entry,0.2925,0.11664,0.0069,-0.10973,89.02654,-0.05789,-0.15629
2027,Singapore,SG,Data analysis & BI,Technology,Entry,0.49636,0.19793,0.01475,-0.18318,81.68193,-0.0825,-0.20985
2028,Singapore,SG,Data analysis & BI,Technology,Entry,0.69263,0.27619,0.02743,-0.24877,75.12333,-0.08029,-0.18739
2029,Singapore,SG,Data analysis & BI,Technology,Entry,0.82532,0.3291,0.04217,-0.28694,71.3064,-0.05081,-0.10905
2030,Singapore,SG,Data analysis & BI,Technology,Entry,0.89503,0.3569,0.05396,-0.30294,69.70563,-0.02245,-0.04574
2026,United Kingdom,UK,Data analysis & BI,Technology,Entry,0.22387,0.07848,0.0052,-0.07328,92.67209,-0.03634,-0.09985
2027,United Kingdom,UK,Data analysis & BI,Technology,Entry,0.38281,0.1342,0.01043,-0.12377,87.62312,-0.05448,-0.14426
2028,United Kingdom,UK,Data analysis & BI,Technology,Entry,0.56215,0.19707,0.01903,-0.17804,82.19612,-0.06194,-0.15506
2029,United Kingdom,UK,Data analysis & BI,Technology,Entry,0.71203,0.24961,0.03022,-0.21939,78.06135,-0.0503,-0.11814
2030,United Kingdom,UK,Data analysis & BI,Technology,Entry,0.80894,0.28358,0.04108,-0.2425,75.74995,-0.02961,-0.06604
2026,Canada,CA,Data analysis & BI,Technology,Entry,0.20074,0.07523,0.00461,-0.07062,92.93755,-0.0349,-0.09603
2027,Canada,CA,Data analysis & BI,Technology,Entry,0.34658,0.12989,0.00917,-0.12072,87.92775,-0.05391,-0.14314
2028,Canada,CA,Data analysis & BI,Technology,Entry,0.51964,0.19475,0.01677,-0.17797,82.20266,-0.06511,-0.16357
2029,Canada,CA,Data analysis & BI,Technology,Entry,0.67388,0.25255,0.02707,-0.22549,77.45136,-0.0578,-0.13575
2030,Canada,CA,Data analysis & BI,Technology,Entry,0.78002,0.29233,0.03766,-0.25467,74.53326,-0.03768,-0.08337
2026,United Arab Emirates,AE,Data analysis & BI,Technology,Entry,0.17156,0.06133,0.00377,-0.05756,94.24402,-0.0304,-0.08443
2027,United Arab Emirates,AE,Data analysis & BI,Technology,Entry,0.31516,0.11266,0.00809,-0.10457,89.54306,-0.04988,-0.13431
2028,United Arab Emirates,AE,Data analysis & BI,Technology,Entry,0.49072,0.17542,0.01588,-0.15954,84.04591,-0.06139,-0.15706
2029,United Arab Emirates,AE,Data analysis & BI,Technology,Entry,0.64406,0.23024,0.02697,-0.20327,79.67314,-0.05203,-0.12494
2030,United Arab Emirates,AE,Data analysis & BI,Technology,Entry,0.74334,0.26573,0.03844,-0.22729,77.27137,-0.03015,-0.06862
2026,Australia,AU,Data analysis & BI,Technology,Entry,0.18674,0.06415,0.00411,-0.06004,93.9957,-0.02976,-0.08237
2027,Australia,AU,Data analysis & BI,Technology,Entry,0.32645,0.11215,0.00823,-0.10392,89.60794,-0.04668,-0.12536
2028,Australia,AU,Data analysis & BI,Technology,Entry,0.49683,0.17068,0.01521,-0.15547,84.45281,-0.05753,-0.14729
2029,Australia,AU,Data analysis & BI,Technology,Entry,0.65308,0.22437,0.0249,-0.19947,80.05329,-0.05209,-0.1257
2030,Australia,AU,Data analysis & BI,Technology,Entry,0.7631,0.26216,0.03516,-0.227,77.29994,-0.03439,-0.07867
2026,Germany,DE,Data analysis & BI,Technology,Entry,0.18062,0.04967,0.00385,-0.04583,95.41742,-0.02132,-0.0594
2027,Germany,DE,Data analysis & BI,Technology,Entry,0.30566,0.08406,0.00729,-0.07677,92.32299,-0.03243,-0.08841
2028,Germany,DE,Data analysis & BI,Technology,Entry,0.46101,0.12678,0.01292,-0.11386,88.61378,-0.04018,-0.10598
2029,Germany,DE,Data analysis & BI,Technology,Entry,0.61255,0.16845,0.0207,-0.14775,85.22487,-0.03824,-0.09683
2030,Germany,DE,Data analysis & BI,Technology,Entry,0.72923,0.20054,0.0293,-0.17124,82.87556,-0.02757,-0.06712
2026,Japan,JP,Data analysis & BI,Technology,Entry,0.16856,0.04301,0.00314,-0.03987,96.01335,-0.01864,-0.05211
2027,Japan,JP,Data analysis & BI,Technology,Entry,0.28811,0.07351,0.00598,-0.06753,93.24735,-0.02881,-0.07903
2028,Japan,JP,Data analysis & BI,Technology,Entry,0.44,0.11226,0.01069,-0.10157,89.84265,-0.03651,-0.09728
2029,Japan,JP,Data analysis & BI,Technology,Entry,0.59189,0.15101,0.01732,-0.13369,86.631,-0.03575,-0.09176
2030,Japan,JP,Data analysis & BI,Technology,Entry,0.71144,0.18151,0.02483,-0.15668,84.33161,-0.02654,-0.0657
2026,India,IN,Data analysis & BI,Technology,Entry,0.12095,0.04972,0.00277,-0.04695,95.30467,-0.02418,-0.06748
2027,India,IN,Data analysis & BI,Technology,Entry,0.22322,0.09176,0.00576,-0.08601,91.39907,-0.04098,-0.11159
2028,India,IN,Data analysis & BI,Technology,Entry,0.36,0.148,0.01118,-0.13682,86.31809,-0.05559,-0.14517
2029,India,IN,Data analysis & BI,Technology,Entry,0.49678,0.20423,0.01938,-0.18485,81.51504,-0.05564,-0.13723
2030,India,IN,Data analysis & BI,Technology,Entry,0.59905,0.24627,0.02891,-0.21736,78.26367,-0.03989,-0.0929
2026,France,FR,Data analysis & BI,Technology,Entry,0.16451,0.04668,0.00335,-0.04333,95.66715,-0.01994,-0.05563
2027,France,FR,Data analysis & BI,Technology,Entry,0.2785,0.07902,0.00627,-0.07275,92.72492,-0.03075,-0.08406
2028,France,FR,Data analysis & BI,Technology,Entry,0.42461,0.12047,0.01106,-0.10941,89.05864,-0.03954,-0.10475
2029,France,FR,Data analysis & BI,Technology,Entry,0.57419,0.16292,0.01783,-0.14509,85.49114,-0.04006,-0.10193
2030,France,FR,Data analysis & BI,Technology,Entry,0.69594,0.19746,0.02561,-0.17185,82.8147,-0.03131,-0.07647
2026,Brazil,BR,Data analysis & BI,Technology,Entry,0.09137,0.0333,0.00189,-0.03141,96.85886,-0.01499,-0.04211
2027,Brazil,BR,Data analysis & BI,Technology,Entry,0.16352,0.0596,0.00363,-0.05597,94.40318,-0.02535,-0.07016
2028,Brazil,BR,Data analysis & BI,Technology,Entry,0.26903,0.09805,0.00669,-0.09135,90.8645,-0.03748,-0.1011
2029,Brazil,BR,Data analysis & BI,Technology,Entry,0.39586,0.14427,0.01153,-0.13274,86.72576,-0.04555,-0.11825
2030,Brazil,BR,Data analysis & BI,Technology,Entry,0.51686,0.18837,0.01798,-0.17039,82.96117,-0.04341,-0.10756
2026,Nigeria,NG,Data analysis & BI,Technology,Entry,0.0536,0.0241,0.00109,-0.02301,97.69886,-0.01059,-0.02988
2027,Nigeria,NG,Data analysis & BI,Technology,Entry,0.09502,0.04273,0.00203,-0.04071,95.92933,-0.01811,-0.05056
2028,Nigeria,NG,Data analysis & BI,Technology,Entry,0.1593,0.07164,0.00367,-0.06798,93.20238,-0.02843,-0.07791
2029,Nigeria,NG,Data analysis & BI,Technology,Entry,0.24627,0.11075,0.00634,-0.10441,89.55865,-0.03909,-0.10411
2030,Nigeria,NG,Data analysis & BI,Technology,Entry,0.34443,0.1549,0.01024,-0.14466,85.53388,-0.04494,-0.11499
2026,United States,US,Data analysis & BI,Technology,Junior,0.31272,0.0637,0.01274,-0.05096,94.90414,-0.02376,-0.09626
2027,United States,US,Data analysis & BI,Technology,Junior,0.50443,0.10275,0.02556,-0.07719,92.28128,-0.02764,-0.10929
2028,United States,US,Data analysis & BI,Technology,Junior,0.68352,0.13922,0.04485,-0.09438,90.56244,-0.01863,-0.07162
2029,United States,US,Data analysis & BI,Technology,Junior,0.80581,0.16413,0.06621,-0.09792,90.20757,-0.00392,-0.01479
2030,United States,US,Data analysis & BI,Technology,Junior,0.87252,0.17772,0.08313,-0.09459,90.5407,0.00369,0.01388
2026,Singapore,SG,Data analysis & BI,Technology,Junior,0.2925,0.06168,0.01038,-0.0513,94.86962,-0.02579,-0.10464
2027,Singapore,SG,Data analysis & BI,Technology,Junior,0.49636,0.10467,0.02218,-0.08249,91.75058,-0.03288,-0.12996
2028,Singapore,SG,Data analysis & BI,Technology,Junior,0.69263,0.14606,0.04125,-0.10482,89.51844,-0.02433,-0.09301
2029,Singapore,SG,Data analysis & BI,Technology,Junior,0.82532,0.17405,0.06342,-0.11063,88.93711,-0.00649,-0.02422
2030,Singapore,SG,Data analysis & BI,Technology,Junior,0.89503,0.18875,0.08115,-0.1076,89.24007,0.00341,0.01262
2026,United Kingdom,UK,Data analysis & BI,Technology,Junior,0.22387,0.0415,0.00782,-0.03368,96.63174,-0.0161,-0.06587
2027,United Kingdom,UK,Data analysis & BI,Technology,Junior,0.38281,0.07097,0.01569,-0.05528,94.47153,-0.02236,-0.09001
2028,United Kingdom,UK,Data analysis & BI,Technology,Junior,0.56215,0.10422,0.02862,-0.0756,92.4398,-0.02151,-0.08466
2029,United Kingdom,UK,Data analysis & BI,Technology,Junior,0.71203,0.132,0.04545,-0.08655,91.34458,-0.01185,-0.04563
2030,United Kingdom,UK,Data analysis & BI,Technology,Junior,0.80894,0.14997,0.06178,-0.08819,91.18097,-0.00179,-0.00682
2026,Canada,CA,Data analysis & BI,Technology,Junior,0.20074,0.03979,0.00693,-0.03286,96.7144,-0.01571,-0.06432
2027,Canada,CA,Data analysis & BI,Technology,Junior,0.34658,0.06869,0.01379,-0.05491,94.50948,-0.0228,-0.09187
2028,Canada,CA,Data analysis & BI,Technology,Junior,0.51964,0.10299,0.02522,-0.07777,92.2234,-0.02419,-0.09525
2029,Canada,CA,Data analysis & BI,Technology,Junior,0.67388,0.13356,0.04071,-0.09286,90.71447,-0.01636,-0.06287
2030,Canada,CA,Data analysis & BI,Technology,Junior,0.78002,0.1546,0.05664,-0.09795,90.20452,-0.00562,-0.02125
2026,United Arab Emirates,AE,Data analysis & BI,Technology,Junior,0.17156,0.03243,0.00567,-0.02676,97.32353,-0.01377,-0.05661
2027,United Arab Emirates,AE,Data analysis & BI,Technology,Junior,0.31516,0.05958,0.01217,-0.04741,95.2591,-0.02121,-0.08602
2028,United Arab Emirates,AE,Data analysis & BI,Technology,Junior,0.49072,0.09277,0.02388,-0.06889,93.11116,-0.02255,-0.0895
2029,United Arab Emirates,AE,Data analysis & BI,Technology,Junior,0.64406,0.12176,0.04056,-0.0812,91.87986,-0.01322,-0.0513
2030,United Arab Emirates,AE,Data analysis & BI,Technology,Junior,0.74334,0.14053,0.05781,-0.08272,91.72839,-0.00165,-0.00631
2026,Australia,AU,Data analysis & BI,Technology,Junior,0.18674,0.03393,0.00618,-0.02774,97.22554,-0.01335,-0.05481
2027,Australia,AU,Data analysis & BI,Technology,Junior,0.32645,0.05931,0.01238,-0.04693,95.30656,-0.01974,-0.07996
2028,Australia,AU,Data analysis & BI,Technology,Junior,0.49683,0.09027,0.02288,-0.06739,93.2612,-0.02146,-0.08522
2029,Australia,AU,Data analysis & BI,Technology,Junior,0.65308,0.11865,0.03744,-0.08121,91.87897,-0.01482,-0.05759
2030,Australia,AU,Data analysis & BI,Technology,Junior,0.7631,0.13864,0.05288,-0.08576,91.42352,-0.00496,-0.01898
2026,Germany,DE,Data analysis & BI,Technology,Junior,0.18062,0.02627,0.00578,-0.02049,97.95145,-0.00925,-0.03811
2027,Germany,DE,Data analysis & BI,Technology,Junior,0.30566,0.04445,0.01096,-0.03349,96.65067,-0.01328,-0.0542
2028,Germany,DE,Data analysis & BI,Technology,Junior,0.46101,0.06705,0.01943,-0.04762,95.23804,-0.01462,-0.05886
2029,Germany,DE,Data analysis & BI,Technology,Junior,0.61255,0.08909,0.03114,-0.05795,94.20488,-0.01085,-0.04305
2030,Germany,DE,Data analysis & BI,Technology,Junior,0.72923,0.10606,0.04406,-0.062,93.80035,-0.00429,-0.01686
2026,Japan,JP,Data analysis & BI,Technology,Junior,0.16856,0.02274,0.00472,-0.01802,98.19774,-0.00822,-0.03389
2027,Japan,JP,Data analysis & BI,Technology,Junior,0.28811,0.03887,0.00899,-0.02988,97.01191,-0.01208,-0.04941
2028,Japan,JP,Data analysis & BI,Technology,Junior,0.44,0.05937,0.01607,-0.0433,95.67025,-0.01383,-0.0559
2029,Japan,JP,Data analysis & BI,Technology,Junior,0.59189,0.07986,0.02605,-0.05381,94.61893,-0.01099,-0.04381
2030,Japan,JP,Data analysis & BI,Technology,Junior,0.71144,0.09599,0.03734,-0.05865,94.13484,-0.00512,-0.02017
2026,India,IN,Data analysis & BI,Technology,Junior,0.12095,0.02629,0.00416,-0.02213,97.78677,-0.01117,-0.04602
2027,India,IN,Data analysis & BI,Technology,Junior,0.22322,0.04853,0.00866,-0.03987,96.01263,-0.01814,-0.07392
2028,India,IN,Data analysis & BI,Technology,Junior,0.36,0.07827,0.01681,-0.06146,93.85414,-0.02248,-0.08994
2029,India,IN,Data analysis & BI,Technology,Junior,0.49678,0.108,0.02914,-0.07886,92.11365,-0.01854,-0.07252
2030,India,IN,Data analysis & BI,Technology,Junior,0.59905,0.13024,0.04347,-0.08677,91.3234,-0.00858,-0.03293
2026,France,FR,Data analysis & BI,Technology,Junior,0.16451,0.02468,0.00504,-0.01965,98.03506,-0.00881,-0.03632
2027,France,FR,Data analysis & BI,Technology,Junior,0.2785,0.04179,0.00943,-0.03236,96.76389,-0.01297,-0.05297
2028,France,FR,Data analysis & BI,Technology,Junior,0.42461,0.06371,0.01664,-0.04708,95.29224,-0.01521,-0.06132
2029,France,FR,Data analysis & BI,Technology,Junior,0.57419,0.08616,0.02681,-0.05935,94.06541,-0.01287,-0.05112
2030,France,FR,Data analysis & BI,Technology,Junior,0.69594,0.10443,0.03851,-0.06591,93.40856,-0.00698,-0.02737
2026,Brazil,BR,Data analysis & BI,Technology,Junior,0.09137,0.01761,0.00284,-0.01477,98.52283,-0.00695,-0.02871
2027,Brazil,BR,Data analysis & BI,Technology,Junior,0.16352,0.03152,0.00546,-0.02606,97.39384,-0.01146,-0.04704
2028,Brazil,BR,Data analysis & BI,Technology,Junior,0.26903,0.05185,0.01006,-0.04179,95.82126,-0.01615,-0.06552
2029,Brazil,BR,Data analysis & BI,Technology,Junior,0.39586,0.0763,0.01734,-0.05896,94.10416,-0.01792,-0.07155
2030,Brazil,BR,Data analysis & BI,Technology,Junior,0.51686,0.09962,0.02705,-0.07257,92.74271,-0.01447,-0.05673
2026,Nigeria,NG,Data analysis & BI,Technology,Junior,0.0536,0.01275,0.00164,-0.0111,98.8896,-0.00506,-0.02096
2027,Nigeria,NG,Data analysis & BI,Technology,Junior,0.09502,0.0226,0.00305,-0.01955,98.04499,-0.00854,-0.03519
2028,Nigeria,NG,Data analysis & BI,Technology,Junior,0.1593,0.03789,0.00551,-0.03237,96.7626,-0.01308,-0.05343
2029,Nigeria,NG,Data analysis & BI,Technology,Junior,0.24627,0.05857,0.00954,-0.04904,95.09635,-0.01722,-0.06943
2030,Nigeria,NG,Data analysis & BI,Technology,Junior,0.34443,0.08192,0.0154,-0.06652,93.34794,-0.01839,-0.07285
2026,United States,US,Data analysis & BI,Technology,Mid,0.31272,0.02432,0.01456,-0.00976,99.02379,-0.00361,-0.02242
2027,United States,US,Data analysis & BI,Technology,Mid,0.50443,0.03923,0.02921,-0.01002,98.99795,-0.00026,-0.00161
2028,United States,US,Data analysis & BI,Technology,Mid,0.68352,0.05316,0.05126,-0.0019,99.80976,0.0082,0.05074
2029,United States,US,Data analysis & BI,Technology,Mid,0.80581,0.06267,0.07567,0.013,101.29973,0.01493,0.09312
2030,United States,US,Data analysis & BI,Technology,Mid,0.87252,0.06786,0.095,0.02715,102.71464,0.01397,0.08843
2026,Singapore,SG,Data analysis & BI,Technology,Mid,0.2925,0.02355,0.01186,-0.01169,98.83097,-0.00515,-0.03195
2027,Singapore,SG,Data analysis & BI,Technology,Mid,0.49636,0.03997,0.02535,-0.01462,98.53817,-0.00296,-0.0183
2028,Singapore,SG,Data analysis & BI,Technology,Mid,0.69263,0.05577,0.04714,-0.00863,99.13715,0.00608,0.03744
2029,Singapore,SG,Data analysis & BI,Technology,Mid,0.82532,0.06645,0.07248,0.00602,100.60221,0.01478,0.09157
2030,Singapore,SG,Data analysis & BI,Technology,Mid,0.89503,0.07207,0.09274,0.02067,102.06721,0.01456,0.09156
2026,United Kingdom,UK,Data analysis & BI,Technology,Mid,0.22387,0.01585,0.00894,-0.00691,99.30915,-0.00291,-0.0181
2027,United Kingdom,UK,Data analysis & BI,Technology,Mid,0.38281,0.0271,0.01793,-0.00917,99.08289,-0.00228,-0.01414
2028,United Kingdom,UK,Data analysis & BI,Technology,Mid,0.56215,0.03979,0.0327,-0.00709,99.29116,0.0021,0.01302
2029,United Kingdom,UK,Data analysis & BI,Technology,Mid,0.71203,0.0504,0.05194,0.00154,100.15411,0.00869,0.05393
2030,United Kingdom,UK,Data analysis & BI,Technology,Mid,0.80894,0.05726,0.07061,0.01334,101.33443,0.01179,0.07377
2026,Canada,CA,Data analysis & BI,Technology,Mid,0.20074,0.01519,0.00792,-0.00727,99.27295,-0.00316,-0.01968
2027,Canada,CA,Data analysis & BI,Technology,Mid,0.34658,0.02623,0.01576,-0.01047,98.95282,-0.00322,-0.02001
2028,Canada,CA,Data analysis & BI,Technology,Mid,0.51964,0.03932,0.02883,-0.0105,98.95046,-0.00002,-0.00015
2029,Canada,CA,Data analysis & BI,Technology,Mid,0.67388,0.051,0.04652,-0.00447,99.55257,0.00608,0.03763
2030,Canada,CA,Data analysis & BI,Technology,Mid,0.78002,0.05903,0.06474,0.00571,100.57071,0.01023,0.06363
2026,United Arab Emirates,AE,Data analysis & BI,Technology,Mid,0.17156,0.01238,0.00648,-0.0059,99.40952,-0.0028,-0.01744
2027,United Arab Emirates,AE,Data analysis & BI,Technology,Mid,0.31516,0.02275,0.01391,-0.00884,99.11622,-0.00295,-0.01833
2028,United Arab Emirates,AE,Data analysis & BI,Technology,Mid,0.49072,0.03542,0.02729,-0.00813,99.18726,0.00072,0.00444
2029,United Arab Emirates,AE,Data analysis & BI,Technology,Mid,0.64406,0.04649,0.04635,-0.00014,99.98627,0.00806,0.04994
2030,United Arab Emirates,AE,Data analysis & BI,Technology,Mid,0.74334,0.05366,0.06607,0.01242,101.24157,0.01255,0.07846
2026,Australia,AU,Data analysis & BI,Technology,Mid,0.18674,0.01295,0.00707,-0.00589,99.41123,-0.00258,-0.01604
2027,Australia,AU,Data analysis & BI,Technology,Mid,0.32645,0.02265,0.01414,-0.0085,99.14977,-0.00263,-0.01634
2028,Australia,AU,Data analysis & BI,Technology,Mid,0.49683,0.03447,0.02615,-0.00832,99.16808,0.00018,0.00114
2029,Australia,AU,Data analysis & BI,Technology,Mid,0.65308,0.0453,0.04279,-0.00251,99.7489,0.00586,0.0363
2030,Australia,AU,Data analysis & BI,Technology,Mid,0.7631,0.05294,0.06043,0.0075,100.74958,0.01003,0.06254
2026,Germany,DE,Data analysis & BI,Technology,Mid,0.18062,0.01003,0.00661,-0.00342,99.65792,-0.00133,-0.00828
2027,Germany,DE,Data analysis & BI,Technology,Mid,0.30566,0.01697,0.01253,-0.00445,99.55531,-0.00103,-0.00641
2028,Germany,DE,Data analysis & BI,Technology,Mid,0.46101,0.0256,0.0222,-0.0034,99.66032,0.00105,0.00656
2029,Germany,DE,Data analysis & BI,Technology,Mid,0.61255,0.03401,0.03558,0.00157,100.15682,0.00498,0.03103
2030,Germany,DE,Data analysis & BI,Technology,Mid,0.72923,0.04049,0.05035,0.00986,100.98588,0.00828,0.05182
2026,Japan,JP,Data analysis & BI,Technology,Mid,0.16856,0.00868,0.0054,-0.00329,99.67113,-0.00133,-0.00832
2027,Japan,JP,Data analysis & BI,Technology,Mid,0.28811,0.01484,0.01028,-0.00457,99.54344,-0.00128,-0.00798
2028,Japan,JP,Data analysis & BI,Technology,Mid,0.44,0.02267,0.01837,-0.0043,99.56985,0.00027,0.00165
2029,Japan,JP,Data analysis & BI,Technology,Mid,0.59189,0.03049,0.02977,-0.00072,99.92806,0.0036,0.02239
2030,Japan,JP,Data analysis & BI,Technology,Mid,0.71144,0.03665,0.04268,0.00602,100.60237,0.00675,0.04214
2026,India,IN,Data analysis & BI,Technology,Mid,0.12095,0.01004,0.00476,-0.00528,99.47173,-0.00253,-0.01574
2027,India,IN,Data analysis & BI,Technology,Mid,0.22322,0.01853,0.00989,-0.00864,99.13629,-0.00337,-0.02097
2028,India,IN,Data analysis & BI,Technology,Mid,0.36,0.02988,0.01921,-0.01067,98.93257,-0.00205,-0.01273
2029,India,IN,Data analysis & BI,Technology,Mid,0.49678,0.04124,0.0333,-0.00793,99.20657,0.00277,0.01712
2030,India,IN,Data analysis & BI,Technology,Mid,0.59905,0.04973,0.04968,-0.00004,99.99557,0.00795,0.04931
2026,France,FR,Data analysis & BI,Technology,Mid,0.16451,0.00943,0.00575,-0.00367,99.63297,-0.00148,-0.0092
2027,France,FR,Data analysis & BI,Technology,Mid,0.2785,0.01596,0.01078,-0.00518,99.48193,-0.00152,-0.00944
2028,France,FR,Data analysis & BI,Technology,Mid,0.42461,0.02433,0.01901,-0.00532,99.46848,-0.00014,-0.00084
2029,France,FR,Data analysis & BI,Technology,Mid,0.57419,0.0329,0.03064,-0.00225,99.77457,0.00308,0.01913
2030,France,FR,Data analysis & BI,Technology,Mid,0.69594,0.03987,0.04401,0.00414,100.4142,0.00641,0.03998
2026,Brazil,BR,Data analysis & BI,Technology,Mid,0.09137,0.00672,0.00324,-0.00348,99.65198,-0.00157,-0.00981
2027,Brazil,BR,Data analysis & BI,Technology,Mid,0.16352,0.01203,0.00623,-0.0058,99.4201,-0.00233,-0.01449
2028,Brazil,BR,Data analysis & BI,Technology,Mid,0.26903,0.0198,0.0115,-0.0083,99.17043,-0.00251,-0.0156
2029,Brazil,BR,Data analysis & BI,Technology,Mid,0.39586,0.02913,0.01982,-0.00932,99.06844,-0.00103,-0.00637
2030,Brazil,BR,Data analysis & BI,Technology,Mid,0.51686,0.03804,0.03091,-0.00713,99.28745,0.00221,0.01369
2026,Nigeria,NG,Data analysis & BI,Technology,Mid,0.0536,0.00487,0.00188,-0.00299,99.70109,-0.00134,-0.00834
2027,Nigeria,NG,Data analysis & BI,Technology,Mid,0.09502,0.00863,0.00349,-0.00514,99.48566,-0.00216,-0.01346
2028,Nigeria,NG,Data analysis & BI,Technology,Mid,0.1593,0.01447,0.0063,-0.00816,99.18353,-0.00304,-0.01888
2029,Nigeria,NG,Data analysis & BI,Technology,Mid,0.24627,0.02236,0.0109,-0.01147,98.85336,-0.00333,-0.02064
2030,Nigeria,NG,Data analysis & BI,Technology,Mid,0.34443,0.03128,0.0176,-0.01368,98.63192,-0.00224,-0.01384
2026,United States,US,Data analysis & BI,Technology,Senior,0.31272,0.01115,0.01228,0.00114,100.11369,0.00139,0.0126
2027,United States,US,Data analysis & BI,Technology,Senior,0.50443,0.01798,0.02465,0.00667,100.66652,0.00552,0.05026
2028,United States,US,Data analysis & BI,Technology,Senior,0.68352,0.02436,0.04325,0.01888,101.88831,0.01214,0.11107
2029,United States,US,Data analysis & BI,Technology,Senior,0.80581,0.02872,0.06384,0.03512,103.512,0.01594,0.14761
2030,United States,US,Data analysis & BI,Technology,Senior,0.87252,0.0311,0.08016,0.04906,104.90581,0.01347,0.12671
2026,Singapore,SG,Data analysis & BI,Technology,Senior,0.2925,0.01079,0.01001,-0.00079,99.92134,0.00025,0.00226
2027,Singapore,SG,Data analysis & BI,Technology,Senior,0.49636,0.01832,0.02139,0.00307,100.30695,0.00386,0.03506
2028,Singapore,SG,Data analysis & BI,Technology,Senior,0.69263,0.02556,0.03978,0.01421,101.42144,0.01111,0.10132
2029,Singapore,SG,Data analysis & BI,Technology,Senior,0.82532,0.03046,0.06115,0.03069,103.06935,0.01625,0.14981
2030,Singapore,SG,Data analysis & BI,Technology,Senior,0.89503,0.03303,0.07825,0.04522,104.52177,0.01409,0.13204
2026,United Kingdom,UK,Data analysis & BI,Technology,Senior,0.22387,0.00726,0.00754,0.00028,100.02786,0.00049,0.00445
2027,United Kingdom,UK,Data analysis & BI,Technology,Senior,0.38281,0.01242,0.01513,0.00271,100.27058,0.00243,0.02207
2028,United Kingdom,UK,Data analysis & BI,Technology,Senior,0.56215,0.01824,0.02759,0.00936,100.93558,0.00663,0.06045
2029,United Kingdom,UK,Data analysis & BI,Technology,Senior,0.71203,0.0231,0.04383,0.02073,102.07259,0.01126,0.10336
2030,United Kingdom,UK,Data analysis & BI,Technology,Senior,0.80894,0.02624,0.05957,0.03333,103.33288,0.01235,0.11457
2026,Canada,CA,Data analysis & BI,Technology,Senior,0.20074,0.00696,0.00668,-0.00028,99.97205,0.00015,0.00132
2027,Canada,CA,Data analysis & BI,Technology,Senior,0.34658,0.01202,0.01329,0.00127,100.1273,0.00155,0.01411
2028,Canada,CA,Data analysis & BI,Technology,Senior,0.51964,0.01802,0.02432,0.0063,100.63005,0.00502,0.0457
2029,Canada,CA,Data analysis & BI,Technology,Senior,0.67388,0.02337,0.03925,0.01588,101.58796,0.00952,0.08708
2030,Canada,CA,Data analysis & BI,Technology,Senior,0.78002,0.02705,0.05462,0.02757,102.7566,0.0115,0.10624
2026,United Arab Emirates,AE,Data analysis & BI,Technology,Senior,0.17156,0.00568,0.00547,-0.00021,99.97908,0.00011,0.00099
2027,United Arab Emirates,AE,Data analysis & BI,Technology,Senior,0.31516,0.01043,0.01174,0.00131,100.1311,0.00152,0.01382
2028,United Arab Emirates,AE,Data analysis & BI,Technology,Senior,0.49072,0.01623,0.02303,0.00679,100.67946,0.00548,0.04985
2029,United Arab Emirates,AE,Data analysis & BI,Technology,Senior,0.64406,0.02131,0.03911,0.0178,101.78023,0.01093,0.10007
2030,United Arab Emirates,AE,Data analysis & BI,Technology,Senior,0.74334,0.02459,0.05575,0.03116,103.1156,0.01312,0.1214
2026,Australia,AU,Data analysis & BI,Technology,Senior,0.18674,0.00594,0.00596,0.00003,100.00251,0.00025,0.00223
2027,Australia,AU,Data analysis & BI,Technology,Senior,0.32645,0.01038,0.01193,0.00155,100.15542,0.00153,0.0139
2028,Australia,AU,Data analysis & BI,Technology,Senior,0.49683,0.0158,0.02206,0.00626,100.62641,0.0047,0.04282
2029,Australia,AU,Data analysis & BI,Technology,Senior,0.65308,0.02076,0.03611,0.01534,101.53424,0.00902,0.08253
2030,Australia,AU,Data analysis & BI,Technology,Senior,0.7631,0.02426,0.05099,0.02673,102.67271,0.01121,0.1035
2026,Germany,DE,Data analysis & BI,Technology,Senior,0.18062,0.0046,0.00558,0.00098,100.09793,0.00065,0.00588
2027,Germany,DE,Data analysis & BI,Technology,Senior,0.30566,0.00778,0.01057,0.00279,100.27897,0.00181,0.01646
2028,Germany,DE,Data analysis & BI,Technology,Senior,0.46101,0.01173,0.01873,0.007,100.70005,0.0042,0.03828
2029,Germany,DE,Data analysis & BI,Technology,Senior,0.61255,0.01559,0.03002,0.01443,101.4433,0.00738,0.06757
2030,Germany,DE,Data analysis & BI,Technology,Senior,0.72923,0.01856,0.04248,0.02393,102.39253,0.00936,0.08629
2026,Japan,JP,Data analysis & BI,Technology,Senior,0.16856,0.00398,0.00455,0.00057,100.05721,0.00042,0.00379
2027,Japan,JP,Data analysis & BI,Technology,Senior,0.28811,0.0068,0.00867,0.00187,100.18684,0.0013,0.01178
2028,Japan,JP,Data analysis & BI,Technology,Senior,0.44,0.01039,0.0155,0.00511,100.51071,0.00323,0.02944
2029,Japan,JP,Data analysis & BI,Technology,Senior,0.59189,0.01398,0.02512,0.01115,101.11455,0.00601,0.05489
2030,Japan,JP,Data analysis & BI,Technology,Senior,0.71144,0.0168,0.03601,0.01921,101.92087,0.00797,0.0733
2026,India,IN,Data analysis & BI,Technology,Senior,0.12095,0.0046,0.00401,-0.00059,99.94123,-0.00017,-0.00156
2027,India,IN,Data analysis & BI,Technology,Senior,0.22322,0.00849,0.00835,-0.00015,99.9854,0.00044,0.00402
2028,India,IN,Data analysis & BI,Technology,Senior,0.36,0.0137,0.01621,0.00251,100.25113,0.00266,0.02416
2029,India,IN,Data analysis & BI,Technology,Senior,0.49678,0.0189,0.0281,0.0092,100.91993,0.00667,0.0608
2030,India,IN,Data analysis & BI,Technology,Senior,0.59905,0.02279,0.04192,0.01913,101.91285,0.00984,0.09027
2026,France,FR,Data analysis & BI,Technology,Senior,0.16451,0.00432,0.00486,0.00054,100.05358,0.0004,0.00362
2027,France,FR,Data analysis & BI,Technology,Senior,0.2785,0.00731,0.00909,0.00178,100.17785,0.00124,0.0113
2028,France,FR,Data analysis & BI,Technology,Senior,0.42461,0.01115,0.01604,0.00489,100.48912,0.00311,0.0283
2029,France,FR,Data analysis & BI,Technology,Senior,0.57419,0.01508,0.02585,0.01078,101.07769,0.00586,0.05351
2030,France,FR,Data analysis & BI,Technology,Senior,0.69594,0.01827,0.03714,0.01886,101.88621,0.008,0.0735
2026,Brazil,BR,Data analysis & BI,Technology,Senior,0.09137,0.00308,0.00274,-0.00034,99.9655,-0.00011,-0.00096
2027,Brazil,BR,Data analysis & BI,Technology,Senior,0.16352,0.00552,0.00526,-0.00025,99.97451,0.00009,0.00082
2028,Brazil,BR,Data analysis & BI,Technology,Senior,0.26903,0.00907,0.00971,0.00063,100.0631,0.00089,0.00805
2029,Brazil,BR,Data analysis & BI,Technology,Senior,0.39586,0.01335,0.01672,0.00337,100.33679,0.00274,0.02488
2030,Brazil,BR,Data analysis & BI,Technology,Senior,0.51686,0.01743,0.02608,0.00865,100.86479,0.00526,0.048
2026,Nigeria,NG,Data analysis & BI,Technology,Senior,0.0536,0.00223,0.00158,-0.00065,99.93539,-0.00027,-0.00247
2027,Nigeria,NG,Data analysis & BI,Technology,Senior,0.09502,0.00396,0.00294,-0.00101,99.89861,-0.00037,-0.00334
2028,Nigeria,NG,Data analysis & BI,Technology,Senior,0.1593,0.00663,0.00532,-0.00131,99.86866,-0.0003,-0.00272
2029,Nigeria,NG,Data analysis & BI,Technology,Senior,0.24627,0.01025,0.00919,-0.00106,99.89446,0.00026,0.00235
2030,Nigeria,NG,Data analysis & BI,Technology,Senior,0.34443,0.01434,0.01485,0.00051,100.05118,0.00157,0.01425
2026,United States,US,Data analysis & BI,Technology,Lead / Executive,0.31272,0.0055,0.00943,0.00393,100.39289,0.0025,0.03575
2027,United States,US,Data analysis & BI,Technology,Lead / Executive,0.50443,0.00887,0.01892,0.01005,101.00464,0.00609,0.08739
2028,United States,US,Data analysis & BI,Technology,Lead / Executive,0.68352,0.01202,0.0332,0.02118,102.11761,0.01102,0.15899
2029,United States,US,Data analysis & BI,Technology,Lead / Executive,0.80581,0.01418,0.04901,0.03484,103.48358,0.01338,0.19514
2030,United States,US,Data analysis & BI,Technology,Lead / Executive,0.87252,0.01535,0.06154,0.04619,104.61878,0.01097,0.16217
2026,Singapore,SG,Data analysis & BI,Technology,Lead / Executive,0.2925,0.00533,0.00768,0.00236,100.23557,0.00168,0.02397
2027,Singapore,SG,Data analysis & BI,Technology,Lead / Executive,0.49636,0.00904,0.01642,0.00738,100.73787,0.00501,0.07176
2028,Singapore,SG,Data analysis & BI,Technology,Lead / Executive,0.69263,0.01261,0.03053,0.01792,101.79202,0.01046,0.15059
2029,Singapore,SG,Data analysis & BI,Technology,Lead / Executive,0.82532,0.01503,0.04694,0.03191,103.19134,0.01375,0.1999
2030,Singapore,SG,Data analysis & BI,Technology,Lead / Executive,0.89503,0.0163,0.06007,0.04377,104.37685,0.01149,0.16936
2026,United Kingdom,UK,Data analysis & BI,Technology,Lead / Executive,0.22387,0.00358,0.00579,0.00221,100.22052,0.00133,0.01903
2027,United Kingdom,UK,Data analysis & BI,Technology,Lead / Executive,0.38281,0.00613,0.01161,0.00548,100.54824,0.00327,0.04682
2028,United Kingdom,UK,Data analysis & BI,Technology,Lead / Executive,0.56215,0.009,0.02118,0.01218,101.21826,0.00666,0.09572
2029,United Kingdom,UK,Data analysis & BI,Technology,Lead / Executive,0.71203,0.0114,0.03364,0.02224,102.22443,0.00994,0.14374
2030,United Kingdom,UK,Data analysis & BI,Technology,Lead / Executive,0.80894,0.01295,0.04573,0.03278,103.27813,0.01031,0.15053
2026,Canada,CA,Data analysis & BI,Technology,Lead / Executive,0.20074,0.00344,0.00513,0.00169,100.16944,0.00102,0.01464
2027,Canada,CA,Data analysis & BI,Technology,Lead / Executive,0.34658,0.00593,0.01021,0.00427,100.42731,0.00257,0.03684
2028,Canada,CA,Data analysis & BI,Technology,Lead / Executive,0.51964,0.00889,0.01867,0.00978,100.97782,0.00548,0.07864
2029,Canada,CA,Data analysis & BI,Technology,Lead / Executive,0.67388,0.01153,0.03013,0.0186,101.85987,0.00874,0.12601
2030,Canada,CA,Data analysis & BI,Technology,Lead / Executive,0.78002,0.01335,0.04193,0.02858,102.85794,0.0098,0.14258
2026,United Arab Emirates,AE,Data analysis & BI,Technology,Lead / Executive,0.17156,0.0028,0.0042,0.0014,100.13955,0.00089,0.01266
2027,United Arab Emirates,AE,Data analysis & BI,Technology,Lead / Executive,0.31516,0.00515,0.00901,0.00387,100.38652,0.00247,0.03528
2028,United Arab Emirates,AE,Data analysis & BI,Technology,Lead / Executive,0.49072,0.00801,0.01768,0.00967,100.96671,0.00578,0.08289
2029,United Arab Emirates,AE,Data analysis & BI,Technology,Lead / Executive,0.64406,0.01052,0.03002,0.01951,101.95084,0.00975,0.14059
2030,United Arab Emirates,AE,Data analysis & BI,Technology,Lead / Executive,0.74334,0.01214,0.0428,0.03066,103.06603,0.01094,0.15931
2026,Australia,AU,Data analysis & BI,Technology,Lead / Executive,0.18674,0.00293,0.00458,0.00165,100.16471,0.00097,0.01391
2027,Australia,AU,Data analysis & BI,Technology,Lead / Executive,0.32645,0.00512,0.00916,0.00404,100.40388,0.00239,0.03417
2028,Australia,AU,Data analysis & BI,Technology,Lead / Executive,0.49683,0.0078,0.01694,0.00914,100.91397,0.00508,0.07287
2029,Australia,AU,Data analysis & BI,Technology,Lead / Executive,0.65308,0.01025,0.02772,0.01747,101.7471,0.00826,0.11902
2030,Australia,AU,Data analysis & BI,Technology,Lead / Executive,0.7631,0.01197,0.03914,0.02717,102.71699,0.00953,0.13855
2026,Germany,DE,Data analysis & BI,Technology,Lead / Executive,0.18062,0.00227,0.00428,0.00201,100.20121,0.00107,0.01532
2027,Germany,DE,Data analysis & BI,Technology,Lead / Executive,0.30566,0.00384,0.00811,0.00427,100.42745,0.00226,0.03232
2028,Germany,DE,Data analysis & BI,Technology,Lead / Executive,0.46101,0.00579,0.01438,0.00859,100.85911,0.0043,0.06167
2029,Germany,DE,Data analysis & BI,Technology,Lead / Executive,0.61255,0.00769,0.02305,0.01535,101.53542,0.00671,0.09662
2030,Germany,DE,Data analysis & BI,Technology,Lead / Executive,0.72923,0.00916,0.03261,0.02346,102.34554,0.00798,0.11573
2026,Japan,JP,Data analysis & BI,Technology,Lead / Executive,0.16856,0.00196,0.00349,0.00153,100.15304,0.00082,0.01174
2027,Japan,JP,Data analysis & BI,Technology,Lead / Executive,0.28811,0.00336,0.00666,0.0033,100.32994,0.00177,0.02527
2028,Japan,JP,Data analysis & BI,Technology,Lead / Executive,0.44,0.00513,0.0119,0.00677,100.67691,0.00346,0.04957
2029,Japan,JP,Data analysis & BI,Technology,Lead / Executive,0.59189,0.0069,0.01929,0.01239,101.2388,0.00558,0.08027
2030,Japan,JP,Data analysis & BI,Technology,Lead / Executive,0.71144,0.00829,0.02764,0.01935,101.93517,0.00688,0.09948
2026,India,IN,Data analysis & BI,Technology,Lead / Executive,0.12095,0.00227,0.00308,0.00081,100.08104,0.00051,0.00722
2027,India,IN,Data analysis & BI,Technology,Lead / Executive,0.22322,0.00419,0.00641,0.00222,100.22163,0.0014,0.02008
2028,India,IN,Data analysis & BI,Technology,Lead / Executive,0.36,0.00676,0.01244,0.00568,100.56831,0.00346,0.04952
2029,India,IN,Data analysis & BI,Technology,Lead / Executive,0.49678,0.00933,0.02157,0.01224,101.22441,0.00652,0.09373
2030,India,IN,Data analysis & BI,Technology,Lead / Executive,0.59905,0.01125,0.03218,0.02093,102.09333,0.00858,0.12413
2026,France,FR,Data analysis & BI,Technology,Lead / Executive,0.16451,0.00213,0.00373,0.0016,100.15957,0.00084,0.01202
2027,France,FR,Data analysis & BI,Technology,Lead / Executive,0.2785,0.00361,0.00698,0.00337,100.33704,0.00177,0.02535
2028,France,FR,Data analysis & BI,Technology,Lead / Executive,0.42461,0.0055,0.01231,0.00681,100.68118,0.00343,0.04916
2029,France,FR,Data analysis & BI,Technology,Lead / Executive,0.57419,0.00744,0.01985,0.01241,101.2407,0.00556,0.07993
2030,France,FR,Data analysis & BI,Technology,Lead / Executive,0.69594,0.00902,0.02851,0.01949,101.94904,0.007,0.10119
2026,Brazil,BR,Data analysis & BI,Technology,Lead / Executive,0.09137,0.00152,0.0021,0.00058,100.05801,0.00032,0.00453
2027,Brazil,BR,Data analysis & BI,Technology,Lead / Executive,0.16352,0.00272,0.00404,0.00132,100.13165,0.00074,0.01052
2028,Brazil,BR,Data analysis & BI,Technology,Lead / Executive,0.26903,0.00448,0.00745,0.00297,100.29722,0.00165,0.02365
2029,Brazil,BR,Data analysis & BI,Technology,Lead / Executive,0.39586,0.00659,0.01284,0.00625,100.62462,0.00326,0.04677
2030,Brazil,BR,Data analysis & BI,Technology,Lead / Executive,0.51686,0.0086,0.02002,0.01142,101.14186,0.00514,0.07389
2026,Nigeria,NG,Data analysis & BI,Technology,Lead / Executive,0.0536,0.0011,0.00122,0.00012,100.01156,0.00007,0.00099
2027,Nigeria,NG,Data analysis & BI,Technology,Lead / Executive,0.09502,0.00195,0.00226,0.00031,100.0306,0.00019,0.00272
2028,Nigeria,NG,Data analysis & BI,Technology,Lead / Executive,0.1593,0.00327,0.00408,0.00081,100.08096,0.0005,0.00719
2029,Nigeria,NG,Data analysis & BI,Technology,Lead / Executive,0.24627,0.00506,0.00706,0.002,100.2,0.00119,0.01701
2030,Nigeria,NG,Data analysis & BI,Technology,Lead / Executive,0.34443,0.00707,0.0114,0.00432,100.43233,0.00232,0.03319
2026,United States,US,IT support & operations,Technology,Entry,0.31272,0.12514,0.00516,-0.11998,88.00241,-0.05994,-0.16032
2027,United States,US,IT support & operations,Technology,Entry,0.50443,0.20185,0.01036,-0.19149,80.85066,-0.08127,-0.20434
2028,United States,US,IT support & operations,Technology,Entry,0.68352,0.27352,0.01818,-0.25534,74.46588,-0.07897,-0.18242
2029,United States,US,IT support & operations,Technology,Entry,0.80581,0.32245,0.02683,-0.29562,70.43832,-0.05409,-0.11507
2030,United States,US,IT support & operations,Technology,Entry,0.87252,0.34915,0.03369,-0.31546,68.45437,-0.02817,-0.05668
2026,Singapore,SG,IT support & operations,Technology,Entry,0.2925,0.12118,0.00421,-0.11697,88.30264,-0.06215,-0.16718
2027,Singapore,SG,IT support & operations,Technology,Entry,0.49636,0.20564,0.00899,-0.19665,80.3349,-0.09023,-0.22765
2028,Singapore,SG,IT support & operations,Technology,Entry,0.69263,0.28696,0.01672,-0.27024,72.97626,-0.0916,-0.21025
2029,Singapore,SG,IT support & operations,Technology,Entry,0.82532,0.34193,0.0257,-0.31622,68.37763,-0.06302,-0.13139
2030,Singapore,SG,IT support & operations,Technology,Entry,0.89503,0.37081,0.03289,-0.33792,66.20822,-0.03173,-0.06198
2026,United Kingdom,UK,IT support & operations,Technology,Entry,0.22387,0.08154,0.00317,-0.07837,92.16326,-0.03909,-0.10711
2027,United Kingdom,UK,IT support & operations,Technology,Entry,0.38281,0.13943,0.00636,-0.13307,86.69299,-0.05935,-0.15629
2028,United Kingdom,UK,IT support & operations,Technology,Entry,0.56215,0.20474,0.0116,-0.19315,80.68534,-0.0693,-0.17165
2029,United Kingdom,UK,IT support & operations,Technology,Entry,0.71203,0.25933,0.01842,-0.24091,75.90878,-0.0592,-0.13647
2030,United Kingdom,UK,IT support & operations,Technology,Entry,0.80894,0.29463,0.02504,-0.26959,73.04102,-0.03778,-0.08194
2026,Canada,CA,IT support & operations,Technology,Entry,0.20074,0.07816,0.00281,-0.07536,92.46449,-0.03742,-0.10271
2027,Canada,CA,IT support & operations,Technology,Entry,0.34658,0.13495,0.00559,-0.12936,87.06373,-0.05841,-0.15431
2028,Canada,CA,IT support & operations,Technology,Entry,0.51964,0.20233,0.01022,-0.19211,80.78897,-0.07207,-0.17928
2029,Canada,CA,IT support & operations,Technology,Entry,0.67388,0.26239,0.0165,-0.2459,75.41046,-0.06657,-0.15367
2030,Canada,CA,IT support & operations,Technology,Entry,0.78002,0.30372,0.02296,-0.28076,71.9236,-0.04624,-0.09962
2026,United Arab Emirates,AE,IT support & operations,Technology,Entry,0.17156,0.06372,0.0023,-0.06142,93.85788,-0.03257,-0.09029
2027,United Arab Emirates,AE,IT support & operations,Technology,Entry,0.31516,0.11705,0.00493,-0.11212,88.78806,-0.05402,-0.14485
2028,United Arab Emirates,AE,IT support & operations,Technology,Entry,0.49072,0.18226,0.00968,-0.17258,82.74236,-0.06809,-0.17273
2029,United Arab Emirates,AE,IT support & operations,Technology,Entry,0.64406,0.23921,0.01644,-0.22277,77.72303,-0.06066,-0.14341
2030,United Arab Emirates,AE,IT support & operations,Technology,Entry,0.74334,0.27608,0.02343,-0.25265,74.73499,-0.03844,-0.08537
2026,Australia,AU,IT support & operations,Technology,Entry,0.18674,0.06665,0.00251,-0.06415,93.58521,-0.03194,-0.08821
2027,Australia,AU,IT support & operations,Technology,Entry,0.32645,0.11652,0.00502,-0.1115,88.84967,-0.0506,-0.1353
2028,Australia,AU,IT support & operations,Technology,Entry,0.49683,0.17733,0.00927,-0.16806,83.19381,-0.06366,-0.1616
2029,Australia,AU,IT support & operations,Technology,Entry,0.65308,0.23311,0.01518,-0.21793,78.20694,-0.05994,-0.14248
2030,Australia,AU,IT support & operations,Technology,Entry,0.7631,0.27238,0.02143,-0.25094,74.9056,-0.04221,-0.09432
2026,Germany,DE,IT support & operations,Technology,Entry,0.18062,0.05161,0.00234,-0.04926,95.07375,-0.02303,-0.06403
2027,Germany,DE,IT support & operations,Technology,Entry,0.30566,0.08733,0.00444,-0.08289,91.71091,-0.03537,-0.09608
2028,Germany,DE,IT support & operations,Technology,Entry,0.46101,0.13172,0.00787,-0.12385,87.61541,-0.04466,-0.11701
2029,Germany,DE,IT support & operations,Technology,Entry,0.61255,0.17502,0.01262,-0.1624,83.76017,-0.044,-0.11015
2030,Germany,DE,IT support & operations,Technology,Entry,0.72923,0.20835,0.01786,-0.1905,80.95029,-0.03355,-0.08028
2026,Japan,JP,IT support & operations,Technology,Entry,0.16856,0.04468,0.00191,-0.04277,95.72322,-0.02008,-0.05605
2027,Japan,JP,IT support & operations,Technology,Entry,0.28811,0.07637,0.00364,-0.07273,92.72748,-0.0313,-0.08559
2028,Japan,JP,IT support & operations,Technology,Entry,0.44,0.11663,0.00651,-0.11012,88.98802,-0.04033,-0.10684
2029,Japan,JP,IT support & operations,Technology,Entry,0.59189,0.1569,0.01056,-0.14634,85.36622,-0.0407,-0.10348
2030,Japan,JP,IT support & operations,Technology,Entry,0.71144,0.18859,0.01513,-0.17345,82.65489,-0.03176,-0.07747
2026,India,IN,IT support & operations,Technology,Entry,0.12095,0.05166,0.00169,-0.04997,95.00288,-0.02582,-0.07193
2027,India,IN,IT support & operations,Technology,Entry,0.22322,0.09534,0.00351,-0.09183,90.81681,-0.04406,-0.1196
2028,India,IN,IT support & operations,Technology,Entry,0.36,0.15376,0.00681,-0.14695,85.30507,-0.06069,-0.15748
2029,India,IN,IT support & operations,Technology,Entry,0.49678,0.21218,0.01181,-0.20037,79.96274,-0.06263,-0.15264
2030,India,IN,IT support & operations,Technology,Entry,0.59905,0.25586,0.01762,-0.23825,76.17544,-0.04736,-0.10821
2026,France,FR,IT support & operations,Technology,Entry,0.16451,0.0485,0.00204,-0.04645,95.35455,-0.02147,-0.05978
2027,France,FR,IT support & operations,Technology,Entry,0.2785,0.0821,0.00382,-0.07828,92.17224,-0.03337,-0.09092
2028,France,FR,IT support & operations,Technology,Entry,0.42461,0.12517,0.00674,-0.11843,88.15734,-0.04356,-0.11471
2029,France,FR,IT support & operations,Technology,Entry,0.57419,0.16926,0.01087,-0.1584,84.16025,-0.04534,-0.1142
2030,France,FR,IT support & operations,Technology,Entry,0.69594,0.20515,0.01561,-0.18955,81.04543,-0.03701,-0.08899
2026,Brazil,BR,IT support & operations,Technology,Entry,0.09137,0.0346,0.00115,-0.03345,96.65544,-0.016,-0.04489
2027,Brazil,BR,IT support & operations,Technology,Entry,0.16352,0.06192,0.00221,-0.05971,94.02934,-0.02717,-0.07503
2028,Brazil,BR,IT support & operations,Technology,Entry,0.26903,0.10187,0.00408,-0.09779,90.22119,-0.0405,-0.1088
2029,Brazil,BR,IT support & operations,Technology,Entry,0.39586,0.14989,0.00703,-0.14287,85.71347,-0.04996,-0.12879
2030,Brazil,BR,IT support & operations,Technology,Entry,0.51686,0.19571,0.01096,-0.18475,81.52499,-0.04887,-0.11967
2026,Nigeria,NG,IT support & operations,Technology,Entry,0.0536,0.02504,0.00067,-0.02438,97.56228,-0.01123,-0.03167
2027,Nigeria,NG,IT support & operations,Technology,Entry,0.09502,0.0444,0.00124,-0.04316,95.68364,-0.01926,-0.05368
2028,Nigeria,NG,IT support & operations,Technology,Entry,0.1593,0.07443,0.00223,-0.0722,92.78009,-0.03035,-0.08296
2029,Nigeria,NG,IT support & operations,Technology,Entry,0.24627,0.11507,0.00386,-0.1112,88.87957,-0.04204,-0.11144
2030,Nigeria,NG,IT support & operations,Technology,Entry,0.34443,0.16093,0.00624,-0.15469,84.5306,-0.04893,-0.12426
2026,United States,US,IT support & operations,Technology,Junior,0.31272,0.06618,0.00776,-0.05841,94.15855,-0.02783,-0.11232
2027,United States,US,IT support & operations,Technology,Junior,0.50443,0.10675,0.01558,-0.09117,90.88298,-0.03479,-0.13648
2028,United States,US,IT support & operations,Technology,Junior,0.68352,0.14465,0.02734,-0.11731,88.26875,-0.02876,-0.10893
2029,United States,US,IT support & operations,Technology,Junior,0.80581,0.17053,0.04036,-0.13017,86.98285,-0.01457,-0.05358
2030,United States,US,IT support & operations,Technology,Junior,0.87252,0.18465,0.05067,-0.13398,86.60232,-0.00437,-0.01586
2026,Singapore,SG,IT support & operations,Technology,Junior,0.2925,0.06409,0.00633,-0.05776,94.22404,-0.02948,-0.11925
2027,Singapore,SG,IT support & operations,Technology,Junior,0.49636,0.10875,0.01352,-0.09523,90.47669,-0.03977,-0.15614
2028,Singapore,SG,IT support & operations,Technology,Junior,0.69263,0.15176,0.02514,-0.12661,87.33869,-0.03468,-0.13075
2029,Singapore,SG,IT support & operations,Technology,Junior,0.82532,0.18083,0.03865,-0.14217,85.78276,-0.01781,-0.06483
2030,Singapore,SG,IT support & operations,Technology,Junior,0.89503,0.1961,0.04946,-0.14664,85.33613,-0.00521,-0.01861
2026,United Kingdom,UK,IT support & operations,Technology,Junior,0.22387,0.04312,0.00477,-0.03835,96.16465,-0.01857,-0.07581
2027,United Kingdom,UK,IT support & operations,Technology,Junior,0.38281,0.07374,0.00956,-0.06417,93.58253,-0.02685,-0.10759
2028,United Kingdom,UK,IT support & operations,Technology,Junior,0.56215,0.10828,0.01744,-0.09084,90.91638,-0.02849,-0.11109
2029,United Kingdom,UK,IT support & operations,Technology,Junior,0.71203,0.13715,0.0277,-0.10944,89.05557,-0.02047,-0.07753
2030,United Kingdom,UK,IT support & operations,Technology,Junior,0.80894,0.15581,0.03766,-0.11816,88.18431,-0.00978,-0.0363
2026,Canada,CA,IT support & operations,Technology,Junior,0.20074,0.04134,0.00422,-0.03711,96.28876,-0.01794,-0.07328
2027,Canada,CA,IT support & operations,Technology,Junior,0.34658,0.07137,0.0084,-0.06296,93.70353,-0.02685,-0.10772
2028,Canada,CA,IT support & operations,Technology,Junior,0.51964,0.107,0.01538,-0.09163,90.83717,-0.03059,-0.11943
2029,Canada,CA,IT support & operations,Technology,Junior,0.67388,0.13877,0.02481,-0.11395,88.60459,-0.02458,-0.09302
2030,Canada,CA,IT support & operations,Technology,Junior,0.78002,0.16062,0.03453,-0.1261,87.39038,-0.0137,-0.05059
2026,United Arab Emirates,AE,IT support & operations,Technology,Junior,0.17156,0.0337,0.00346,-0.03024,96.9758,-0.0157,-0.06445
2027,United Arab Emirates,AE,IT support & operations,Technology,Junior,0.31516,0.0619,0.00742,-0.05448,94.55165,-0.025,-0.10101
2028,United Arab Emirates,AE,IT support & operations,Technology,Junior,0.49072,0.09639,0.01456,-0.08183,91.81716,-0.02892,-0.11394
2029,United Arab Emirates,AE,IT support & operations,Technology,Junior,0.64406,0.1265,0.02472,-0.10178,89.82174,-0.02173,-0.08314
2030,United Arab Emirates,AE,IT support & operations,Technology,Junior,0.74334,0.146,0.03524,-0.11077,88.9234,-0.01,-0.03743
2026,Australia,AU,IT support & operations,Technology,Junior,0.18674,0.03525,0.00377,-0.03148,96.85191,-0.0153,-0.06272
2027,Australia,AU,IT support & operations,Technology,Junior,0.32645,0.06162,0.00754,-0.05408,94.59225,-0.02333,-0.09415
2028,Australia,AU,IT support & operations,Technology,Junior,0.49683,0.09378,0.01394,-0.07984,92.0162,-0.02723,-0.10734
2029,Australia,AU,IT support & operations,Technology,Junior,0.65308,0.12328,0.02282,-0.10045,89.95457,-0.02241,-0.0859
2030,Australia,AU,IT support & operations,Technology,Junior,0.7631,0.14404,0.03223,-0.11181,88.81859,-0.01263,-0.04733
2026,Germany,DE,IT support & operations,Technology,Junior,0.18062,0.02729,0.00352,-0.02377,97.6233,-0.01087,-0.0447
2027,Germany,DE,IT support & operations,Technology,Junior,0.30566,0.04619,0.00668,-0.03951,96.04949,-0.01612,-0.06558
2028,Germany,DE,IT support & operations,Technology,Junior,0.46101,0.06966,0.01184,-0.05782,94.21821,-0.01907,-0.0763
2029,Germany,DE,IT support & operations,Technology,Junior,0.61255,0.09256,0.01898,-0.07358,92.64204,-0.01673,-0.06567
2030,Germany,DE,IT support & operations,Technology,Junior,0.72923,0.11019,0.02685,-0.08333,91.66677,-0.01053,-0.04064
2026,Japan,JP,IT support & operations,Technology,Junior,0.16856,0.02363,0.00288,-0.02075,97.9248,-0.00956,-0.03939
2027,Japan,JP,IT support & operations,Technology,Junior,0.28811,0.04039,0.00548,-0.03491,96.50932,-0.01445,-0.05898
2028,Japan,JP,IT support & operations,Technology,Junior,0.44,0.06168,0.0098,-0.05189,94.81144,-0.01759,-0.07075
2029,Japan,JP,IT support & operations,Technology,Junior,0.59189,0.08297,0.01588,-0.06709,93.29052,-0.01604,-0.06337
2030,Japan,JP,IT support & operations,Technology,Junior,0.71144,0.09973,0.02276,-0.07697,92.30277,-0.01059,-0.04116
2026,India,IN,IT support & operations,Technology,Junior,0.12095,0.02732,0.00254,-0.02478,97.52179,-0.01259,-0.0518
2027,India,IN,IT support & operations,Technology,Junior,0.22322,0.05042,0.00528,-0.04514,95.48557,-0.02088,-0.08484
2028,India,IN,IT support & operations,Technology,Junior,0.36,0.08132,0.01025,-0.07107,92.89288,-0.02715,-0.10803
2029,India,IN,IT support & operations,Technology,Junior,0.49678,0.11221,0.01776,-0.09445,90.55497,-0.02517,-0.09741
2030,India,IN,IT support & operations,Technology,Junior,0.59905,0.13531,0.0265,-0.10882,89.11846,-0.01586,-0.05985
2026,France,FR,IT support & operations,Technology,Junior,0.16451,0.02565,0.00307,-0.02258,97.74226,-0.01023,-0.04209
2027,France,FR,IT support & operations,Technology,Junior,0.2785,0.04342,0.00575,-0.03767,96.23292,-0.01544,-0.06289
2028,France,FR,IT support & operations,Technology,Junior,0.42461,0.06619,0.01014,-0.05606,94.39445,-0.0191,-0.0766
2029,France,FR,IT support & operations,Technology,Junior,0.57419,0.08951,0.01634,-0.07317,92.68278,-0.01813,-0.07132
2030,France,FR,IT support & operations,Technology,Junior,0.69594,0.1085,0.02347,-0.08502,91.4979,-0.01278,-0.04937
2026,Brazil,BR,IT support & operations,Technology,Junior,0.09137,0.0183,0.00173,-0.01657,98.3434,-0.00783,-0.03233
2027,Brazil,BR,IT support & operations,Technology,Junior,0.16352,0.03274,0.00333,-0.02942,97.05803,-0.01307,-0.05356
2028,Brazil,BR,IT support & operations,Technology,Junior,0.26903,0.05387,0.00613,-0.04774,95.22625,-0.01887,-0.07632
2029,Brazil,BR,IT support & operations,Technology,Junior,0.39586,0.07927,0.01057,-0.0687,93.12984,-0.02201,-0.08735
2030,Brazil,BR,IT support & operations,Technology,Junior,0.51686,0.1035,0.01649,-0.08702,91.29844,-0.01967,-0.07631
2026,Nigeria,NG,IT support & operations,Technology,Junior,0.0536,0.01324,0.001,-0.01224,98.77576,-0.00559,-0.02315
2027,Nigeria,NG,IT support & operations,Technology,Junior,0.09502,0.02348,0.00186,-0.02162,97.83784,-0.0095,-0.03908
2028,Nigeria,NG,IT support & operations,Technology,Junior,0.1593,0.03936,0.00336,-0.036,96.39968,-0.0147,-0.05992
2029,Nigeria,NG,IT support & operations,Technology,Junior,0.24627,0.06085,0.00581,-0.05504,94.49582,-0.01975,-0.07933
2030,Nigeria,NG,IT support & operations,Technology,Junior,0.34443,0.08511,0.00939,-0.07572,92.42755,-0.02189,-0.08618
2026,United States,US,IT support & operations,Technology,Mid,0.31272,0.02527,0.00887,-0.01639,98.36055,-0.00717,-0.04439
2027,United States,US,IT support & operations,Technology,Mid,0.50443,0.04076,0.0178,-0.02295,97.70454,-0.00667,-0.041
2028,United States,US,IT support & operations,Technology,Mid,0.68352,0.05523,0.03124,-0.02399,97.60122,-0.00106,-0.00646
2029,United States,US,IT support & operations,Technology,Mid,0.80581,0.06511,0.04612,-0.01899,98.101,0.00512,0.03124
2030,United States,US,IT support & operations,Technology,Mid,0.87252,0.0705,0.05791,-0.01259,98.7406,0.00652,0.03998
2026,Singapore,SG,IT support & operations,Technology,Mid,0.2925,0.02447,0.00723,-0.01724,98.27606,-0.00827,-0.05124
2027,Singapore,SG,IT support & operations,Technology,Mid,0.49636,0.04152,0.01545,-0.02607,97.39268,-0.00899,-0.05521
2028,Singapore,SG,IT support & operations,Technology,Mid,0.69263,0.05794,0.02873,-0.02921,97.0791,-0.00322,-0.0196
2029,Singapore,SG,IT support & operations,Technology,Mid,0.82532,0.06904,0.04418,-0.02487,97.5133,0.00447,0.02714
2030,Singapore,SG,IT support & operations,Technology,Mid,0.89503,0.07487,0.05653,-0.01835,98.16521,0.00669,0.04074
2026,United Kingdom,UK,IT support & operations,Technology,Mid,0.22387,0.01646,0.00545,-0.01102,98.89839,-0.00506,-0.03146
2027,United Kingdom,UK,IT support & operations,Technology,Mid,0.38281,0.02815,0.01093,-0.01723,98.27732,-0.00628,-0.03882
2028,United Kingdom,UK,IT support & operations,Technology,Mid,0.56215,0.04134,0.01993,-0.02141,97.85912,-0.00426,-0.02614
2029,United Kingdom,UK,IT support & operations,Technology,Mid,0.71203,0.05237,0.03166,-0.0207,97.9295,0.00072,0.0044
2030,United Kingdom,UK,IT support & operations,Technology,Mid,0.80894,0.05949,0.04304,-0.01646,98.35435,0.00434,0.02655
2026,Canada,CA,IT support & operations,Technology,Mid,0.20074,0.01578,0.00483,-0.01096,98.90447,-0.00507,-0.03151
2027,Canada,CA,IT support & operations,Technology,Mid,0.34658,0.02725,0.0096,-0.01765,98.23541,-0.00676,-0.04182
2028,Canada,CA,IT support & operations,Technology,Mid,0.51964,0.04086,0.01757,-0.02328,97.67157,-0.00574,-0.03524
2029,Canada,CA,IT support & operations,Technology,Mid,0.67388,0.05298,0.02836,-0.02463,97.5373,-0.00137,-0.00839
2030,Canada,CA,IT support & operations,Technology,Mid,0.78002,0.06133,0.03946,-0.02187,97.81296,0.00283,0.01723
2026,United Arab Emirates,AE,IT support & operations,Technology,Mid,0.17156,0.01287,0.00395,-0.00892,99.10828,-0.00446,-0.02778
2027,United Arab Emirates,AE,IT support & operations,Technology,Mid,0.31516,0.02364,0.00848,-0.01516,98.48437,-0.0063,-0.03899
2028,United Arab Emirates,AE,IT support & operations,Technology,Mid,0.49072,0.0368,0.01664,-0.02017,97.98348,-0.00509,-0.03131
2029,United Arab Emirates,AE,IT support & operations,Technology,Mid,0.64406,0.0483,0.02825,-0.02005,97.99516,0.00012,0.00073
2030,United Arab Emirates,AE,IT support & operations,Technology,Mid,0.74334,0.05575,0.04027,-0.01547,98.45255,0.00467,0.02859
2026,Australia,AU,IT support & operations,Technology,Mid,0.18674,0.01346,0.00431,-0.00915,99.08483,-0.00427,-0.02657
2027,Australia,AU,IT support & operations,Technology,Mid,0.32645,0.02353,0.00862,-0.01491,98.50928,-0.00581,-0.03597
2028,Australia,AU,IT support & operations,Technology,Mid,0.49683,0.03581,0.01594,-0.01987,98.01287,-0.00504,-0.03103
2029,Australia,AU,IT support & operations,Technology,Mid,0.65308,0.04707,0.02608,-0.02099,97.9014,-0.00114,-0.00697
2030,Australia,AU,IT support & operations,Technology,Mid,0.7631,0.055,0.03683,-0.01816,98.1836,0.00288,0.01764
2026,Germany,DE,IT support & operations,Technology,Mid,0.18062,0.01042,0.00403,-0.00639,99.36078,-0.00278,-0.01734
2027,Germany,DE,IT support & operations,Technology,Mid,0.30566,0.01763,0.00764,-0.01,99.00005,-0.00363,-0.02255
2028,Germany,DE,IT support & operations,Technology,Mid,0.46101,0.0266,0.01353,-0.01306,98.6936,-0.0031,-0.01915
2029,Germany,DE,IT support & operations,Technology,Mid,0.61255,0.03534,0.02169,-0.01365,98.63486,-0.0006,-0.00367
2030,Germany,DE,IT support & operations,Technology,Mid,0.72923,0.04207,0.03069,-0.01138,98.86197,0.0023,0.01419
2026,Japan,JP,IT support & operations,Technology,Mid,0.16856,0.00902,0.00329,-0.00573,99.42663,-0.00254,-0.0158
2027,Japan,JP,IT support & operations,Technology,Mid,0.28811,0.01542,0.00626,-0.00916,99.08432,-0.00344,-0.02139
2028,Japan,JP,IT support & operations,Technology,Mid,0.44,0.02355,0.01119,-0.01236,98.76438,-0.00323,-0.02
2029,Japan,JP,IT support & operations,Technology,Mid,0.59189,0.03168,0.01815,-0.01353,98.64667,-0.00119,-0.00736
2030,Japan,JP,IT support & operations,Technology,Mid,0.71144,0.03808,0.02601,-0.01207,98.7932,0.00149,0.00916
2026,India,IN,IT support & operations,Technology,Mid,0.12095,0.01043,0.0029,-0.00753,99.24686,-0.00373,-0.0232
2027,India,IN,IT support & operations,Technology,Mid,0.22322,0.01925,0.00603,-0.01322,98.67782,-0.00573,-0.03556
2028,India,IN,IT support & operations,Technology,Mid,0.36,0.03105,0.01171,-0.01934,98.06606,-0.0062,-0.03824
2029,India,IN,IT support & operations,Technology,Mid,0.49678,0.04284,0.0203,-0.02255,97.74547,-0.00327,-0.02004
2030,India,IN,IT support & operations,Technology,Mid,0.59905,0.05167,0.03028,-0.02138,97.86181,0.00119,0.00727
2026,France,FR,IT support & operations,Technology,Mid,0.16451,0.00979,0.00351,-0.00628,99.37154,-0.00274,-0.01704
2027,France,FR,IT support & operations,Technology,Mid,0.2785,0.01658,0.00657,-0.01001,98.99902,-0.00375,-0.02328
2028,France,FR,IT support & operations,Technology,Mid,0.42461,0.02527,0.01159,-0.01369,98.63135,-0.00371,-0.02298
2029,France,FR,IT support & operations,Technology,Mid,0.57419,0.03418,0.01868,-0.0155,98.44989,-0.00184,-0.01134
2030,France,FR,IT support & operations,Technology,Mid,0.69594,0.04143,0.02683,-0.0146,98.54021,0.00092,0.00565
2026,Brazil,BR,IT support & operations,Technology,Mid,0.09137,0.00699,0.00198,-0.00501,99.49913,-0.00232,-0.01447
2027,Brazil,BR,IT support & operations,Technology,Mid,0.16352,0.0125,0.0038,-0.0087,99.12976,-0.00371,-0.02309
2028,Brazil,BR,IT support & operations,Technology,Mid,0.26903,0.02057,0.00701,-0.01356,98.64416,-0.0049,-0.03035
2029,Brazil,BR,IT support & operations,Technology,Mid,0.39586,0.03027,0.01208,-0.01819,98.18116,-0.00469,-0.02894
2030,Brazil,BR,IT support & operations,Technology,Mid,0.51686,0.03952,0.01884,-0.02068,97.93224,-0.00254,-0.01556
2026,Nigeria,NG,IT support & operations,Technology,Mid,0.0536,0.00506,0.00114,-0.00391,99.60879,-0.00177,-0.01103
2027,Nigeria,NG,IT support & operations,Technology,Mid,0.09502,0.00897,0.00212,-0.00684,99.31593,-0.00294,-0.0183
2028,Nigeria,NG,IT support & operations,Technology,Mid,0.1593,0.01503,0.00384,-0.01119,98.88111,-0.00438,-0.02718
2029,Nigeria,NG,IT support & operations,Technology,Mid,0.24627,0.02324,0.00664,-0.01659,98.34071,-0.00547,-0.03377
2030,Nigeria,NG,IT support & operations,Technology,Mid,0.34443,0.0325,0.01073,-0.02177,97.82294,-0.00527,-0.03236
2026,United States,US,IT support & operations,Technology,Senior,0.31272,0.01158,0.00749,-0.00409,99.5906,-0.00141,-0.0128
2027,United States,US,IT support & operations,Technology,Senior,0.50443,0.01868,0.01502,-0.00366,99.63411,0.00044,0.00396
2028,United States,US,IT support & operations,Technology,Senior,0.68352,0.02531,0.02636,0.00105,100.10467,0.00472,0.04278
2029,United States,US,IT support & operations,Technology,Senior,0.80581,0.02984,0.03891,0.00907,100.90717,0.00802,0.07295
2030,United States,US,IT support & operations,Technology,Senior,0.87252,0.03231,0.04886,0.01655,101.6546,0.00741,0.06795
2026,Singapore,SG,IT support & operations,Technology,Senior,0.2925,0.01121,0.0061,-0.00511,99.48851,-0.00218,-0.0198
2027,Singapore,SG,IT support & operations,Technology,Senior,0.49636,0.01903,0.01304,-0.006,99.40046,-0.00089,-0.008
2028,Singapore,SG,IT support & operations,Technology,Senior,0.69263,0.02656,0.02424,-0.00231,99.76871,0.0037,0.03348
2029,Singapore,SG,IT support & operations,Technology,Senior,0.82532,0.03164,0.03727,0.00563,100.56287,0.00796,0.0722
2030,Singapore,SG,IT support & operations,Technology,Senior,0.89503,0.03432,0.04769,0.01338,101.33767,0.0077,0.07044
2026,United Kingdom,UK,IT support & operations,Technology,Senior,0.22387,0.00755,0.0046,-0.00295,99.70507,-0.0012,-0.01091
2027,United Kingdom,UK,IT support & operations,Technology,Senior,0.38281,0.0129,0.00922,-0.00368,99.63157,-0.00074,-0.00668
2028,United Kingdom,UK,IT support & operations,Technology,Senior,0.56215,0.01895,0.01682,-0.00213,99.78704,0.00156,0.01413
2029,United Kingdom,UK,IT support & operations,Technology,Senior,0.71203,0.024,0.02671,0.00271,100.27126,0.00485,0.04402
2030,United Kingdom,UK,IT support & operations,Technology,Senior,0.80894,0.02727,0.03631,0.00904,100.90442,0.00631,0.05756
2026,Canada,CA,IT support & operations,Technology,Senior,0.20074,0.00723,0.00407,-0.00316,99.68396,-0.00135,-0.01221
2027,Canada,CA,IT support & operations,Technology,Senior,0.34658,0.01249,0.0081,-0.00439,99.56137,-0.00123,-0.01114
2028,Canada,CA,IT support & operations,Technology,Senior,0.51964,0.01873,0.01483,-0.0039,99.61004,0.00049,0.00442
2029,Canada,CA,IT support & operations,Technology,Senior,0.67388,0.02428,0.02393,-0.00036,99.96416,0.00356,0.03219
2030,Canada,CA,IT support & operations,Technology,Senior,0.78002,0.02811,0.03329,0.00518,100.51838,0.00554,0.05038
2026,United Arab Emirates,AE,IT support & operations,Technology,Senior,0.17156,0.0059,0.00333,-0.00256,99.7435,-0.00119,-0.01083
2027,United Arab Emirates,AE,IT support & operations,Technology,Senior,0.31516,0.01083,0.00715,-0.00368,99.63215,-0.00112,-0.01012
2028,United Arab Emirates,AE,IT support & operations,Technology,Senior,0.49072,0.01687,0.01404,-0.00283,99.71696,0.00085,0.00771
2029,United Arab Emirates,AE,IT support & operations,Technology,Senior,0.64406,0.02214,0.02384,0.0017,100.17004,0.00454,0.04119
2030,United Arab Emirates,AE,IT support & operations,Technology,Senior,0.74334,0.02555,0.03398,0.00843,100.84293,0.00672,0.06117
2026,Australia,AU,IT support & operations,Technology,Senior,0.18674,0.00617,0.00363,-0.00253,99.74655,-0.00108,-0.00983
2027,Australia,AU,IT support & operations,Technology,Senior,0.32645,0.01078,0.00727,-0.00351,99.64901,-0.00098,-0.00887
2028,Australia,AU,IT support & operations,Technology,Senior,0.49683,0.01641,0.01345,-0.00297,99.70345,0.00055,0.00495
2029,Australia,AU,IT support & operations,Technology,Senior,0.65308,0.02157,0.02201,0.00043,100.04345,0.00341,0.03091
2030,Australia,AU,IT support & operations,Technology,Senior,0.7631,0.02521,0.03108,0.00587,100.58716,0.00543,0.04943
2026,Germany,DE,IT support & operations,Technology,Senior,0.18062,0.00478,0.0034,-0.00138,99.86228,-0.00051,-0.00461
2027,Germany,DE,IT support & operations,Technology,Senior,0.30566,0.00808,0.00644,-0.00164,99.83596,-0.00026,-0.00239
2028,Germany,DE,IT support & operations,Technology,Senior,0.46101,0.01219,0.01142,-0.00077,99.92283,0.00087,0.0079
2029,Germany,DE,IT support & operations,Technology,Senior,0.61255,0.0162,0.0183,0.0021,100.21023,0.00288,0.02613
2030,Germany,DE,IT support & operations,Technology,Senior,0.72923,0.01928,0.0259,0.00661,100.66129,0.0045,0.04101
2026,Japan,JP,IT support & operations,Technology,Senior,0.16856,0.00414,0.00277,-0.00136,99.86395,-0.00053,-0.00484
2027,Japan,JP,IT support & operations,Technology,Senior,0.28811,0.00707,0.00529,-0.00178,99.82174,-0.00042,-0.00384
2028,Japan,JP,IT support & operations,Technology,Senior,0.44,0.01079,0.00945,-0.00135,99.86513,0.00043,0.00394
2029,Japan,JP,IT support & operations,Technology,Senior,0.59189,0.01452,0.01531,0.00079,100.07917,0.00214,0.01946
2030,Japan,JP,IT support & operations,Technology,Senior,0.71144,0.01745,0.02195,0.00449,100.44942,0.0037,0.03366
2026,India,IN,IT support & operations,Technology,Senior,0.12095,0.00478,0.00245,-0.00233,99.76657,-0.0011,-0.01002
2027,India,IN,IT support & operations,Technology,Senior,0.22322,0.00882,0.00509,-0.00374,99.62639,-0.00141,-0.01274
2028,India,IN,IT support & operations,Technology,Senior,0.36,0.01423,0.00988,-0.00435,99.56488,-0.00062,-0.00559
2029,India,IN,IT support & operations,Technology,Senior,0.49678,0.01964,0.01713,-0.00251,99.74905,0.00185,0.01674
2030,India,IN,IT support & operations,Technology,Senior,0.59905,0.02368,0.02555,0.00187,100.18716,0.00439,0.03983
2026,France,FR,IT support & operations,Technology,Senior,0.16451,0.00449,0.00296,-0.00153,99.84715,-0.0006,-0.00541
2027,France,FR,IT support & operations,Technology,Senior,0.2785,0.0076,0.00554,-0.00206,99.79435,-0.00053,-0.0048
2028,France,FR,IT support & operations,Technology,Senior,0.42461,0.01158,0.00978,-0.00181,99.81932,0.00025,0.00227
2029,France,FR,IT support & operations,Technology,Senior,0.57419,0.01567,0.01576,0.00009,100.00939,0.0019,0.01728
2030,France,FR,IT support & operations,Technology,Senior,0.69594,0.01899,0.02264,0.00365,100.36491,0.00355,0.03232
2026,Brazil,BR,IT support & operations,Technology,Senior,0.09137,0.0032,0.00167,-0.00153,99.84663,-0.00069,-0.00624
2027,Brazil,BR,IT support & operations,Technology,Senior,0.16352,0.00573,0.00321,-0.00252,99.74761,-0.00099,-0.009
2028,Brazil,BR,IT support & operations,Technology,Senior,0.26903,0.00943,0.00592,-0.00351,99.64878,-0.00099,-0.00898
2029,Brazil,BR,IT support & operations,Technology,Senior,0.39586,0.01387,0.01019,-0.00368,99.63189,-0.00017,-0.00154
2030,Brazil,BR,IT support & operations,Technology,Senior,0.51686,0.01811,0.0159,-0.00222,99.77845,0.00147,0.01332
2026,Nigeria,NG,IT support & operations,Technology,Senior,0.0536,0.00232,0.00097,-0.00135,99.86482,-0.0006,-0.00547
2027,Nigeria,NG,IT support & operations,Technology,Senior,0.09502,0.00411,0.00179,-0.00232,99.76835,-0.00097,-0.00877
2028,Nigeria,NG,IT support & operations,Technology,Senior,0.1593,0.00689,0.00324,-0.00365,99.63521,-0.00133,-0.0121
2029,Nigeria,NG,IT support & operations,Technology,Senior,0.24627,0.01065,0.0056,-0.00505,99.4955,-0.0014,-0.0127
2030,Nigeria,NG,IT support & operations,Technology,Senior,0.34443,0.01489,0.00905,-0.00584,99.41557,-0.0008,-0.00727
2026,United States,US,IT support & operations,Technology,Lead / Executive,0.31272,0.00572,0.00575,0.00003,100.00324,0.00041,0.0059
2027,United States,US,IT support & operations,Technology,Lead / Executive,0.50443,0.00922,0.01153,0.00231,100.23129,0.00228,0.03258
2028,United States,US,IT support & operations,Technology,Lead / Executive,0.68352,0.01249,0.02024,0.00774,100.77438,0.00542,0.07758
2029,United States,US,IT support & operations,Technology,Lead / Executive,0.80581,0.01473,0.02987,0.01515,101.5146,0.00735,0.10575
2030,United States,US,IT support & operations,Technology,Lead / Executive,0.87252,0.01595,0.03751,0.02156,102.15613,0.00632,0.09165
2026,Singapore,SG,IT support & operations,Technology,Lead / Executive,0.2925,0.00553,0.00468,-0.00085,99.91482,-0.00013,-0.00181
2027,Singapore,SG,IT support & operations,Technology,Lead / Executive,0.49636,0.00939,0.01001,0.00062,100.06153,0.00147,0.02096
2028,Singapore,SG,IT support & operations,Technology,Lead / Executive,0.69263,0.01311,0.01861,0.00551,100.55056,0.00489,0.06986
2029,Singapore,SG,IT support & operations,Technology,Lead / Executive,0.82532,0.01562,0.02861,0.013,101.2997,0.00745,0.10702
2030,Singapore,SG,IT support & operations,Technology,Lead / Executive,0.89503,0.01694,0.03661,0.01968,101.96778,0.0066,0.09544
2026,United Kingdom,UK,IT support & operations,Technology,Lead / Executive,0.22387,0.00372,0.00353,-0.0002,99.98048,0.00007,0.00104
2027,United Kingdom,UK,IT support & operations,Technology,Lead / Executive,0.38281,0.00637,0.00708,0.00071,100.07095,0.0009,0.01292
2028,United Kingdom,UK,IT support & operations,Technology,Lead / Executive,0.56215,0.00935,0.01291,0.00356,100.35604,0.00285,0.04073
2029,United Kingdom,UK,IT support & operations,Technology,Lead / Executive,0.71203,0.01184,0.02051,0.00866,100.86627,0.00508,0.07289
2030,United Kingdom,UK,IT support & operations,Technology,Lead / Executive,0.80894,0.01346,0.02788,0.01442,101.44189,0.00571,0.08223
2026,Canada,CA,IT support & operations,Technology,Lead / Executive,0.20074,0.00357,0.00313,-0.00044,99.95572,-0.00008,-0.00116
2027,Canada,CA,IT support & operations,Technology,Lead / Executive,0.34658,0.00616,0.00622,0.00006,100.00569,0.0005,0.00714
2028,Canada,CA,IT support & operations,Technology,Lead / Executive,0.51964,0.00924,0.01138,0.00214,100.21404,0.00208,0.02976
2029,Canada,CA,IT support & operations,Technology,Lead / Executive,0.67388,0.01198,0.01837,0.00638,100.63828,0.00423,0.06061
2030,Canada,CA,IT support & operations,Technology,Lead / Executive,0.78002,0.01387,0.02556,0.01169,101.16861,0.00527,0.07576
2026,United Arab Emirates,AE,IT support & operations,Technology,Lead / Executive,0.17156,0.00291,0.00256,-0.00035,99.96477,-0.00008,-0.00115
2027,United Arab Emirates,AE,IT support & operations,Technology,Lead / Executive,0.31516,0.00535,0.00549,0.00015,100.01462,0.0005,0.00712
2028,United Arab Emirates,AE,IT support & operations,Technology,Lead / Executive,0.49072,0.00832,0.01078,0.00245,100.24517,0.00231,0.03294
2029,United Arab Emirates,AE,IT support & operations,Technology,Lead / Executive,0.64406,0.01093,0.0183,0.00738,100.7375,0.00491,0.07033
2030,United Arab Emirates,AE,IT support & operations,Technology,Lead / Executive,0.74334,0.01261,0.02609,0.01348,101.34763,0.00606,0.08716
2026,Australia,AU,IT support & operations,Technology,Lead / Executive,0.18674,0.00304,0.00279,-0.00025,99.97456,-0.00001,-0.0002
2027,Australia,AU,IT support & operations,Technology,Lead / Executive,0.32645,0.00532,0.00558,0.00026,100.02621,0.00052,0.00738
2028,Australia,AU,IT support & operations,Technology,Lead / Executive,0.49683,0.0081,0.01032,0.00222,100.22231,0.00196,0.02802
2029,Australia,AU,IT support & operations,Technology,Lead / Executive,0.65308,0.01065,0.0169,0.00625,100.62484,0.00402,0.0575
2030,Australia,AU,IT support & operations,Technology,Lead / Executive,0.7631,0.01244,0.02386,0.01142,101.14187,0.00514,0.07386
2026,Germany,DE,IT support & operations,Technology,Lead / Executive,0.18062,0.00236,0.00261,0.00025,100.02522,0.00021,0.00298
2027,Germany,DE,IT support & operations,Technology,Lead / Executive,0.30566,0.00399,0.00495,0.00096,100.09567,0.0007,0.01006
2028,Germany,DE,IT support & operations,Technology,Lead / Executive,0.46101,0.00602,0.00877,0.00275,100.27498,0.00179,0.02562
2029,Germany,DE,IT support & operations,Technology,Lead / Executive,0.61255,0.00799,0.01405,0.00605,100.60548,0.0033,0.04721
2030,Germany,DE,IT support & operations,Technology,Lead / Executive,0.72923,0.00952,0.01988,0.01036,101.03633,0.00428,0.06155
2026,Japan,JP,IT support & operations,Technology,Lead / Executive,0.16856,0.00204,0.00213,0.00009,100.00893,0.00011,0.00161
2027,Japan,JP,IT support & operations,Technology,Lead / Executive,0.28811,0.00349,0.00406,0.00057,100.05694,0.00048,0.00686
2028,Japan,JP,IT support & operations,Technology,Lead / Executive,0.44,0.00533,0.00725,0.00192,100.19241,0.00135,0.01935
2029,Japan,JP,IT support & operations,Technology,Lead / Executive,0.59189,0.00717,0.01175,0.00459,100.45888,0.00266,0.03807
2030,Japan,JP,IT support & operations,Technology,Lead / Executive,0.71144,0.00861,0.01685,0.00824,100.82352,0.00363,0.05209
2026,India,IN,IT support & operations,Technology,Lead / Executive,0.12095,0.00236,0.00188,-0.00048,99.95188,-0.00018,-0.00263
2027,India,IN,IT support & operations,Technology,Lead / Executive,0.22322,0.00435,0.00391,-0.00045,99.95511,0.00003,0.00046
2028,India,IN,IT support & operations,Technology,Lead / Executive,0.36,0.00702,0.00758,0.00056,100.05612,0.00101,0.01443
2029,India,IN,IT support & operations,Technology,Lead / Executive,0.49678,0.00969,0.01315,0.00346,100.34574,0.00289,0.04137
2030,India,IN,IT support & operations,Technology,Lead / Executive,0.59905,0.01169,0.01962,0.00793,100.79291,0.00446,0.06388
2026,France,FR,IT support & operations,Technology,Lead / Executive,0.16451,0.00221,0.00227,0.00006,100.00571,0.0001,0.00142
2027,France,FR,IT support & operations,Technology,Lead / Executive,0.2785,0.00375,0.00425,0.0005,100.05044,0.00045,0.00639
2028,France,FR,IT support & operations,Technology,Lead / Executive,0.42461,0.00572,0.00751,0.00179,100.1789,0.00128,0.01835
2029,France,FR,IT support & operations,Technology,Lead / Executive,0.57419,0.00773,0.0121,0.00437,100.4367,0.00257,0.03683
2030,France,FR,IT support & operations,Technology,Lead / Executive,0.69594,0.00937,0.01738,0.00801,100.80069,0.00362,0.052
2026,Brazil,BR,IT support & operations,Technology,Lead / Executive,0.09137,0.00158,0.00128,-0.0003,99.97005,-0.00011,-0.00163
2027,Brazil,BR,IT support & operations,Technology,Lead / Executive,0.16352,0.00283,0.00246,-0.00037,99.96335,-0.00007,-0.00096
2028,Brazil,BR,IT support & operations,Technology,Lead / Executive,0.26903,0.00465,0.00454,-0.00011,99.98886,0.00026,0.00364
2029,Brazil,BR,IT support & operations,Technology,Lead / Executive,0.39586,0.00685,0.00782,0.00098,100.09775,0.00109,0.01556
2030,Brazil,BR,IT support & operations,Technology,Lead / Executive,0.51686,0.00894,0.0122,0.00327,100.32652,0.00229,0.03268
2026,Nigeria,NG,IT support & operations,Technology,Lead / Executive,0.0536,0.00114,0.00074,-0.0004,99.95977,-0.00017,-0.00247
2027,Nigeria,NG,IT support & operations,Technology,Lead / Executive,0.09502,0.00203,0.00138,-0.00065,99.93483,-0.00025,-0.00356
2028,Nigeria,NG,IT support & operations,Technology,Lead / Executive,0.1593,0.0034,0.00249,-0.00091,99.90883,-0.00026,-0.00371
2029,Nigeria,NG,IT support & operations,Technology,Lead / Executive,0.24627,0.00526,0.0043,-0.00095,99.90468,-0.00004,-0.00059
2030,Nigeria,NG,IT support & operations,Technology,Lead / Executive,0.34443,0.00735,0.00695,-0.0004,99.9597,0.00055,0.00786
2026,United States,US,Financial analysis,Finance,Entry,0.31272,0.09907,0.00455,-0.09452,90.54836,-0.04651,-0.1262
2027,United States,US,Financial analysis,Finance,Entry,0.50443,0.1598,0.00913,-0.15067,84.93329,-0.06201,-0.16043
2028,United States,US,Financial analysis,Finance,Entry,0.68352,0.21654,0.01603,-0.20051,79.94901,-0.05868,-0.14241
2029,United States,US,Financial analysis,Finance,Entry,0.80581,0.25527,0.02366,-0.23162,76.8384,-0.03891,-0.08887
2030,United States,US,Financial analysis,Finance,Entry,0.87252,0.27641,0.0297,-0.24671,75.32947,-0.01964,-0.04311
2026,Singapore,SG,Financial analysis,Finance,Entry,0.2925,0.09593,0.00371,-0.09223,90.77743,-0.04834,-0.13174
2027,Singapore,SG,Financial analysis,Finance,Entry,0.49636,0.1628,0.00793,-0.15487,84.51267,-0.06901,-0.17899
2028,Singapore,SG,Financial analysis,Finance,Entry,0.69263,0.22717,0.01474,-0.21243,78.7566,-0.06811,-0.16446
2029,Singapore,SG,Financial analysis,Finance,Entry,0.82532,0.27069,0.02266,-0.24803,75.19685,-0.0452,-0.10171
2030,Singapore,SG,Financial analysis,Finance,Entry,0.89503,0.29355,0.029,-0.26456,73.54404,-0.02198,-0.04722
2026,United Kingdom,UK,Financial analysis,Finance,Entry,0.22387,0.06455,0.00279,-0.06176,93.82443,-0.03051,-0.08436
2027,United Kingdom,UK,Financial analysis,Finance,Entry,0.38281,0.11038,0.0056,-0.10478,89.52248,-0.04585,-0.12291
2028,United Kingdom,UK,Financial analysis,Finance,Entry,0.56215,0.16209,0.01022,-0.15186,84.81357,-0.0526,-0.13454
2029,United Kingdom,UK,Financial analysis,Finance,Entry,0.71203,0.20531,0.01624,-0.18906,81.0935,-0.04386,-0.10629
2030,United Kingdom,UK,Financial analysis,Finance,Entry,0.80894,0.23325,0.02208,-0.21117,78.88273,-0.02726,-0.06316
2026,Canada,CA,Financial analysis,Finance,Entry,0.20074,0.06188,0.00248,-0.0594,94.05966,-0.02924,-0.08094
2027,Canada,CA,Financial analysis,Finance,Entry,0.34658,0.10684,0.00493,-0.10191,89.80906,-0.04519,-0.12145
2028,Canada,CA,Financial analysis,Finance,Entry,0.51964,0.16018,0.00901,-0.15117,84.88324,-0.05485,-0.14074
2029,Canada,CA,Financial analysis,Finance,Entry,0.67388,0.20773,0.01455,-0.19318,80.6817,-0.0495,-0.12004
2030,Canada,CA,Financial analysis,Finance,Entry,0.78002,0.24045,0.02024,-0.22021,77.97938,-0.03349,-0.07721
2026,United Arab Emirates,AE,Financial analysis,Finance,Entry,0.17156,0.05044,0.00203,-0.04842,95.15816,-0.0255,-0.07115
2027,United Arab Emirates,AE,Financial analysis,Finance,Entry,0.31516,0.09267,0.00435,-0.08832,91.16826,-0.04193,-0.114
2028,United Arab Emirates,AE,Financial analysis,Finance,Entry,0.49072,0.14429,0.00853,-0.13575,86.42478,-0.05203,-0.13553
2029,United Arab Emirates,AE,Financial analysis,Finance,Entry,0.64406,0.18937,0.01449,-0.17488,82.51195,-0.04527,-0.1118
2030,United Arab Emirates,AE,Financial analysis,Finance,Entry,0.74334,0.21856,0.02066,-0.19791,80.20933,-0.02791,-0.06579
2026,Australia,AU,Financial analysis,Finance,Entry,0.18674,0.05277,0.00221,-0.05056,94.94417,-0.02498,-0.0695
2027,Australia,AU,Financial analysis,Finance,Entry,0.32645,0.09224,0.00442,-0.08782,91.21778,-0.03925,-0.10647
2028,Australia,AU,Financial analysis,Finance,Entry,0.49683,0.14039,0.00817,-0.13221,86.77851,-0.04867,-0.12684
2029,Australia,AU,Financial analysis,Finance,Entry,0.65308,0.18454,0.01338,-0.17116,82.88368,-0.04488,-0.11128
2030,Australia,AU,Financial analysis,Finance,Entry,0.7631,0.21563,0.01889,-0.19674,80.3264,-0.03085,-0.07307
2026,Germany,DE,Financial analysis,Finance,Entry,0.18062,0.04085,0.00207,-0.03879,96.12114,-0.01802,-0.0504
2027,Germany,DE,Financial analysis,Finance,Entry,0.30566,0.06914,0.00392,-0.06522,93.47777,-0.0275,-0.07552
2028,Germany,DE,Financial analysis,Finance,Entry,0.46101,0.10428,0.00694,-0.09734,90.26637,-0.03435,-0.09175
2029,Germany,DE,Financial analysis,Finance,Entry,0.61255,0.13856,0.01113,-0.12743,87.25699,-0.03334,-0.08598
2030,Germany,DE,Financial analysis,Finance,Entry,0.72923,0.16495,0.01574,-0.1492,85.07963,-0.02495,-0.06221
2026,Japan,JP,Financial analysis,Finance,Entry,0.16856,0.03537,0.00169,-0.03369,96.63143,-0.01573,-0.04413
2027,Japan,JP,Financial analysis,Finance,Entry,0.28811,0.06046,0.00321,-0.05725,94.27538,-0.02438,-0.06732
2028,Japan,JP,Financial analysis,Finance,Entry,0.44,0.09233,0.00574,-0.08659,91.34078,-0.03113,-0.08385
2029,Japan,JP,Financial analysis,Finance,Entry,0.59189,0.12421,0.00931,-0.1149,88.50991,-0.03099,-0.08088
2030,Japan,JP,Financial analysis,Finance,Entry,0.71144,0.1493,0.01334,-0.13595,86.40461,-0.02379,-0.06015
2026,India,IN,Financial analysis,Finance,Entry,0.12095,0.0409,0.00149,-0.03941,96.05912,-0.02025,-0.05671
2027,India,IN,Financial analysis,Finance,Entry,0.22322,0.07548,0.00309,-0.07238,92.76153,-0.03433,-0.09422
2028,India,IN,Financial analysis,Finance,Entry,0.36,0.12173,0.00601,-0.11572,88.4278,-0.04672,-0.12382
2029,India,IN,Financial analysis,Finance,Entry,0.49678,0.16798,0.01041,-0.15757,84.24342,-0.04732,-0.11955
2030,India,IN,Financial analysis,Finance,Entry,0.59905,0.20256,0.01553,-0.18703,81.29739,-0.03497,-0.08417
2026,France,FR,Financial analysis,Finance,Entry,0.16451,0.03839,0.0018,-0.03659,96.34071,-0.01681,-0.04707
2027,France,FR,Financial analysis,Finance,Entry,0.2785,0.06499,0.00337,-0.06163,93.8374,-0.02598,-0.07152
2028,France,FR,Financial analysis,Finance,Entry,0.42461,0.09909,0.00594,-0.09315,90.68522,-0.03359,-0.09006
2029,France,FR,Financial analysis,Finance,Entry,0.57419,0.134,0.00958,-0.12442,87.55796,-0.03448,-0.08935
2030,France,FR,Financial analysis,Finance,Entry,0.69594,0.16241,0.01376,-0.14865,85.13472,-0.02768,-0.06924
2026,Brazil,BR,Financial analysis,Finance,Entry,0.09137,0.02739,0.00101,-0.02637,97.36257,-0.01256,-0.03539
2027,Brazil,BR,Financial analysis,Finance,Entry,0.16352,0.04902,0.00195,-0.04707,95.29312,-0.02126,-0.05913
2028,Brazil,BR,Financial analysis,Finance,Entry,0.26903,0.08064,0.0036,-0.07705,92.29514,-0.03146,-0.08566
2029,Brazil,BR,Financial analysis,Finance,Entry,0.39586,0.11867,0.0062,-0.11247,88.75305,-0.03838,-0.1012
2030,Brazil,BR,Financial analysis,Finance,Entry,0.51686,0.15494,0.00966,-0.14527,85.47257,-0.03696,-0.09373
2026,Nigeria,NG,Financial analysis,Finance,Entry,0.0536,0.01983,0.00059,-0.01924,98.07613,-0.00884,-0.02499
2027,Nigeria,NG,Financial analysis,Finance,Entry,0.09502,0.03515,0.00109,-0.03406,96.594,-0.01511,-0.04235
2028,Nigeria,NG,Financial analysis,Finance,Entry,0.1593,0.05893,0.00197,-0.05696,94.30435,-0.0237,-0.06542
2029,Nigeria,NG,Financial analysis,Finance,Entry,0.24627,0.0911,0.00341,-0.08769,91.2311,-0.03259,-0.08781
2030,Nigeria,NG,Financial analysis,Finance,Entry,0.34443,0.12741,0.0055,-0.1219,87.80953,-0.0375,-0.09776
2026,United States,US,Financial analysis,Finance,Junior,0.31272,0.05239,0.00685,-0.04555,95.44537,-0.02149,-0.08735
2027,United States,US,Financial analysis,Finance,Junior,0.50443,0.08451,0.01373,-0.07077,92.92251,-0.02643,-0.10512
2028,United States,US,Financial analysis,Finance,Junior,0.68352,0.11451,0.0241,-0.09041,90.95869,-0.02113,-0.08183
2029,United States,US,Financial analysis,Finance,Junior,0.80581,0.135,0.03558,-0.09942,90.0578,-0.0099,-0.03754
2030,United States,US,Financial analysis,Finance,Junior,0.87252,0.14618,0.04467,-0.10151,89.84933,-0.00231,-0.00869
2026,Singapore,SG,Financial analysis,Finance,Junior,0.2925,0.05073,0.00558,-0.04516,95.48428,-0.02286,-0.09306
2027,Singapore,SG,Financial analysis,Finance,Junior,0.49636,0.0861,0.01192,-0.07418,92.58234,-0.03039,-0.12091
2028,Singapore,SG,Financial analysis,Finance,Junior,0.69263,0.12014,0.02217,-0.09797,90.20265,-0.0257,-0.09915
2029,Singapore,SG,Financial analysis,Finance,Junior,0.82532,0.14315,0.03408,-0.10908,89.09242,-0.01231,-0.04626
2030,Singapore,SG,Financial analysis,Finance,Junior,0.89503,0.15525,0.04361,-0.11164,88.83606,-0.00288,-0.01068
2026,United Kingdom,UK,Financial analysis,Finance,Junior,0.22387,0.03414,0.0042,-0.02993,97.00656,-0.01441,-0.05908
2027,United Kingdom,UK,Financial analysis,Finance,Junior,0.38281,0.05837,0.00843,-0.04994,95.00551,-0.02063,-0.08338
2028,United Kingdom,UK,Financial analysis,Finance,Junior,0.56215,0.08572,0.01538,-0.07034,92.96571,-0.02147,-0.08499
2029,United Kingdom,UK,Financial analysis,Finance,Junior,0.71203,0.10857,0.02442,-0.08415,91.58488,-0.01485,-0.05753
2030,United Kingdom,UK,Financial analysis,Finance,Junior,0.80894,0.12335,0.0332,-0.09015,90.98468,-0.00655,-0.02501
2026,Canada,CA,Financial analysis,Finance,Junior,0.20074,0.03272,0.00372,-0.029,97.09994,-0.01394,-0.05719
2027,Canada,CA,Financial analysis,Finance,Junior,0.34658,0.0565,0.00741,-0.04909,95.09089,-0.02069,-0.08371
2028,Canada,CA,Financial analysis,Finance,Junior,0.51964,0.08471,0.01356,-0.07116,92.88441,-0.0232,-0.09194
2029,Canada,CA,Financial analysis,Finance,Junior,0.67388,0.10986,0.02187,-0.08798,91.20185,-0.01811,-0.07011
2030,Canada,CA,Financial analysis,Finance,Junior,0.78002,0.12716,0.03044,-0.09672,90.32799,-0.00958,-0.03641
2026,United Arab Emirates,AE,Financial analysis,Finance,Junior,0.17156,0.02668,0.00305,-0.02363,97.63693,-0.01221,-0.0503
2027,United Arab Emirates,AE,Financial analysis,Finance,Junior,0.31516,0.04901,0.00654,-0.04247,95.75347,-0.01929,-0.07848
2028,United Arab Emirates,AE,Financial analysis,Finance,Junior,0.49072,0.07631,0.01283,-0.06347,93.65288,-0.02194,-0.08752
2029,United Arab Emirates,AE,Financial analysis,Finance,Junior,0.64406,0.10015,0.0218,-0.07835,92.16461,-0.01589,-0.06201
2030,United Arab Emirates,AE,Financial analysis,Finance,Junior,0.74334,0.11559,0.03107,-0.08452,91.54804,-0.00669,-0.02569
2026,Australia,AU,Financial analysis,Finance,Junior,0.18674,0.02791,0.00332,-0.02458,97.54167,-0.01189,-0.04892
2027,Australia,AU,Financial analysis,Finance,Junior,0.32645,0.04878,0.00665,-0.04213,95.78672,-0.01799,-0.07312
2028,Australia,AU,Financial analysis,Finance,Junior,0.49683,0.07424,0.01229,-0.06195,93.80494,-0.02069,-0.08257
2029,Australia,AU,Financial analysis,Finance,Junior,0.65308,0.09759,0.02012,-0.07747,92.25269,-0.01655,-0.06468
2030,Australia,AU,Financial analysis,Finance,Junior,0.7631,0.11404,0.02842,-0.08562,91.438,-0.00883,-0.03395
2026,Germany,DE,Financial analysis,Finance,Junior,0.18062,0.02161,0.00311,-0.0185,98.15015,-0.00842,-0.03473
2027,Germany,DE,Financial analysis,Finance,Junior,0.30566,0.03656,0.00589,-0.03067,96.93262,-0.0124,-0.05073
2028,Germany,DE,Financial analysis,Finance,Junior,0.46101,0.05515,0.01044,-0.04471,95.52928,-0.01448,-0.05847
2029,Germany,DE,Financial analysis,Finance,Junior,0.61255,0.07327,0.01673,-0.05654,94.34567,-0.01239,-0.04932
2030,Germany,DE,Financial analysis,Finance,Junior,0.72923,0.08723,0.02368,-0.06356,93.64445,-0.00743,-0.02922
2026,Japan,JP,Financial analysis,Finance,Junior,0.16856,0.01871,0.00254,-0.01617,98.38302,-0.00742,-0.03065
2027,Japan,JP,Financial analysis,Finance,Junior,0.28811,0.03197,0.00483,-0.02714,97.28586,-0.01115,-0.04572
2028,Japan,JP,Financial analysis,Finance,Junior,0.44,0.04883,0.00864,-0.04019,95.98051,-0.01342,-0.05439
2029,Japan,JP,Financial analysis,Finance,Junior,0.59189,0.06569,0.014,-0.05169,94.83118,-0.01197,-0.04789
2030,Japan,JP,Financial analysis,Finance,Junior,0.71144,0.07895,0.02007,-0.05889,94.11111,-0.00759,-0.03
2026,India,IN,Financial analysis,Finance,Junior,0.12095,0.02163,0.00224,-0.01939,98.06091,-0.00982,-0.0405
2027,India,IN,Financial analysis,Finance,Junior,0.22322,0.03992,0.00465,-0.03526,96.47354,-0.01619,-0.06614
2028,India,IN,Financial analysis,Finance,Junior,0.36,0.06438,0.00903,-0.05534,94.4657,-0.02081,-0.08366
2029,India,IN,Financial analysis,Finance,Junior,0.49678,0.08883,0.01566,-0.07318,92.68248,-0.01888,-0.0743
2030,India,IN,Financial analysis,Finance,Junior,0.59905,0.10712,0.02336,-0.08376,91.62383,-0.01142,-0.04411
2026,France,FR,Financial analysis,Finance,Junior,0.16451,0.0203,0.00271,-0.0176,98.24024,-0.00794,-0.03277
2027,France,FR,Financial analysis,Finance,Junior,0.2785,0.03437,0.00507,-0.02931,97.06943,-0.01192,-0.04878
2028,France,FR,Financial analysis,Finance,Junior,0.42461,0.0524,0.00894,-0.04347,95.65349,-0.01459,-0.059
2029,France,FR,Financial analysis,Finance,Junior,0.57419,0.07087,0.01441,-0.05646,94.35423,-0.01358,-0.05414
2030,France,FR,Financial analysis,Finance,Junior,0.69594,0.08589,0.0207,-0.0652,93.48035,-0.00926,-0.03641
2026,Brazil,BR,Financial analysis,Finance,Junior,0.09137,0.01448,0.00153,-0.01296,98.70409,-0.00611,-0.02527
2027,Brazil,BR,Financial analysis,Finance,Junior,0.16352,0.02592,0.00293,-0.02299,97.70085,-0.01016,-0.0418
2028,Brazil,BR,Financial analysis,Finance,Junior,0.26903,0.04265,0.00541,-0.03724,96.27597,-0.01458,-0.05937
2029,Brazil,BR,Financial analysis,Finance,Junior,0.39586,0.06276,0.00932,-0.05344,94.6562,-0.01682,-0.06749
2030,Brazil,BR,Financial analysis,Finance,Junior,0.51686,0.08194,0.01453,-0.0674,93.25958,-0.01475,-0.05819
2026,Nigeria,NG,Financial analysis,Finance,Junior,0.0536,0.01048,0.00088,-0.0096,99.03982,-0.00438,-0.01815
2027,Nigeria,NG,Financial analysis,Finance,Junior,0.09502,0.01859,0.00164,-0.01695,98.30502,-0.00742,-0.03062
2028,Nigeria,NG,Financial analysis,Finance,Junior,0.1593,0.03116,0.00296,-0.0282,97.17998,-0.01144,-0.04688
2029,Nigeria,NG,Financial analysis,Finance,Junior,0.24627,0.04818,0.00512,-0.04305,95.69481,-0.01528,-0.06188
2030,Nigeria,NG,Financial analysis,Finance,Junior,0.34443,0.06738,0.00827,-0.0591,94.08957,-0.01677,-0.06689
2026,United States,US,Financial analysis,Finance,Mid,0.31272,0.02,0.00782,-0.01218,98.78193,-0.00523,-0.03245
2027,United States,US,Financial analysis,Finance,Mid,0.50443,0.03227,0.0157,-0.01657,98.34293,-0.00444,-0.02744
2028,United States,US,Financial analysis,Finance,Mid,0.68352,0.04372,0.02754,-0.01618,98.38202,0.0004,0.00244
2029,United States,US,Financial analysis,Finance,Mid,0.80581,0.05155,0.04066,-0.01088,98.91153,0.00538,0.03309
2030,United States,US,Financial analysis,Finance,Mid,0.87252,0.05581,0.05105,-0.00476,99.52392,0.00619,0.03827
2026,Singapore,SG,Financial analysis,Finance,Mid,0.2925,0.01937,0.00637,-0.013,98.70026,-0.00616,-0.03826
2027,Singapore,SG,Financial analysis,Finance,Mid,0.49636,0.03287,0.01362,-0.01925,98.07486,-0.00634,-0.03909
2028,Singapore,SG,Financial analysis,Finance,Mid,0.69263,0.04587,0.02533,-0.02054,97.94612,-0.00131,-0.00805
2029,Singapore,SG,Financial analysis,Finance,Mid,0.82532,0.05466,0.03895,-0.01571,98.42878,0.00493,0.03017
2030,Singapore,SG,Financial analysis,Finance,Mid,0.89503,0.05928,0.04984,-0.00944,99.05598,0.00637,0.0392
2026,United Kingdom,UK,Financial analysis,Finance,Mid,0.22387,0.01303,0.0048,-0.00823,99.1769,-0.00374,-0.02329
2027,United Kingdom,UK,Financial analysis,Finance,Mid,0.38281,0.02229,0.00963,-0.01265,98.73451,-0.00446,-0.02765
2028,United Kingdom,UK,Financial analysis,Finance,Mid,0.56215,0.03273,0.01757,-0.01516,98.48446,-0.00253,-0.01563
2029,United Kingdom,UK,Financial analysis,Finance,Mid,0.71203,0.04146,0.02791,-0.01354,98.64568,0.00164,0.01008
2030,United Kingdom,UK,Financial analysis,Finance,Mid,0.80894,0.0471,0.03794,-0.00916,99.08436,0.00445,0.02742
2026,Canada,CA,Financial analysis,Finance,Mid,0.20074,0.01249,0.00426,-0.00824,99.17614,-0.00378,-0.02353
2027,Canada,CA,Financial analysis,Finance,Mid,0.34658,0.02157,0.00847,-0.01311,98.68943,-0.00491,-0.03042
2028,Canada,CA,Financial analysis,Finance,Mid,0.51964,0.03234,0.01549,-0.01685,98.31474,-0.0038,-0.02342
2029,Canada,CA,Financial analysis,Finance,Mid,0.67388,0.04195,0.025,-0.01695,98.30546,-0.00009,-0.00058
2030,Canada,CA,Financial analysis,Finance,Mid,0.78002,0.04855,0.03479,-0.01376,98.62356,0.00324,0.01988
2026,United Arab Emirates,AE,Financial analysis,Finance,Mid,0.17156,0.01019,0.00348,-0.0067,99.32958,-0.00333,-0.02076
2027,United Arab Emirates,AE,Financial analysis,Finance,Mid,0.31516,0.01871,0.00748,-0.01124,98.87641,-0.00456,-0.02832
2028,United Arab Emirates,AE,Financial analysis,Finance,Mid,0.49072,0.02913,0.01467,-0.01447,98.55325,-0.00327,-0.0202
2029,United Arab Emirates,AE,Financial analysis,Finance,Mid,0.64406,0.03824,0.02491,-0.01333,98.66701,0.00115,0.00711
2030,United Arab Emirates,AE,Financial analysis,Finance,Mid,0.74334,0.04413,0.03551,-0.00863,99.13724,0.00477,0.02939
2026,Australia,AU,Financial analysis,Finance,Mid,0.18674,0.01066,0.0038,-0.00686,99.31424,-0.00317,-0.01977
2027,Australia,AU,Financial analysis,Finance,Mid,0.32645,0.01863,0.0076,-0.01103,98.8974,-0.0042,-0.02605
2028,Australia,AU,Financial analysis,Finance,Mid,0.49683,0.02835,0.01405,-0.0143,98.57022,-0.00331,-0.02045
2029,Australia,AU,Financial analysis,Finance,Mid,0.65308,0.03726,0.023,-0.01427,98.57326,0.00003,0.00019
2030,Australia,AU,Financial analysis,Finance,Mid,0.7631,0.04354,0.03247,-0.01107,98.89339,0.00325,0.02001
2026,Germany,DE,Financial analysis,Finance,Mid,0.18062,0.00825,0.00355,-0.0047,99.53019,-0.00202,-0.01261
2027,Germany,DE,Financial analysis,Finance,Mid,0.30566,0.01396,0.00673,-0.00723,99.27706,-0.00254,-0.01582
2028,Germany,DE,Financial analysis,Finance,Mid,0.46101,0.02106,0.01193,-0.00912,99.08752,-0.00191,-0.01185
2029,Germany,DE,Financial analysis,Finance,Mid,0.61255,0.02798,0.01912,-0.00886,99.11438,0.00027,0.00168
2030,Germany,DE,Financial analysis,Finance,Mid,0.72923,0.03331,0.02706,-0.00625,99.37516,0.00263,0.0163
2026,Japan,JP,Financial analysis,Finance,Mid,0.16856,0.00714,0.0029,-0.00424,99.57567,-0.00186,-0.01159
2027,Japan,JP,Financial analysis,Finance,Mid,0.28811,0.01221,0.00552,-0.00669,99.33144,-0.00245,-0.01526
2028,Japan,JP,Financial analysis,Finance,Mid,0.44,0.01864,0.00987,-0.00877,99.12251,-0.0021,-0.01306
2029,Japan,JP,Financial analysis,Finance,Mid,0.59189,0.02508,0.016,-0.00908,99.09187,-0.00031,-0.00191
2030,Japan,JP,Financial analysis,Finance,Mid,0.71144,0.03015,0.02293,-0.00721,99.27862,0.00188,0.01167
2026,India,IN,Financial analysis,Finance,Mid,0.12095,0.00826,0.00256,-0.0057,99.42985,-0.00281,-0.01749
2027,India,IN,Financial analysis,Finance,Mid,0.22322,0.01524,0.00532,-0.00992,99.00752,-0.00425,-0.0264
2028,India,IN,Financial analysis,Finance,Mid,0.36,0.02458,0.01032,-0.01426,98.5743,-0.00438,-0.02708
2029,India,IN,Financial analysis,Finance,Mid,0.49678,0.03392,0.0179,-0.01602,98.39778,-0.00179,-0.01103
2030,India,IN,Financial analysis,Finance,Mid,0.59905,0.0409,0.0267,-0.0142,98.5797,0.00185,0.01137
2026,France,FR,Financial analysis,Finance,Mid,0.16451,0.00775,0.00309,-0.00466,99.53402,-0.00201,-0.01254
2027,France,FR,Financial analysis,Finance,Mid,0.2785,0.01312,0.00579,-0.00733,99.26664,-0.00269,-0.01671
2028,France,FR,Financial analysis,Finance,Mid,0.42461,0.02001,0.01022,-0.00979,99.02073,-0.00248,-0.01537
2029,France,FR,Financial analysis,Finance,Mid,0.57419,0.02706,0.01647,-0.01059,98.94085,-0.00081,-0.00499
2030,France,FR,Financial analysis,Finance,Mid,0.69594,0.0328,0.02365,-0.00914,99.08568,0.00146,0.00905
2026,Brazil,BR,Financial analysis,Finance,Mid,0.09137,0.00553,0.00174,-0.00379,99.62126,-0.00175,-0.01091
2027,Brazil,BR,Financial analysis,Finance,Mid,0.16352,0.0099,0.00335,-0.00655,99.34525,-0.00277,-0.01725
2028,Brazil,BR,Financial analysis,Finance,Mid,0.26903,0.01628,0.00618,-0.0101,98.9897,-0.00358,-0.02222
2029,Brazil,BR,Financial analysis,Finance,Mid,0.39586,0.02396,0.01065,-0.01331,98.66875,-0.00324,-0.02006
2030,Brazil,BR,Financial analysis,Finance,Mid,0.51686,0.03129,0.01661,-0.01467,98.53252,-0.00138,-0.00851
2026,Nigeria,NG,Financial analysis,Finance,Mid,0.0536,0.004,0.00101,-0.00299,99.70059,-0.00135,-0.00843
2027,Nigeria,NG,Financial analysis,Finance,Mid,0.09502,0.0071,0.00187,-0.00522,99.47756,-0.00224,-0.01394
2028,Nigeria,NG,Financial analysis,Finance,Mid,0.1593,0.0119,0.00339,-0.00851,99.14876,-0.00331,-0.02055
2029,Nigeria,NG,Financial analysis,Finance,Mid,0.24627,0.01839,0.00586,-0.01254,98.74615,-0.00406,-0.02516
2030,Nigeria,NG,Financial analysis,Finance,Mid,0.34443,0.02573,0.00946,-0.01627,98.37298,-0.00378,-0.02332
2026,United States,US,Financial analysis,Finance,Senior,0.31272,0.00917,0.0066,-0.00257,99.74325,-0.00075,-0.00683
2027,United States,US,Financial analysis,Finance,Senior,0.50443,0.01479,0.01324,-0.00155,99.84548,0.00102,0.00929
2028,United States,US,Financial analysis,Finance,Senior,0.68352,0.02004,0.02324,0.0032,100.32001,0.00475,0.04314
2029,United States,US,Financial analysis,Finance,Senior,0.80581,0.02363,0.03431,0.01068,101.06825,0.00746,0.06802
2030,United States,US,Financial analysis,Finance,Senior,0.87252,0.02558,0.04308,0.01749,101.74944,0.00674,0.06193
2026,Singapore,SG,Financial analysis,Finance,Senior,0.2925,0.00888,0.00538,-0.0035,99.64994,-0.00142,-0.01285
2027,Singapore,SG,Financial analysis,Finance,Senior,0.49636,0.01507,0.01149,-0.00357,99.64264,-0.00007,-0.00066
2028,Singapore,SG,Financial analysis,Finance,Senior,0.69263,0.02102,0.02137,0.00035,100.035,0.00394,0.03567
2029,Singapore,SG,Financial analysis,Finance,Senior,0.82532,0.02505,0.03286,0.00781,100.78092,0.00746,0.06781
2030,Singapore,SG,Financial analysis,Finance,Senior,0.89503,0.02717,0.04205,0.01488,101.48806,0.00702,0.06429
2026,United Kingdom,UK,Financial analysis,Finance,Senior,0.22387,0.00597,0.00405,-0.00192,99.80787,-0.00073,-0.00665
2027,United Kingdom,UK,Financial analysis,Finance,Senior,0.38281,0.01022,0.00813,-0.00209,99.79127,-0.00017,-0.00151
2028,United Kingdom,UK,Financial analysis,Finance,Senior,0.56215,0.015,0.01483,-0.00017,99.98272,0.00192,0.0174
2029,United Kingdom,UK,Financial analysis,Finance,Senior,0.71203,0.019,0.02355,0.00455,100.45507,0.00472,0.04294
2030,United Kingdom,UK,Financial analysis,Finance,Senior,0.80894,0.02159,0.03201,0.01043,101.04266,0.00585,0.05342
2026,Canada,CA,Financial analysis,Finance,Senior,0.20074,0.00573,0.00359,-0.00214,99.78645,-0.00087,-0.00793
2027,Canada,CA,Financial analysis,Finance,Senior,0.34658,0.00989,0.00714,-0.00274,99.72565,-0.00061,-0.00553
2028,Canada,CA,Financial analysis,Finance,Senior,0.51964,0.01482,0.01307,-0.00175,99.82466,0.00099,0.009
2029,Canada,CA,Financial analysis,Finance,Senior,0.67388,0.01922,0.02109,0.00187,100.18687,0.00363,0.03293
2030,Canada,CA,Financial analysis,Finance,Senior,0.78002,0.02225,0.02935,0.0071,100.70989,0.00522,0.04755
2026,United Arab Emirates,AE,Financial analysis,Finance,Senior,0.17156,0.00467,0.00294,-0.00173,99.82691,-0.00078,-0.00706
2027,United Arab Emirates,AE,Financial analysis,Finance,Senior,0.31516,0.00858,0.00631,-0.00227,99.77315,-0.00054,-0.00489
2028,United Arab Emirates,AE,Financial analysis,Finance,Senior,0.49072,0.01335,0.01238,-0.00098,99.9022,0.00129,0.01173
2029,United Arab Emirates,AE,Financial analysis,Finance,Senior,0.64406,0.01753,0.02102,0.00349,100.34907,0.00447,0.04062
2030,United Arab Emirates,AE,Financial analysis,Finance,Senior,0.74334,0.02023,0.02996,0.00973,100.97301,0.00622,0.05672
2026,Australia,AU,Financial analysis,Finance,Senior,0.18674,0.00488,0.0032,-0.00168,99.83205,-0.00069,-0.00623
2027,Australia,AU,Financial analysis,Finance,Senior,0.32645,0.00854,0.00641,-0.00212,99.78757,-0.00045,-0.00404
2028,Australia,AU,Financial analysis,Finance,Senior,0.49683,0.01299,0.01185,-0.00114,99.8862,0.00099,0.00897
2029,Australia,AU,Financial analysis,Finance,Senior,0.65308,0.01708,0.0194,0.00232,100.23239,0.00347,0.03147
2030,Australia,AU,Financial analysis,Finance,Senior,0.7631,0.01996,0.0274,0.00744,100.74443,0.00511,0.04655
2026,Germany,DE,Financial analysis,Finance,Senior,0.18062,0.00378,0.003,-0.00078,99.92155,-0.00025,-0.00228
2027,Germany,DE,Financial analysis,Finance,Senior,0.30566,0.0064,0.00568,-0.00072,99.92809,0.00007,0.00059
2028,Germany,DE,Financial analysis,Finance,Senior,0.46101,0.00965,0.01007,0.00042,100.04163,0.00114,0.01032
2029,Germany,DE,Financial analysis,Finance,Senior,0.61255,0.01282,0.01613,0.00331,100.33106,0.00289,0.02631
2030,Germany,DE,Financial analysis,Finance,Senior,0.72923,0.01527,0.02283,0.00756,100.75648,0.00424,0.03867
2026,Japan,JP,Financial analysis,Finance,Senior,0.16856,0.00327,0.00245,-0.00083,99.91725,-0.0003,-0.00271
2027,Japan,JP,Financial analysis,Finance,Senior,0.28811,0.0056,0.00466,-0.00094,99.90643,-0.00011,-0.00098
2028,Japan,JP,Financial analysis,Finance,Senior,0.44,0.00855,0.00833,-0.00022,99.9782,0.00072,0.00653
2029,Japan,JP,Financial analysis,Finance,Senior,0.59189,0.0115,0.0135,0.002,100.20043,0.00222,0.0202
2030,Japan,JP,Financial analysis,Finance,Senior,0.71144,0.01382,0.01935,0.00553,100.55323,0.00352,0.03207
2026,India,IN,Financial analysis,Finance,Senior,0.12095,0.00378,0.00216,-0.00163,99.83721,-0.00076,-0.00686
2027,India,IN,Financial analysis,Finance,Senior,0.22322,0.00699,0.00449,-0.0025,99.75,-0.00087,-0.00793
2028,India,IN,Financial analysis,Finance,Senior,0.36,0.01127,0.00871,-0.00256,99.7444,-0.00006,-0.00051
2029,India,IN,Financial analysis,Finance,Senior,0.49678,0.01555,0.0151,-0.00045,99.95541,0.00212,0.01918
2030,India,IN,Financial analysis,Finance,Senior,0.59905,0.01875,0.02253,0.00378,100.37803,0.00423,0.03842
2026,France,FR,Financial analysis,Finance,Senior,0.16451,0.00355,0.00261,-0.00094,99.90562,-0.00034,-0.00311
2027,France,FR,Financial analysis,Finance,Senior,0.2785,0.00602,0.00489,-0.00113,99.88705,-0.00019,-0.00169
2028,France,FR,Financial analysis,Finance,Senior,0.42461,0.00917,0.00862,-0.00055,99.94492,0.00058,0.00526
2029,France,FR,Financial analysis,Finance,Senior,0.57419,0.0124,0.01389,0.00149,100.1492,0.00204,0.01857
2030,France,FR,Financial analysis,Finance,Senior,0.69594,0.01503,0.01996,0.00493,100.49252,0.00343,0.03121
2026,Brazil,BR,Financial analysis,Finance,Senior,0.09137,0.00253,0.00147,-0.00106,99.89359,-0.00047,-0.00427
2027,Brazil,BR,Financial analysis,Finance,Senior,0.16352,0.00454,0.00283,-0.00171,99.82904,-0.00065,-0.00587
2028,Brazil,BR,Financial analysis,Finance,Senior,0.26903,0.00746,0.00522,-0.00225,99.77517,-0.00054,-0.0049
2029,Brazil,BR,Financial analysis,Finance,Senior,0.39586,0.01098,0.00898,-0.002,99.80026,0.00025,0.00228
2030,Brazil,BR,Financial analysis,Finance,Senior,0.51686,0.01434,0.01402,-0.00032,99.96762,0.00168,0.01521
2026,Nigeria,NG,Financial analysis,Finance,Senior,0.0536,0.00183,0.00085,-0.00098,99.90167,-0.00044,-0.00396
2027,Nigeria,NG,Financial analysis,Finance,Senior,0.09502,0.00325,0.00158,-0.00167,99.83274,-0.00069,-0.00627
2028,Nigeria,NG,Financial analysis,Finance,Senior,0.1593,0.00545,0.00286,-0.0026,99.74037,-0.00093,-0.0084
2029,Nigeria,NG,Financial analysis,Finance,Senior,0.24627,0.00843,0.00494,-0.00349,99.65102,-0.0009,-0.00812
2030,Nigeria,NG,Financial analysis,Finance,Senior,0.34443,0.01179,0.00798,-0.00381,99.61874,-0.00032,-0.00293
2026,United States,US,Financial analysis,Finance,Lead / Executive,0.31272,0.00452,0.00507,0.00054,100.05427,0.00061,0.00866
2027,United States,US,Financial analysis,Finance,Lead / Executive,0.50443,0.0073,0.01017,0.00287,100.28685,0.00232,0.03323
2028,United States,US,Financial analysis,Finance,Lead / Executive,0.68352,0.00989,0.01784,0.00795,100.7951,0.00507,0.07261
2029,United States,US,Financial analysis,Finance,Lead / Executive,0.80581,0.01166,0.02634,0.01468,101.4678,0.00667,0.0961
2030,United States,US,Financial analysis,Finance,Lead / Executive,0.87252,0.01262,0.03307,0.02044,102.04436,0.00568,0.08237
2026,Singapore,SG,Financial analysis,Finance,Lead / Executive,0.2925,0.00438,0.00413,-0.00025,99.97469,0.00014,0.00198
2027,Singapore,SG,Financial analysis,Finance,Lead / Executive,0.49636,0.00744,0.00882,0.00139,100.13875,0.00164,0.02344
2028,Singapore,SG,Financial analysis,Finance,Lead / Executive,0.69263,0.01038,0.01641,0.00603,100.60329,0.00464,0.06636
2029,Singapore,SG,Financial analysis,Finance,Lead / Executive,0.82532,0.01236,0.02523,0.01286,101.28635,0.00679,0.09758
2030,Singapore,SG,Financial analysis,Finance,Lead / Executive,0.89503,0.01341,0.03228,0.01887,101.88721,0.00593,0.08584
2026,United Kingdom,UK,Financial analysis,Finance,Lead / Executive,0.22387,0.00295,0.00311,0.00016,100.0163,0.00022,0.00321
2027,United Kingdom,UK,Financial analysis,Finance,Lead / Executive,0.38281,0.00504,0.00624,0.0012,100.11984,0.00104,0.01479
2028,United Kingdom,UK,Financial analysis,Finance,Lead / Executive,0.56215,0.0074,0.01138,0.00398,100.39802,0.00278,0.03974
2029,United Kingdom,UK,Financial analysis,Finance,Lead / Executive,0.71203,0.00938,0.01808,0.0087,100.87029,0.0047,0.06747
2030,United Kingdom,UK,Financial analysis,Finance,Lead / Executive,0.80894,0.01065,0.02458,0.01392,101.39227,0.00517,0.07457
2026,Canada,CA,Financial analysis,Finance,Lead / Executive,0.20074,0.00283,0.00276,-0.00007,99.99307,0.00008,0.00117
2027,Canada,CA,Financial analysis,Finance,Lead / Executive,0.34658,0.00488,0.00548,0.0006,100.06047,0.00067,0.00963
2028,Canada,CA,Financial analysis,Finance,Lead / Executive,0.51964,0.00732,0.01003,0.00272,100.27184,0.00211,0.0302
2029,Canada,CA,Financial analysis,Finance,Lead / Executive,0.67388,0.00949,0.01619,0.00671,100.67054,0.00398,0.05696
2030,Canada,CA,Financial analysis,Finance,Lead / Executive,0.78002,0.01098,0.02253,0.01155,101.15507,0.00481,0.06922
2026,United Arab Emirates,AE,Financial analysis,Finance,Lead / Executive,0.17156,0.0023,0.00226,-0.00005,99.99512,0.00006,0.00092
2027,United Arab Emirates,AE,Financial analysis,Finance,Lead / Executive,0.31516,0.00423,0.00484,0.00061,100.06098,0.00066,0.00941
2028,United Arab Emirates,AE,Financial analysis,Finance,Lead / Executive,0.49072,0.00659,0.0095,0.00291,100.29103,0.0023,0.03286
2029,United Arab Emirates,AE,Financial analysis,Finance,Lead / Executive,0.64406,0.00865,0.01613,0.00748,100.74849,0.00456,0.06535
2030,United Arab Emirates,AE,Financial analysis,Finance,Lead / Executive,0.74334,0.00998,0.023,0.01302,101.30154,0.00549,0.07901
2026,Australia,AU,Financial analysis,Finance,Lead / Executive,0.18674,0.00241,0.00246,0.00005,100.00496,0.00012,0.00171
2027,Australia,AU,Financial analysis,Finance,Lead / Executive,0.32645,0.00421,0.00492,0.00071,100.07098,0.00066,0.00943
2028,Australia,AU,Financial analysis,Finance,Lead / Executive,0.49683,0.00641,0.0091,0.00269,100.26886,0.00198,0.02827
2029,Australia,AU,Financial analysis,Finance,Lead / Executive,0.65308,0.00843,0.0149,0.00647,100.64666,0.00377,0.05397
2030,Australia,AU,Financial analysis,Finance,Lead / Executive,0.7631,0.00985,0.02103,0.01119,101.11862,0.00469,0.06742
2026,Germany,DE,Financial analysis,Finance,Lead / Executive,0.18062,0.00187,0.0023,0.00043,100.04344,0.00028,0.00401
2027,Germany,DE,Financial analysis,Finance,Lead / Executive,0.30566,0.00316,0.00436,0.0012,100.12023,0.00077,0.01097
2028,Germany,DE,Financial analysis,Finance,Lead / Executive,0.46101,0.00476,0.00773,0.00297,100.29655,0.00176,0.02519
2029,Germany,DE,Financial analysis,Finance,Lead / Executive,0.61255,0.00633,0.01239,0.00606,100.60572,0.00308,0.04417
2030,Germany,DE,Financial analysis,Finance,Lead / Executive,0.72923,0.00753,0.01753,0.00999,100.99927,0.00391,0.05622
2026,Japan,JP,Financial analysis,Finance,Lead / Executive,0.16856,0.00162,0.00188,0.00026,100.02623,0.00018,0.00263
2027,Japan,JP,Financial analysis,Finance,Lead / Executive,0.28811,0.00276,0.00358,0.00082,100.08158,0.00055,0.00791
2028,Japan,JP,Financial analysis,Finance,Lead / Executive,0.44,0.00422,0.00639,0.00218,100.21756,0.00136,0.01943
2029,Japan,JP,Financial analysis,Finance,Lead / Executive,0.59189,0.00567,0.01036,0.00469,100.46903,0.00251,0.03592
2030,Japan,JP,Financial analysis,Finance,Lead / Executive,0.71144,0.00682,0.01485,0.00804,100.80353,0.00333,0.04778
2026,India,IN,Financial analysis,Finance,Lead / Executive,0.12095,0.00187,0.00166,-0.00021,99.9788,-0.00006,-0.00079
2027,India,IN,Financial analysis,Finance,Lead / Executive,0.22322,0.00345,0.00344,0,99.99959,0.00021,0.00297
2028,India,IN,Financial analysis,Finance,Lead / Executive,0.36,0.00556,0.00669,0.00113,100.11266,0.00113,0.01615
2029,India,IN,Financial analysis,Finance,Lead / Executive,0.49678,0.00767,0.01159,0.00392,100.392,0.00279,0.03991
2030,India,IN,Financial analysis,Finance,Lead / Executive,0.59905,0.00925,0.01729,0.00804,100.80418,0.00411,0.05888
2026,France,FR,Financial analysis,Finance,Lead / Executive,0.16451,0.00175,0.002,0.00025,100.02496,0.00018,0.00253
2027,France,FR,Financial analysis,Finance,Lead / Executive,0.2785,0.00297,0.00375,0.00078,100.07821,0.00053,0.00761
2028,France,FR,Financial analysis,Finance,Lead / Executive,0.42461,0.00453,0.00662,0.00209,100.20915,0.00131,0.01871
2029,France,FR,Financial analysis,Finance,Lead / Executive,0.57419,0.00612,0.01067,0.00455,100.45455,0.00245,0.03506
2030,France,FR,Financial analysis,Finance,Lead / Executive,0.69594,0.00742,0.01532,0.0079,100.79021,0.00334,0.04795
2026,Brazil,BR,Financial analysis,Finance,Lead / Executive,0.09137,0.00125,0.00113,-0.00012,99.98781,-0.00003,-0.00048
2027,Brazil,BR,Financial analysis,Finance,Lead / Executive,0.16352,0.00224,0.00217,-0.00007,99.99313,0.00005,0.00076
2028,Brazil,BR,Financial analysis,Finance,Lead / Executive,0.26903,0.00368,0.004,0.00032,100.03203,0.00039,0.00556
2029,Brazil,BR,Financial analysis,Finance,Lead / Executive,0.39586,0.00542,0.0069,0.00148,100.14777,0.00116,0.01653
2030,Brazil,BR,Financial analysis,Finance,Lead / Executive,0.51686,0.00708,0.01076,0.00368,100.36828,0.0022,0.0315
2026,Nigeria,NG,Financial analysis,Finance,Lead / Executive,0.0536,0.00091,0.00065,-0.00025,99.97482,-0.00011,-0.00151
2027,Nigeria,NG,Financial analysis,Finance,Lead / Executive,0.09502,0.00161,0.00121,-0.00039,99.96079,-0.00014,-0.002
2028,Nigeria,NG,Financial analysis,Finance,Lead / Executive,0.1593,0.00269,0.00219,-0.0005,99.9502,-0.00011,-0.00151
2029,Nigeria,NG,Financial analysis,Finance,Lead / Executive,0.24627,0.00416,0.00379,-0.00037,99.96324,0.00013,0.00186
2030,Nigeria,NG,Financial analysis,Finance,Lead / Executive,0.34443,0.00582,0.00612,0.00031,100.03059,0.00067,0.00962
2026,United States,US,HR & recruiting,Business services,Entry,0.31272,0.1022,0.00287,-0.09932,90.06781,-0.04914,-0.133
2027,United States,US,HR & recruiting,Business services,Entry,0.50443,0.16485,0.00577,-0.15908,84.0922,-0.06635,-0.17073
2028,United States,US,HR & recruiting,Business services,Entry,0.68352,0.22337,0.01012,-0.21325,78.67481,-0.06442,-0.15478
2029,United States,US,HR & recruiting,Business services,Entry,0.80581,0.26333,0.01494,-0.24839,75.16069,-0.04467,-0.1004
2030,United States,US,HR & recruiting,Business services,Entry,0.87252,0.28514,0.01876,-0.26638,73.36227,-0.02393,-0.05138
2026,Singapore,SG,HR & recruiting,Business services,Entry,0.2925,0.09896,0.00234,-0.09662,90.33786,-0.05086,-0.1383
2027,Singapore,SG,HR & recruiting,Business services,Entry,0.49636,0.16794,0.00501,-0.16293,83.70659,-0.07341,-0.18946
2028,Singapore,SG,HR & recruiting,Business services,Entry,0.69263,0.23435,0.00931,-0.22504,77.4962,-0.07419,-0.17744
2029,Singapore,SG,HR & recruiting,Business services,Entry,0.82532,0.27924,0.01431,-0.26493,73.5072,-0.05147,-0.11397
2030,Singapore,SG,HR & recruiting,Business services,Entry,0.89503,0.30282,0.01831,-0.28451,71.54878,-0.02664,-0.05595
2026,United Kingdom,UK,HR & recruiting,Business services,Entry,0.22387,0.06659,0.00177,-0.06482,93.51763,-0.03213,-0.08871
2027,United Kingdom,UK,HR & recruiting,Business services,Entry,0.38281,0.11387,0.00354,-0.11033,88.96742,-0.04866,-0.13001
2028,United Kingdom,UK,HR & recruiting,Business services,Entry,0.56215,0.16721,0.00646,-0.16075,83.925,-0.05668,-0.14407
2029,United Kingdom,UK,HR & recruiting,Business services,Entry,0.71203,0.21179,0.01026,-0.20153,79.84685,-0.04859,-0.11652
2030,United Kingdom,UK,HR & recruiting,Business services,Entry,0.80894,0.24061,0.01394,-0.22667,77.33287,-0.03149,-0.07183
2026,Canada,CA,HR & recruiting,Business services,Entry,0.20074,0.06383,0.00156,-0.06227,93.77301,-0.03074,-0.08496
2027,Canada,CA,HR & recruiting,Business services,Entry,0.34658,0.11021,0.00311,-0.1071,89.29019,-0.0478,-0.12808
2028,Canada,CA,HR & recruiting,Business services,Entry,0.51964,0.16524,0.00569,-0.15955,84.04533,-0.05874,-0.14985
2029,Canada,CA,HR & recruiting,Business services,Entry,0.67388,0.21429,0.00919,-0.2051,79.48984,-0.0542,-0.13016
2030,Canada,CA,HR & recruiting,Business services,Entry,0.78002,0.24804,0.01278,-0.23526,76.4744,-0.03793,-0.08616
2026,United Arab Emirates,AE,HR & recruiting,Business services,Entry,0.17156,0.05204,0.00128,-0.05076,94.92423,-0.0268,-0.07468
2027,United Arab Emirates,AE,HR & recruiting,Business services,Entry,0.31516,0.09559,0.00275,-0.09285,90.71539,-0.04434,-0.12025
2028,United Arab Emirates,AE,HR & recruiting,Business services,Entry,0.49072,0.14884,0.00539,-0.14345,85.65474,-0.05579,-0.14459
2029,United Arab Emirates,AE,HR & recruiting,Business services,Entry,0.64406,0.19535,0.00915,-0.1862,81.38,-0.04991,-0.12214
2030,United Arab Emirates,AE,HR & recruiting,Business services,Entry,0.74334,0.22547,0.01305,-0.21242,78.75805,-0.03222,-0.07491
2026,Australia,AU,HR & recruiting,Business services,Entry,0.18674,0.05443,0.0014,-0.05304,94.69613,-0.02628,-0.07301
2027,Australia,AU,HR & recruiting,Business services,Entry,0.32645,0.09516,0.00279,-0.09236,90.76357,-0.04153,-0.11236
2028,Australia,AU,HR & recruiting,Business services,Entry,0.49683,0.14482,0.00516,-0.13966,86.03401,-0.05211,-0.13513
2029,Australia,AU,HR & recruiting,Business services,Entry,0.65308,0.19037,0.00845,-0.18192,81.80799,-0.04912,-0.12074
2030,Australia,AU,HR & recruiting,Business services,Entry,0.7631,0.22244,0.01193,-0.21051,78.94935,-0.03494,-0.08168
2026,Germany,DE,HR & recruiting,Business services,Entry,0.18062,0.04215,0.00131,-0.04084,95.91599,-0.01903,-0.05315
2027,Germany,DE,HR & recruiting,Business services,Entry,0.30566,0.07132,0.00247,-0.06885,93.11514,-0.0292,-0.08002
2028,Germany,DE,HR & recruiting,Business services,Entry,0.46101,0.10757,0.00438,-0.10319,89.68132,-0.03688,-0.09811
2029,Germany,DE,HR & recruiting,Business services,Entry,0.61255,0.14293,0.00703,-0.1359,86.40957,-0.03648,-0.09348
2030,Germany,DE,HR & recruiting,Business services,Entry,0.72923,0.17016,0.00994,-0.16021,83.97874,-0.02813,-0.06945
2026,Japan,JP,HR & recruiting,Business services,Entry,0.16856,0.03649,0.00107,-0.03542,96.45758,-0.01658,-0.04647
2027,Japan,JP,HR & recruiting,Business services,Entry,0.28811,0.06237,0.00203,-0.06034,93.96608,-0.02583,-0.07119
2028,Japan,JP,HR & recruiting,Business services,Entry,0.44,0.09525,0.00363,-0.09162,90.83763,-0.03329,-0.08938
2029,Japan,JP,HR & recruiting,Business services,Entry,0.59189,0.12813,0.00588,-0.12225,87.77471,-0.03372,-0.08751
2030,Japan,JP,HR & recruiting,Business services,Entry,0.71144,0.15401,0.00843,-0.14558,85.44157,-0.02658,-0.06666
2026,India,IN,HR & recruiting,Business services,Entry,0.12095,0.04219,0.00094,-0.04125,95.87518,-0.02123,-0.05942
2027,India,IN,HR & recruiting,Business services,Entry,0.22322,0.07786,0.00195,-0.07591,92.40924,-0.03615,-0.09903
2028,India,IN,HR & recruiting,Business services,Entry,0.36,0.12557,0.00379,-0.12178,87.82212,-0.04964,-0.13106
2029,India,IN,HR & recruiting,Business services,Entry,0.49678,0.17328,0.00658,-0.16671,83.32934,-0.05116,-0.12837
2030,India,IN,HR & recruiting,Business services,Entry,0.59905,0.20896,0.00981,-0.19915,80.08544,-0.03893,-0.09268
2026,France,FR,HR & recruiting,Business services,Entry,0.16451,0.0396,0.00114,-0.03847,96.15318,-0.01772,-0.04956
2027,France,FR,HR & recruiting,Business services,Entry,0.2785,0.06705,0.00213,-0.06492,93.50804,-0.02751,-0.07558
2028,France,FR,HR & recruiting,Business services,Entry,0.42461,0.10222,0.00375,-0.09847,90.1533,-0.03588,-0.09585
2029,France,FR,HR & recruiting,Business services,Entry,0.57419,0.13823,0.00605,-0.13218,86.78183,-0.0374,-0.09633
2030,France,FR,HR & recruiting,Business services,Entry,0.69594,0.16754,0.00869,-0.15885,84.11485,-0.03073,-0.0762
2026,Brazil,BR,HR & recruiting,Business services,Entry,0.09137,0.02825,0.00064,-0.02761,97.23872,-0.01317,-0.03708
2027,Brazil,BR,HR & recruiting,Business services,Entry,0.16352,0.05057,0.00123,-0.04933,95.06651,-0.02234,-0.06206
2028,Brazil,BR,HR & recruiting,Business services,Entry,0.26903,0.08319,0.00227,-0.08092,91.90797,-0.03322,-0.09024
2029,Brazil,BR,HR & recruiting,Business services,Entry,0.39586,0.12241,0.00391,-0.1185,88.15006,-0.04089,-0.10737
2030,Brazil,BR,HR & recruiting,Business services,Entry,0.51686,0.15983,0.0061,-0.15373,84.62722,-0.03996,-0.10065
2026,Nigeria,NG,HR & recruiting,Business services,Entry,0.0536,0.02045,0.00037,-0.02008,97.99189,-0.00923,-0.02609
2027,Nigeria,NG,HR & recruiting,Business services,Entry,0.09502,0.03626,0.00069,-0.03557,96.44285,-0.01581,-0.04426
2028,Nigeria,NG,HR & recruiting,Business services,Entry,0.1593,0.06079,0.00124,-0.05954,94.04567,-0.02486,-0.06849
2029,Nigeria,NG,HR & recruiting,Business services,Entry,0.24627,0.09397,0.00215,-0.09182,90.8179,-0.03432,-0.09222
2030,Nigeria,NG,HR & recruiting,Business services,Entry,0.34443,0.13143,0.00347,-0.12796,87.2045,-0.03979,-0.10324
2026,United States,US,HR & recruiting,Business services,Junior,0.31272,0.05405,0.00432,-0.04972,95.02772,-0.02374,-0.09626
2027,United States,US,HR & recruiting,Business services,Junior,0.50443,0.08718,0.00867,-0.0785,92.14963,-0.03029,-0.11992
2028,United States,US,HR & recruiting,Business services,Junior,0.68352,0.11813,0.01522,-0.10291,89.70914,-0.02648,-0.10169
2029,United States,US,HR & recruiting,Business services,Junior,0.80581,0.13926,0.02247,-0.11679,88.3207,-0.01548,-0.05785
2030,United States,US,HR & recruiting,Business services,Junior,0.87252,0.15079,0.02821,-0.12258,87.74195,-0.00655,-0.02411
2026,Singapore,SG,HR & recruiting,Business services,Junior,0.2925,0.05234,0.00352,-0.04881,95.11859,-0.02492,-0.10127
2027,Singapore,SG,HR & recruiting,Business services,Junior,0.49636,0.08881,0.00753,-0.08129,91.87134,-0.03414,-0.1353
2028,Singapore,SG,HR & recruiting,Business services,Junior,0.69263,0.12393,0.014,-0.10993,89.00662,-0.03118,-0.11936
2029,Singapore,SG,HR & recruiting,Business services,Junior,0.82532,0.14767,0.02152,-0.12615,87.38484,-0.01822,-0.06757
2030,Singapore,SG,HR & recruiting,Business services,Junior,0.89503,0.16015,0.02754,-0.13261,86.73928,-0.00739,-0.0269
2026,United Kingdom,UK,HR & recruiting,Business services,Junior,0.22387,0.03522,0.00265,-0.03256,96.74392,-0.01578,-0.06464
2027,United Kingdom,UK,HR & recruiting,Business services,Junior,0.38281,0.06022,0.00532,-0.05489,94.51062,-0.02308,-0.09305
2028,United Kingdom,UK,HR & recruiting,Business services,Junior,0.56215,0.08843,0.00971,-0.07872,92.12848,-0.02521,-0.09926
2029,United Kingdom,UK,HR & recruiting,Business services,Junior,0.71203,0.112,0.01543,-0.09658,90.34219,-0.01939,-0.07443
2030,United Kingdom,UK,HR & recruiting,Business services,Junior,0.80894,0.12725,0.02097,-0.10628,89.37202,-0.01074,-0.04042
2026,Canada,CA,HR & recruiting,Business services,Junior,0.20074,0.03376,0.00235,-0.03141,96.85939,-0.01518,-0.06222
2027,Canada,CA,HR & recruiting,Business services,Junior,0.34658,0.05828,0.00468,-0.0536,94.63952,-0.02292,-0.09249
2028,Canada,CA,HR & recruiting,Business services,Junior,0.51964,0.08739,0.00856,-0.07883,92.1175,-0.02665,-0.10508
2029,Canada,CA,HR & recruiting,Business services,Junior,0.67388,0.11333,0.01382,-0.09951,90.04902,-0.02245,-0.08619
2030,Canada,CA,HR & recruiting,Business services,Junior,0.78002,0.13117,0.01922,-0.11195,88.805,-0.01381,-0.05183
2026,United Arab Emirates,AE,HR & recruiting,Business services,Junior,0.17156,0.02752,0.00192,-0.0256,97.44045,-0.0133,-0.05471
2027,United Arab Emirates,AE,HR & recruiting,Business services,Junior,0.31516,0.05055,0.00413,-0.04642,95.35772,-0.02137,-0.08678
2028,United Arab Emirates,AE,HR & recruiting,Business services,Junior,0.49072,0.07871,0.00811,-0.07061,92.93909,-0.02536,-0.10078
2029,United Arab Emirates,AE,HR & recruiting,Business services,Junior,0.64406,0.10331,0.01377,-0.08955,91.04537,-0.02038,-0.07891
2030,United Arab Emirates,AE,HR & recruiting,Business services,Junior,0.74334,0.11924,0.01962,-0.09962,90.03844,-0.01106,-0.04196
2026,Australia,AU,HR & recruiting,Business services,Junior,0.18674,0.02879,0.0021,-0.02669,97.33113,-0.01298,-0.05335
2027,Australia,AU,HR & recruiting,Business services,Junior,0.32645,0.05032,0.0042,-0.04612,95.38767,-0.01997,-0.08098
2028,Australia,AU,HR & recruiting,Business services,Junior,0.49683,0.07659,0.00776,-0.06882,93.11755,-0.0238,-0.09459
2029,Australia,AU,HR & recruiting,Business services,Junior,0.65308,0.10068,0.01271,-0.08797,91.20317,-0.02056,-0.07977
2030,Australia,AU,HR & recruiting,Business services,Junior,0.7631,0.11764,0.01795,-0.09969,90.03101,-0.01285,-0.04884
2026,Germany,DE,HR & recruiting,Business services,Junior,0.18062,0.02229,0.00196,-0.02033,97.96744,-0.00931,-0.03838
2027,Germany,DE,HR & recruiting,Business services,Junior,0.30566,0.03772,0.00372,-0.034,96.60015,-0.01396,-0.05697
2028,Germany,DE,HR & recruiting,Business services,Junior,0.46101,0.05689,0.00659,-0.05029,94.9705,-0.01687,-0.0679
2029,Germany,DE,HR & recruiting,Business services,Junior,0.61255,0.07559,0.01057,-0.06502,93.49787,-0.01551,-0.06136
2030,Germany,DE,HR & recruiting,Business services,Junior,0.72923,0.08999,0.01495,-0.07503,92.49671,-0.01071,-0.04171
2026,Japan,JP,HR & recruiting,Business services,Junior,0.16856,0.0193,0.0016,-0.0177,98.23048,-0.00817,-0.0337
2027,Japan,JP,HR & recruiting,Business services,Junior,0.28811,0.03298,0.00305,-0.02993,97.00686,-0.01246,-0.05098
2028,Japan,JP,HR & recruiting,Business services,Junior,0.44,0.05037,0.00545,-0.04492,95.50814,-0.01545,-0.06245
2029,Japan,JP,HR & recruiting,Business services,Junior,0.59189,0.06776,0.00884,-0.05892,94.10797,-0.01466,-0.05834
2030,Japan,JP,HR & recruiting,Business services,Junior,0.71144,0.08145,0.01267,-0.06877,93.12251,-0.01047,-0.04106
2026,India,IN,HR & recruiting,Business services,Junior,0.12095,0.02231,0.00141,-0.0209,97.9102,-0.01062,-0.04378
2027,India,IN,HR & recruiting,Business services,Junior,0.22322,0.04118,0.00294,-0.03824,96.17612,-0.01771,-0.07225
2028,India,IN,HR & recruiting,Business services,Junior,0.36,0.06641,0.0057,-0.0607,93.92964,-0.02336,-0.0936
2029,India,IN,HR & recruiting,Business services,Junior,0.49678,0.09164,0.00989,-0.08175,91.82502,-0.02241,-0.08769
2030,India,IN,HR & recruiting,Business services,Junior,0.59905,0.11051,0.01475,-0.09575,90.42487,-0.01525,-0.05834
2026,France,FR,HR & recruiting,Business services,Junior,0.16451,0.02094,0.00171,-0.01924,98.07643,-0.00873,-0.03598
2027,France,FR,HR & recruiting,Business services,Junior,0.2785,0.03546,0.0032,-0.03226,96.77422,-0.01328,-0.05426
2028,France,FR,HR & recruiting,Business services,Junior,0.42461,0.05406,0.00565,-0.04841,95.15866,-0.01669,-0.06731
2029,France,FR,HR & recruiting,Business services,Junior,0.57419,0.0731,0.0091,-0.064,93.59961,-0.01638,-0.06496
2030,France,FR,HR & recruiting,Business services,Junior,0.69594,0.0886,0.01307,-0.07553,92.44665,-0.01232,-0.04804
2026,Brazil,BR,HR & recruiting,Business services,Junior,0.09137,0.01494,0.00096,-0.01398,98.60216,-0.00661,-0.02732
2027,Brazil,BR,HR & recruiting,Business services,Junior,0.16352,0.02674,0.00185,-0.02489,97.51099,-0.01107,-0.04547
2028,Brazil,BR,HR & recruiting,Business services,Junior,0.26903,0.044,0.00342,-0.04058,95.94203,-0.01609,-0.06537
2029,Brazil,BR,HR & recruiting,Business services,Junior,0.39586,0.06474,0.00588,-0.05885,94.11475,-0.01905,-0.07614
2030,Brazil,BR,HR & recruiting,Business services,Junior,0.51686,0.08453,0.00918,-0.07535,92.46534,-0.01753,-0.06873
2026,Nigeria,NG,HR & recruiting,Business services,Junior,0.0536,0.01082,0.00056,-0.01026,98.97418,-0.00469,-0.01942
2027,Nigeria,NG,HR & recruiting,Business services,Junior,0.09502,0.01918,0.00104,-0.01814,98.18593,-0.00796,-0.03284
2028,Nigeria,NG,HR & recruiting,Business services,Junior,0.1593,0.03215,0.00187,-0.03028,96.97241,-0.01236,-0.05056
2029,Nigeria,NG,HR & recruiting,Business services,Junior,0.24627,0.0497,0.00324,-0.04646,95.3539,-0.01669,-0.06744
2030,Nigeria,NG,HR & recruiting,Business services,Junior,0.34443,0.06951,0.00523,-0.06428,93.57196,-0.01869,-0.07425
2026,United States,US,HR & recruiting,Business services,Mid,0.31272,0.02064,0.00494,-0.01569,98.43053,-0.00711,-0.04403
2027,United States,US,HR & recruiting,Business services,Mid,0.50443,0.03329,0.00991,-0.02337,97.66274,-0.0078,-0.04799
2028,United States,US,HR & recruiting,Business services,Mid,0.68352,0.0451,0.0174,-0.02771,97.22918,-0.00444,-0.0271
2029,United States,US,HR & recruiting,Business services,Mid,0.80581,0.05317,0.02568,-0.02749,97.25072,0.00022,0.00135
2030,United States,US,HR & recruiting,Business services,Mid,0.87252,0.05758,0.03224,-0.02533,97.46679,0.00222,0.0135
2026,Singapore,SG,HR & recruiting,Business services,Mid,0.2925,0.01998,0.00403,-0.01596,98.40426,-0.00782,-0.0485
2027,Singapore,SG,HR & recruiting,Business services,Mid,0.49636,0.03391,0.0086,-0.02531,97.46921,-0.0095,-0.05844
2028,Singapore,SG,HR & recruiting,Business services,Mid,0.69263,0.04732,0.016,-0.03132,96.86795,-0.00617,-0.03758
2029,Singapore,SG,HR & recruiting,Business services,Mid,0.82532,0.05638,0.0246,-0.03179,96.82129,-0.00048,-0.00292
2030,Singapore,SG,HR & recruiting,Business services,Mid,0.89503,0.06115,0.03147,-0.02967,97.03276,0.00218,0.01322
2026,United Kingdom,UK,HR & recruiting,Business services,Mid,0.22387,0.01345,0.00303,-0.01041,98.95878,-0.00488,-0.03036
2027,United Kingdom,UK,HR & recruiting,Business services,Mid,0.38281,0.02299,0.00608,-0.01691,98.30921,-0.00656,-0.0406
2028,United Kingdom,UK,HR & recruiting,Business services,Mid,0.56215,0.03376,0.0111,-0.02266,97.73364,-0.00585,-0.03597
2029,United Kingdom,UK,HR & recruiting,Business services,Mid,0.71203,0.04276,0.01763,-0.02514,97.48641,-0.00253,-0.01545
2030,United Kingdom,UK,HR & recruiting,Business services,Mid,0.80894,0.04859,0.02396,-0.02462,97.53777,0.00053,0.00321
2026,Canada,CA,HR & recruiting,Business services,Mid,0.20074,0.01289,0.00269,-0.0102,98.97987,-0.0048,-0.02981
2027,Canada,CA,HR & recruiting,Business services,Mid,0.34658,0.02225,0.00535,-0.01691,98.30937,-0.00677,-0.04191
2028,Canada,CA,HR & recruiting,Business services,Mid,0.51964,0.03337,0.00978,-0.02358,97.64185,-0.00679,-0.04172
2029,Canada,CA,HR & recruiting,Business services,Mid,0.67388,0.04327,0.01579,-0.02748,97.25196,-0.00399,-0.02437
2030,Canada,CA,HR & recruiting,Business services,Mid,0.78002,0.05008,0.02197,-0.02811,97.18861,-0.00065,-0.00396
2026,United Arab Emirates,AE,HR & recruiting,Business services,Mid,0.17156,0.01051,0.0022,-0.00831,99.16915,-0.00422,-0.02625
2027,United Arab Emirates,AE,HR & recruiting,Business services,Mid,0.31516,0.0193,0.00472,-0.01458,98.5419,-0.00632,-0.0392
2028,United Arab Emirates,AE,HR & recruiting,Business services,Mid,0.49072,0.03005,0.00926,-0.02079,97.92088,-0.0063,-0.03881
2029,United Arab Emirates,AE,HR & recruiting,Business services,Mid,0.64406,0.03945,0.01573,-0.02371,97.62856,-0.00299,-0.01827
2030,United Arab Emirates,AE,HR & recruiting,Business services,Mid,0.74334,0.04553,0.02242,-0.0231,97.68977,0.00063,0.00383
2026,Australia,AU,HR & recruiting,Business services,Mid,0.18674,0.01099,0.0024,-0.00859,99.14069,-0.00407,-0.02535
2027,Australia,AU,HR & recruiting,Business services,Mid,0.32645,0.01921,0.0048,-0.01441,98.55857,-0.00587,-0.03638
2028,Australia,AU,HR & recruiting,Business services,Mid,0.49683,0.02924,0.00887,-0.02037,97.96307,-0.00604,-0.03722
2029,Australia,AU,HR & recruiting,Business services,Mid,0.65308,0.03844,0.01452,-0.02392,97.60837,-0.00362,-0.02217
2030,Australia,AU,HR & recruiting,Business services,Mid,0.7631,0.04492,0.02051,-0.02441,97.55946,-0.0005,-0.00306
2026,Germany,DE,HR & recruiting,Business services,Mid,0.18062,0.00851,0.00224,-0.00627,99.37329,-0.00279,-0.01738
2027,Germany,DE,HR & recruiting,Business services,Mid,0.30566,0.0144,0.00425,-0.01015,98.98498,-0.00391,-0.02427
2028,Germany,DE,HR & recruiting,Business services,Mid,0.46101,0.02172,0.00754,-0.01419,98.58145,-0.00408,-0.02522
2029,Germany,DE,HR & recruiting,Business services,Mid,0.61255,0.02886,0.01208,-0.01678,98.32156,-0.00264,-0.01624
2030,Germany,DE,HR & recruiting,Business services,Mid,0.72923,0.03436,0.01709,-0.01727,98.2731,-0.00049,-0.00303
2026,Japan,JP,HR & recruiting,Business services,Mid,0.16856,0.00737,0.00183,-0.00554,99.4463,-0.00249,-0.01554
2027,Japan,JP,HR & recruiting,Business services,Mid,0.28811,0.01259,0.00349,-0.00911,99.08943,-0.00359,-0.0223
2028,Japan,JP,HR & recruiting,Business services,Mid,0.44,0.01923,0.00623,-0.013,98.70002,-0.00393,-0.02434
2029,Japan,JP,HR & recruiting,Business services,Mid,0.59189,0.02587,0.0101,-0.01577,98.42322,-0.0028,-0.0173
2030,Japan,JP,HR & recruiting,Business services,Mid,0.71144,0.0311,0.01448,-0.01661,98.33854,-0.00086,-0.00529
2026,India,IN,HR & recruiting,Business services,Mid,0.12095,0.00852,0.00161,-0.0069,99.30959,-0.00345,-0.02147
2027,India,IN,HR & recruiting,Business services,Mid,0.22322,0.01572,0.00336,-0.01236,98.76354,-0.0055,-0.03413
2028,India,IN,HR & recruiting,Business services,Mid,0.36,0.02536,0.00652,-0.01884,98.11637,-0.00655,-0.04045
2029,India,IN,HR & recruiting,Business services,Mid,0.49678,0.03499,0.0113,-0.02369,97.63133,-0.00494,-0.03032
2030,India,IN,HR & recruiting,Business services,Mid,0.59905,0.04219,0.01686,-0.02533,97.46691,-0.00168,-0.01028
2026,France,FR,HR & recruiting,Business services,Mid,0.16451,0.008,0.00195,-0.00604,99.39561,-0.00268,-0.01667
2027,France,FR,HR & recruiting,Business services,Mid,0.2785,0.01354,0.00366,-0.00988,99.01187,-0.00386,-0.02398
2028,France,FR,HR & recruiting,Business services,Mid,0.42461,0.02064,0.00645,-0.01419,98.58116,-0.00435,-0.02692
2029,France,FR,HR & recruiting,Business services,Mid,0.57419,0.02791,0.0104,-0.01751,98.24875,-0.00337,-0.02078
2030,France,FR,HR & recruiting,Business services,Mid,0.69594,0.03383,0.01494,-0.01889,98.11073,-0.0014,-0.00863
2026,Brazil,BR,HR & recruiting,Business services,Mid,0.09137,0.0057,0.0011,-0.0046,99.53958,-0.00215,-0.0134
2027,Brazil,BR,HR & recruiting,Business services,Mid,0.16352,0.01021,0.00212,-0.00809,99.19056,-0.00351,-0.02181
2028,Brazil,BR,HR & recruiting,Business services,Mid,0.26903,0.0168,0.0039,-0.01289,98.71055,-0.00484,-0.03
2029,Brazil,BR,HR & recruiting,Business services,Mid,0.39586,0.02472,0.00673,-0.01799,98.20076,-0.00516,-0.03186
2030,Brazil,BR,HR & recruiting,Business services,Mid,0.51686,0.03227,0.01049,-0.02178,97.82174,-0.00386,-0.02369
2026,Nigeria,NG,HR & recruiting,Business services,Mid,0.0536,0.00413,0.00064,-0.00349,99.65077,-0.00158,-0.00988
2027,Nigeria,NG,HR & recruiting,Business services,Mid,0.09502,0.00732,0.00118,-0.00614,99.38613,-0.00266,-0.01654
2028,Nigeria,NG,HR & recruiting,Business services,Mid,0.1593,0.01227,0.00214,-0.01014,98.98643,-0.00402,-0.02498
2029,Nigeria,NG,HR & recruiting,Business services,Mid,0.24627,0.01898,0.0037,-0.01528,98.47232,-0.00519,-0.03213
2030,Nigeria,NG,HR & recruiting,Business services,Mid,0.34443,0.02654,0.00597,-0.02057,97.94336,-0.00537,-0.03306
2026,United States,US,HR & recruiting,Business services,Senior,0.31272,0.00946,0.00417,-0.00529,99.4711,-0.00221,-0.02001
2027,United States,US,HR & recruiting,Business services,Senior,0.50443,0.01526,0.00836,-0.00689,99.31084,-0.00161,-0.01457
2028,United States,US,HR & recruiting,Business services,Senior,0.68352,0.02067,0.01468,-0.00599,99.40051,0.0009,0.00815
2029,United States,US,HR & recruiting,Business services,Senior,0.80581,0.02437,0.02167,-0.0027,99.72968,0.00331,0.02992
2030,United States,US,HR & recruiting,Business services,Senior,0.87252,0.02639,0.02721,0.00082,100.08167,0.00353,0.032
2026,Singapore,SG,HR & recruiting,Business services,Senior,0.2925,0.00916,0.0034,-0.00576,99.42377,-0.00269,-0.02434
2027,Singapore,SG,HR & recruiting,Business services,Senior,0.49636,0.01554,0.00726,-0.00828,99.17163,-0.00254,-0.02292
2028,Singapore,SG,HR & recruiting,Business services,Senior,0.69263,0.02169,0.0135,-0.00819,99.18113,0.0001,0.00086
2029,Singapore,SG,HR & recruiting,Business services,Senior,0.82532,0.02584,0.02075,-0.00509,99.49113,0.00313,0.02818
2030,Singapore,SG,HR & recruiting,Business services,Senior,0.89503,0.02803,0.02656,-0.00147,99.85311,0.00364,0.03291
2026,United Kingdom,UK,HR & recruiting,Business services,Senior,0.22387,0.00616,0.00256,-0.0036,99.6397,-0.00161,-0.01463
2027,United Kingdom,UK,HR & recruiting,Business services,Senior,0.38281,0.01054,0.00513,-0.0054,99.45955,-0.00181,-0.01638
2028,United Kingdom,UK,HR & recruiting,Business services,Senior,0.56215,0.01547,0.00937,-0.00611,99.38904,-0.00071,-0.00641
2029,United Kingdom,UK,HR & recruiting,Business services,Senior,0.71203,0.0196,0.01487,-0.00473,99.52739,0.00139,0.01258
2030,United Kingdom,UK,HR & recruiting,Business services,Senior,0.80894,0.02227,0.02022,-0.00205,99.79506,0.00269,0.02433
2026,Canada,CA,HR & recruiting,Business services,Senior,0.20074,0.00591,0.00227,-0.00364,99.63605,-0.00165,-0.01497
2027,Canada,CA,HR & recruiting,Business services,Senior,0.34658,0.0102,0.00451,-0.00569,99.43123,-0.00206,-0.01862
2028,Canada,CA,HR & recruiting,Business services,Senior,0.51964,0.01529,0.00826,-0.00704,99.29628,-0.00136,-0.01227
2029,Canada,CA,HR & recruiting,Business services,Senior,0.67388,0.01983,0.01332,-0.00651,99.34903,0.00053,0.0048
2030,Canada,CA,HR & recruiting,Business services,Senior,0.78002,0.02296,0.01854,-0.00442,99.55824,0.00211,0.01902
2026,United Arab Emirates,AE,HR & recruiting,Business services,Senior,0.17156,0.00482,0.00186,-0.00296,99.70394,-0.00146,-0.01322
2027,United Arab Emirates,AE,HR & recruiting,Business services,Senior,0.31516,0.00885,0.00398,-0.00486,99.51368,-0.00191,-0.0173
2028,United Arab Emirates,AE,HR & recruiting,Business services,Senior,0.49072,0.01378,0.00782,-0.00596,99.4041,-0.0011,-0.00996
2029,United Arab Emirates,AE,HR & recruiting,Business services,Senior,0.64406,0.01808,0.01327,-0.00481,99.51942,0.00116,0.01048
2030,United Arab Emirates,AE,HR & recruiting,Business services,Senior,0.74334,0.02087,0.01892,-0.00195,99.80542,0.00287,0.026
2026,Australia,AU,HR & recruiting,Business services,Senior,0.18674,0.00504,0.00202,-0.00301,99.69858,-0.00138,-0.01251
2027,Australia,AU,HR & recruiting,Business services,Senior,0.32645,0.00881,0.00405,-0.00476,99.52435,-0.00175,-0.01584
2028,Australia,AU,HR & recruiting,Business services,Senior,0.49683,0.0134,0.00749,-0.00592,99.40841,-0.00116,-0.01054
2029,Australia,AU,HR & recruiting,Business services,Senior,0.65308,0.01762,0.01225,-0.00536,99.46361,0.00056,0.00502
2030,Australia,AU,HR & recruiting,Business services,Senior,0.7631,0.02059,0.01731,-0.00328,99.67192,0.00209,0.01894
2026,Germany,DE,HR & recruiting,Business services,Senior,0.18062,0.0039,0.00189,-0.00201,99.79921,-0.00085,-0.00772
2027,Germany,DE,HR & recruiting,Business services,Senior,0.30566,0.0066,0.00359,-0.00301,99.69864,-0.00101,-0.00914
2028,Germany,DE,HR & recruiting,Business services,Senior,0.46101,0.00996,0.00636,-0.0036,99.64026,-0.00059,-0.00531
2029,Germany,DE,HR & recruiting,Business services,Senior,0.61255,0.01323,0.01019,-0.00304,99.69617,0.00056,0.00508
2030,Germany,DE,HR & recruiting,Business services,Senior,0.72923,0.01575,0.01442,-0.00133,99.86716,0.00172,0.01554
2026,Japan,JP,HR & recruiting,Business services,Senior,0.16856,0.00338,0.00154,-0.00183,99.81679,-0.00079,-0.00719
2027,Japan,JP,HR & recruiting,Business services,Senior,0.28811,0.00577,0.00294,-0.00283,99.71709,-0.001,-0.00906
2028,Japan,JP,HR & recruiting,Business services,Senior,0.44,0.00882,0.00526,-0.00356,99.64442,-0.00073,-0.00661
2029,Japan,JP,HR & recruiting,Business services,Senior,0.59189,0.01186,0.00853,-0.00333,99.66677,0.00022,0.00203
2030,Japan,JP,HR & recruiting,Business services,Senior,0.71144,0.01425,0.01222,-0.00203,99.79672,0.0013,0.01181
2026,India,IN,HR & recruiting,Business services,Senior,0.12095,0.0039,0.00136,-0.00254,99.74579,-0.00124,-0.01128
2027,India,IN,HR & recruiting,Business services,Senior,0.22322,0.00721,0.00283,-0.00437,99.56269,-0.00184,-0.01665
2028,India,IN,HR & recruiting,Business services,Senior,0.36,0.01162,0.0055,-0.00612,99.38794,-0.00176,-0.01589
2029,India,IN,HR & recruiting,Business services,Senior,0.49678,0.01604,0.00954,-0.0065,99.35,-0.00038,-0.00345
2030,India,IN,HR & recruiting,Business services,Senior,0.59905,0.01934,0.01423,-0.00511,99.4889,0.0014,0.01263
2026,France,FR,HR & recruiting,Business services,Senior,0.16451,0.00367,0.00165,-0.00202,99.79826,-0.00086,-0.0078
2027,France,FR,HR & recruiting,Business services,Senior,0.2785,0.00621,0.00309,-0.00312,99.68805,-0.0011,-0.01002
2028,France,FR,HR & recruiting,Business services,Senior,0.42461,0.00946,0.00544,-0.00402,99.59838,-0.0009,-0.00815
2029,France,FR,HR & recruiting,Business services,Senior,0.57419,0.01279,0.00877,-0.00402,99.59817,0,-0.00002
2030,France,FR,HR & recruiting,Business services,Senior,0.69594,0.01551,0.0126,-0.0029,99.70982,0.00112,0.01015
2026,Brazil,BR,HR & recruiting,Business services,Senior,0.09137,0.00261,0.00093,-0.00169,99.8314,-0.00077,-0.00704
2027,Brazil,BR,HR & recruiting,Business services,Senior,0.16352,0.00468,0.00179,-0.00289,99.71056,-0.00121,-0.01099
2028,Brazil,BR,HR & recruiting,Business services,Senior,0.26903,0.0077,0.00329,-0.00441,99.55946,-0.00152,-0.01374
2029,Brazil,BR,HR & recruiting,Business services,Senior,0.39586,0.01133,0.00567,-0.00565,99.43456,-0.00125,-0.01135
2030,Brazil,BR,HR & recruiting,Business services,Senior,0.51686,0.01479,0.00885,-0.00594,99.40598,-0.00029,-0.0026
2026,Nigeria,NG,HR & recruiting,Business services,Senior,0.0536,0.00189,0.00054,-0.00135,99.8645,-0.00061,-0.00554
2027,Nigeria,NG,HR & recruiting,Business services,Senior,0.09502,0.00336,0.001,-0.00236,99.76424,-0.001,-0.00911
2028,Nigeria,NG,HR & recruiting,Business services,Senior,0.1593,0.00563,0.0018,-0.00382,99.61788,-0.00147,-0.01331
2029,Nigeria,NG,HR & recruiting,Business services,Senior,0.24627,0.0087,0.00312,-0.00558,99.44236,-0.00176,-0.01596
2030,Nigeria,NG,HR & recruiting,Business services,Senior,0.34443,0.01216,0.00504,-0.00712,99.28755,-0.00156,-0.01407
2026,United States,US,HR & recruiting,Business services,Lead / Executive,0.31272,0.00467,0.0032,-0.00147,99.85329,-0.00047,-0.0067
2027,United States,US,HR & recruiting,Business services,Lead / Executive,0.50443,0.00753,0.00642,-0.00111,99.88923,0.00036,0.00513
2028,United States,US,HR & recruiting,Business services,Lead / Executive,0.68352,0.0102,0.01127,0.00107,100.10657,0.00218,0.03105
2029,United States,US,HR & recruiting,Business services,Lead / Executive,0.80581,0.01203,0.01663,0.00461,100.46067,0.00354,0.05058
2030,United States,US,HR & recruiting,Business services,Lead / Executive,0.87252,0.01302,0.02089,0.00786,100.7862,0.00324,0.0465
2026,Singapore,SG,HR & recruiting,Business services,Lead / Executive,0.2925,0.00452,0.00261,-0.00191,99.80875,-0.00079,-0.01133
2027,Singapore,SG,HR & recruiting,Business services,Lead / Executive,0.49636,0.00767,0.00557,-0.0021,99.79021,-0.00019,-0.00265
2028,Singapore,SG,HR & recruiting,Business services,Lead / Executive,0.69263,0.0107,0.01036,-0.00034,99.966,0.00176,0.02511
2029,Singapore,SG,HR & recruiting,Business services,Lead / Executive,0.82532,0.01275,0.01593,0.00318,100.3179,0.00352,0.05027
2030,Singapore,SG,HR & recruiting,Business services,Lead / Executive,0.89503,0.01383,0.02039,0.00656,100.65562,0.00337,0.04825
2026,United Kingdom,UK,HR & recruiting,Business services,Lead / Executive,0.22387,0.00304,0.00196,-0.00108,99.89236,-0.00042,-0.00606
2027,United Kingdom,UK,HR & recruiting,Business services,Lead / Executive,0.38281,0.0052,0.00394,-0.00126,99.87403,-0.00018,-0.00262
2028,United Kingdom,UK,HR & recruiting,Business services,Lead / Executive,0.56215,0.00764,0.00719,-0.00045,99.95525,0.00081,0.0116
2029,United Kingdom,UK,HR & recruiting,Business services,Lead / Executive,0.71203,0.00967,0.01142,0.00175,100.17458,0.00219,0.03133
2030,United Kingdom,UK,HR & recruiting,Business services,Lead / Executive,0.80894,0.01099,0.01552,0.00453,100.4532,0.00278,0.0398
2026,Canada,CA,HR & recruiting,Business services,Lead / Executive,0.20074,0.00292,0.00174,-0.00117,99.88258,-0.00049,-0.00699
2027,Canada,CA,HR & recruiting,Business services,Lead / Executive,0.34658,0.00503,0.00346,-0.00157,99.84301,-0.0004,-0.00565
2028,Canada,CA,HR & recruiting,Business services,Lead / Executive,0.51964,0.00755,0.00634,-0.00121,99.87905,0.00036,0.00515
2029,Canada,CA,HR & recruiting,Business services,Lead / Executive,0.67388,0.00979,0.01023,0.00044,100.044,0.00165,0.02356
2030,Canada,CA,HR & recruiting,Business services,Lead / Executive,0.78002,0.01133,0.01423,0.0029,100.29024,0.00246,0.03518
2026,United Arab Emirates,AE,HR & recruiting,Business services,Lead / Executive,0.17156,0.00238,0.00142,-0.00095,99.90476,-0.00044,-0.00621
2027,United Arab Emirates,AE,HR & recruiting,Business services,Lead / Executive,0.31516,0.00437,0.00306,-0.00131,99.86922,-0.00036,-0.00508
2028,United Arab Emirates,AE,HR & recruiting,Business services,Lead / Executive,0.49072,0.0068,0.006,-0.0008,99.92021,0.00051,0.00728
2029,United Arab Emirates,AE,HR & recruiting,Business services,Lead / Executive,0.64406,0.00892,0.01019,0.00127,100.12676,0.00207,0.02951
2030,United Arab Emirates,AE,HR & recruiting,Business services,Lead / Executive,0.74334,0.0103,0.01453,0.00423,100.42273,0.00296,0.04228
2026,Australia,AU,HR & recruiting,Business services,Lead / Executive,0.18674,0.00249,0.00155,-0.00093,99.90673,-0.00039,-0.00557
2027,Australia,AU,HR & recruiting,Business services,Lead / Executive,0.32645,0.00435,0.00311,-0.00124,99.87631,-0.0003,-0.00435
2028,Australia,AU,HR & recruiting,Business services,Lead / Executive,0.49683,0.00661,0.00575,-0.00087,99.91333,0.00037,0.00529
2029,Australia,AU,HR & recruiting,Business services,Lead / Executive,0.65308,0.00869,0.00941,0.00071,100.07127,0.00158,0.02256
2030,Australia,AU,HR & recruiting,Business services,Lead / Executive,0.7631,0.01016,0.01329,0.00313,100.31256,0.00241,0.03447
2026,Germany,DE,HR & recruiting,Business services,Lead / Executive,0.18062,0.00192,0.00145,-0.00047,99.9528,-0.00016,-0.00233
2027,Germany,DE,HR & recruiting,Business services,Lead / Executive,0.30566,0.00326,0.00275,-0.0005,99.94962,-0.00003,-0.00045
2028,Germany,DE,HR & recruiting,Business services,Lead / Executive,0.46101,0.00491,0.00488,-0.00003,99.99679,0.00047,0.00674
2029,Germany,DE,HR & recruiting,Business services,Lead / Executive,0.61255,0.00653,0.00782,0.00129,100.12943,0.00133,0.01895
2030,Germany,DE,HR & recruiting,Business services,Lead / Executive,0.72923,0.00777,0.01107,0.0033,100.32977,0.002,0.02862
2026,Japan,JP,HR & recruiting,Business services,Lead / Executive,0.16856,0.00167,0.00119,-0.00048,99.95194,-0.00018,-0.00259
2027,Japan,JP,HR & recruiting,Business services,Lead / Executive,0.28811,0.00285,0.00226,-0.00059,99.94107,-0.00011,-0.00155
2028,Japan,JP,HR & recruiting,Business services,Lead / Executive,0.44,0.00435,0.00404,-0.00031,99.96872,0.00028,0.00395
2029,Japan,JP,HR & recruiting,Business services,Lead / Executive,0.59189,0.00585,0.00655,0.00069,100.06931,0.00101,0.01437
2030,Japan,JP,HR & recruiting,Business services,Lead / Executive,0.71144,0.00703,0.00938,0.00235,100.23474,0.00165,0.02363
2026,India,IN,HR & recruiting,Business services,Lead / Executive,0.12095,0.00193,0.00105,-0.00088,99.9119,-0.00041,-0.00589
2027,India,IN,HR & recruiting,Business services,Lead / Executive,0.22322,0.00356,0.00217,-0.00138,99.86185,-0.0005,-0.00715
2028,India,IN,HR & recruiting,Business services,Lead / Executive,0.36,0.00574,0.00422,-0.00151,99.84876,-0.00013,-0.00187
2029,India,IN,HR & recruiting,Business services,Lead / Executive,0.49678,0.00791,0.00732,-0.00059,99.9407,0.00092,0.01313
2030,India,IN,HR & recruiting,Business services,Lead / Executive,0.59905,0.00954,0.01092,0.00138,100.13784,0.00197,0.02816
2026,France,FR,HR & recruiting,Business services,Lead / Executive,0.16451,0.00181,0.00127,-0.00054,99.94562,-0.0002,-0.00293
2027,France,FR,HR & recruiting,Business services,Lead / Executive,0.2785,0.00306,0.00237,-0.00069,99.93065,-0.00015,-0.00214
2028,France,FR,HR & recruiting,Business services,Lead / Executive,0.42461,0.00467,0.00418,-0.00049,99.95106,0.0002,0.00292
2029,France,FR,HR & recruiting,Business services,Lead / Executive,0.57419,0.00631,0.00674,0.00042,100.04228,0.00091,0.01303
2030,France,FR,HR & recruiting,Business services,Lead / Executive,0.69594,0.00765,0.00968,0.00202,100.20236,0.0016,0.02287
2026,Brazil,BR,HR & recruiting,Business services,Lead / Executive,0.09137,0.00129,0.00071,-0.00058,99.94226,-0.00026,-0.00367
2027,Brazil,BR,HR & recruiting,Business services,Lead / Executive,0.16352,0.00231,0.00137,-0.00094,99.90611,-0.00036,-0.00516
2028,Brazil,BR,HR & recruiting,Business services,Lead / Executive,0.26903,0.0038,0.00253,-0.00127,99.8729,-0.00033,-0.00474
2029,Brazil,BR,HR & recruiting,Business services,Lead / Executive,0.39586,0.00559,0.00436,-0.00123,99.87653,0.00004,0.00052
2030,Brazil,BR,HR & recruiting,Business services,Lead / Executive,0.51686,0.0073,0.0068,-0.0005,99.94954,0.00073,0.01043
2026,Nigeria,NG,HR & recruiting,Business services,Lead / Executive,0.0536,0.00093,0.00041,-0.00052,99.94788,-0.00023,-0.00331
2027,Nigeria,NG,HR & recruiting,Business services,Lead / Executive,0.09502,0.00166,0.00077,-0.00089,99.91102,-0.00037,-0.00527
2028,Nigeria,NG,HR & recruiting,Business services,Lead / Executive,0.1593,0.00278,0.00139,-0.00139,99.8609,-0.0005,-0.00716
2029,Nigeria,NG,HR & recruiting,Business services,Lead / Executive,0.24627,0.00429,0.0024,-0.0019,99.81036,-0.00051,-0.00722
2030,Nigeria,NG,HR & recruiting,Business services,Lead / Executive,0.34443,0.006,0.00387,-0.00213,99.78656,-0.00024,-0.0034
2026,United States,US,Management consulting,Business services,Entry,0.31272,0.07647,0.00351,-0.07296,92.704,-0.03548,-0.09742
2027,United States,US,Management consulting,Business services,Entry,0.50443,0.12335,0.00705,-0.1163,88.36956,-0.04676,-0.12384
2028,United States,US,Management consulting,Business services,Entry,0.68352,0.16715,0.01237,-0.15478,84.52204,-0.04354,-0.10993
2029,United States,US,Management consulting,Business services,Entry,0.80581,0.19705,0.01826,-0.17879,82.12087,-0.02841,-0.0686
2030,United States,US,Management consulting,Business services,Entry,0.87252,0.21337,0.02293,-0.19044,80.95608,-0.01418,-0.03328
2026,Singapore,SG,Management consulting,Business services,Entry,0.2925,0.07405,0.00286,-0.07119,92.88083,-0.03691,-0.10169
2027,Singapore,SG,Management consulting,Business services,Entry,0.49636,0.12567,0.00612,-0.11955,88.04487,-0.05207,-0.13817
2028,Singapore,SG,Management consulting,Business services,Entry,0.69263,0.17536,0.01138,-0.16398,83.60159,-0.05047,-0.12695
2029,Singapore,SG,Management consulting,Business services,Entry,0.82532,0.20895,0.01749,-0.19146,80.85371,-0.03287,-0.07851
2030,Singapore,SG,Management consulting,Business services,Entry,0.89503,0.2266,0.02238,-0.20422,79.57785,-0.01578,-0.03645
2026,United Kingdom,UK,Management consulting,Business services,Entry,0.22387,0.04983,0.00216,-0.04767,95.23289,-0.02337,-0.06512
2027,United Kingdom,UK,Management consulting,Business services,Entry,0.38281,0.08521,0.00433,-0.08088,91.91209,-0.03487,-0.09488
2028,United Kingdom,UK,Management consulting,Business services,Entry,0.56215,0.12512,0.00789,-0.11723,88.27714,-0.03955,-0.10386
2029,United Kingdom,UK,Management consulting,Business services,Entry,0.71203,0.15848,0.01254,-0.14594,85.40551,-0.03253,-0.08205
2030,United Kingdom,UK,Management consulting,Business services,Entry,0.80894,0.18005,0.01704,-0.16301,83.69895,-0.01998,-0.04876
2026,Canada,CA,Management consulting,Business services,Entry,0.20074,0.04777,0.00191,-0.04586,95.41447,-0.0224,-0.06248
2027,Canada,CA,Management consulting,Business services,Entry,0.34658,0.08247,0.0038,-0.07867,92.13331,-0.03439,-0.09375
2028,Canada,CA,Management consulting,Business services,Entry,0.51964,0.12365,0.00696,-0.11669,88.33092,-0.04127,-0.10864
2029,Canada,CA,Management consulting,Business services,Entry,0.67388,0.16035,0.01123,-0.14912,85.08763,-0.03672,-0.09267
2030,Canada,CA,Management consulting,Business services,Entry,0.78002,0.18561,0.01562,-0.16998,83.00163,-0.02452,-0.0596
2026,United Arab Emirates,AE,Management consulting,Business services,Entry,0.17156,0.03894,0.00156,-0.03738,96.26244,-0.01958,-0.05492
2027,United Arab Emirates,AE,Management consulting,Business services,Entry,0.31516,0.07153,0.00336,-0.06817,93.18252,-0.032,-0.088
2028,United Arab Emirates,AE,Management consulting,Business services,Entry,0.49072,0.11138,0.00659,-0.10479,89.52088,-0.0393,-0.10462
2029,United Arab Emirates,AE,Management consulting,Business services,Entry,0.64406,0.14618,0.01119,-0.135,86.50045,-0.03374,-0.0863
2030,United Arab Emirates,AE,Management consulting,Business services,Entry,0.74334,0.16872,0.01595,-0.15277,84.72299,-0.02055,-0.05078
2026,Australia,AU,Management consulting,Business services,Entry,0.18674,0.04073,0.00171,-0.03903,96.09725,-0.01916,-0.05365
2027,Australia,AU,Management consulting,Business services,Entry,0.32645,0.07121,0.00341,-0.06779,93.22074,-0.02993,-0.08219
2028,Australia,AU,Management consulting,Business services,Entry,0.49683,0.10837,0.00631,-0.10206,89.79394,-0.03676,-0.09791
2029,Australia,AU,Management consulting,Business services,Entry,0.65308,0.14245,0.01033,-0.13213,86.7874,-0.03348,-0.0859
2030,Australia,AU,Management consulting,Business services,Entry,0.7631,0.16645,0.01459,-0.15187,84.81336,-0.02275,-0.0564
2026,Germany,DE,Management consulting,Business services,Entry,0.18062,0.03154,0.0016,-0.02994,97.00579,-0.01384,-0.0389
2027,Germany,DE,Management consulting,Business services,Entry,0.30566,0.05337,0.00302,-0.05035,94.96529,-0.02103,-0.0583
2028,Germany,DE,Management consulting,Business services,Entry,0.46101,0.0805,0.00536,-0.07514,92.48632,-0.0261,-0.07083
2029,Germany,DE,Management consulting,Business services,Entry,0.61255,0.10695,0.00859,-0.09837,90.16329,-0.02512,-0.06637
2030,Germany,DE,Management consulting,Business services,Entry,0.72923,0.12733,0.01215,-0.11517,88.48252,-0.01864,-0.04802
2026,Japan,JP,Management consulting,Business services,Entry,0.16856,0.02731,0.0013,-0.026,97.3997,-0.01209,-0.03406
2027,Japan,JP,Management consulting,Business services,Entry,0.28811,0.04667,0.00248,-0.04419,95.58099,-0.01867,-0.05196
2028,Japan,JP,Management consulting,Business services,Entry,0.44,0.07128,0.00443,-0.06684,93.31569,-0.0237,-0.06472
2029,Japan,JP,Management consulting,Business services,Entry,0.59189,0.09588,0.00719,-0.0887,91.13046,-0.02342,-0.06244
2030,Japan,JP,Management consulting,Business services,Entry,0.71144,0.11525,0.0103,-0.10495,89.50531,-0.01783,-0.04643
2026,India,IN,Management consulting,Business services,Entry,0.12095,0.03157,0.00115,-0.03042,96.95792,-0.01556,-0.04378
2027,India,IN,Management consulting,Business services,Entry,0.22322,0.05826,0.00239,-0.05588,94.41241,-0.02625,-0.07273
2028,India,IN,Management consulting,Business services,Entry,0.36,0.09397,0.00464,-0.08933,91.06707,-0.03543,-0.09558
2029,India,IN,Management consulting,Business services,Entry,0.49678,0.12967,0.00804,-0.12163,87.83703,-0.03547,-0.09229
2030,India,IN,Management consulting,Business services,Entry,0.59905,0.15636,0.01199,-0.14437,85.5629,-0.02589,-0.06498
2026,France,FR,Management consulting,Business services,Entry,0.16451,0.02964,0.00139,-0.02825,97.17529,-0.01292,-0.03634
2027,France,FR,Management consulting,Business services,Entry,0.2785,0.05017,0.0026,-0.04757,95.24291,-0.01989,-0.05521
2028,France,FR,Management consulting,Business services,Entry,0.42461,0.07649,0.00459,-0.0719,92.80964,-0.02555,-0.06952
2029,France,FR,Management consulting,Business services,Entry,0.57419,0.10344,0.0074,-0.09604,90.39561,-0.02601,-0.06897
2030,France,FR,Management consulting,Business services,Entry,0.69594,0.12537,0.01062,-0.11475,88.52505,-0.02069,-0.05344
2026,Brazil,BR,Management consulting,Business services,Entry,0.09137,0.02114,0.00078,-0.02036,97.96409,-0.00967,-0.02732
2027,Brazil,BR,Management consulting,Business services,Entry,0.16352,0.03784,0.0015,-0.03633,96.36662,-0.01631,-0.04564
2028,Brazil,BR,Management consulting,Business services,Entry,0.26903,0.06225,0.00278,-0.05948,94.05239,-0.02401,-0.06612
2029,Brazil,BR,Management consulting,Business services,Entry,0.39586,0.0916,0.00478,-0.08682,91.31814,-0.02907,-0.07812
2030,Brazil,BR,Management consulting,Business services,Entry,0.51686,0.1196,0.00746,-0.11214,88.78584,-0.02773,-0.07235
2026,Nigeria,NG,Management consulting,Business services,Entry,0.0536,0.0153,0.00045,-0.01485,98.51491,-0.00681,-0.01929
2027,Nigeria,NG,Management consulting,Business services,Entry,0.09502,0.02713,0.00084,-0.02629,97.37081,-0.01161,-0.03269
2028,Nigeria,NG,Management consulting,Business services,Entry,0.1593,0.04549,0.00152,-0.04397,95.60335,-0.01815,-0.0505
2029,Nigeria,NG,Management consulting,Business services,Entry,0.24627,0.07032,0.00263,-0.06769,93.23102,-0.02481,-0.06778
2030,Nigeria,NG,Management consulting,Business services,Entry,0.34443,0.09835,0.00425,-0.0941,90.58981,-0.02833,-0.07546
2026,United States,US,Management consulting,Business services,Junior,0.31272,0.04044,0.00528,-0.03516,96.48414,-0.0165,-0.06743
2027,United States,US,Management consulting,Business services,Junior,0.50443,0.06524,0.0106,-0.05463,94.53667,-0.02018,-0.08114
2028,United States,US,Management consulting,Business services,Junior,0.68352,0.0884,0.0186,-0.06979,93.02074,-0.01604,-0.06316
2029,United States,US,Management consulting,Business services,Junior,0.80581,0.10421,0.02746,-0.07675,92.32532,-0.00748,-0.02898
2030,United States,US,Management consulting,Business services,Junior,0.87252,0.11284,0.03448,-0.07836,92.16439,-0.00174,-0.00671
2026,Singapore,SG,Management consulting,Business services,Junior,0.2925,0.03916,0.00431,-0.03486,96.51418,-0.01755,-0.07184
2027,Singapore,SG,Management consulting,Business services,Junior,0.49636,0.06646,0.0092,-0.05726,94.27408,-0.02321,-0.09334
2028,Singapore,SG,Management consulting,Business services,Junior,0.69263,0.09274,0.01711,-0.07563,92.43713,-0.01949,-0.07654
2029,Singapore,SG,Management consulting,Business services,Junior,0.82532,0.1105,0.02631,-0.0842,91.58011,-0.00927,-0.03571
2030,Singapore,SG,Management consulting,Business services,Junior,0.89503,0.11984,0.03366,-0.08618,91.38222,-0.00216,-0.00825
2026,United Kingdom,UK,Management consulting,Business services,Junior,0.22387,0.02635,0.00324,-0.02311,97.68928,-0.01108,-0.0456
2027,United Kingdom,UK,Management consulting,Business services,Junior,0.38281,0.04506,0.00651,-0.03855,96.14461,-0.01581,-0.06436
2028,United Kingdom,UK,Management consulting,Business services,Junior,0.56215,0.06617,0.01187,-0.0543,94.57002,-0.01638,-0.06561
2029,United Kingdom,UK,Management consulting,Business services,Junior,0.71203,0.08381,0.01885,-0.06496,93.50412,-0.01127,-0.04441
2030,United Kingdom,UK,Management consulting,Business services,Junior,0.80894,0.09522,0.02563,-0.06959,93.0408,-0.00496,-0.0193
2026,Canada,CA,Management consulting,Business services,Junior,0.20074,0.02526,0.00287,-0.02239,97.76136,-0.01072,-0.04414
2027,Canada,CA,Management consulting,Business services,Junior,0.34658,0.04361,0.00572,-0.03789,96.21051,-0.01586,-0.06462
2028,Canada,CA,Management consulting,Business services,Junior,0.51964,0.06539,0.01046,-0.05493,94.50726,-0.0177,-0.07097
2029,Canada,CA,Management consulting,Business services,Junior,0.67388,0.0848,0.01689,-0.06792,93.20844,-0.01374,-0.05412
2030,Canada,CA,Management consulting,Business services,Junior,0.78002,0.09816,0.0235,-0.07466,92.53389,-0.00724,-0.02811
2026,United Arab Emirates,AE,Management consulting,Business services,Junior,0.17156,0.02059,0.00235,-0.01824,98.17587,-0.0094,-0.03883
2027,United Arab Emirates,AE,Management consulting,Business services,Junior,0.31516,0.03783,0.00505,-0.03278,96.72198,-0.01481,-0.06058
2028,United Arab Emirates,AE,Management consulting,Business services,Junior,0.49072,0.0589,0.00991,-0.049,95.10047,-0.01676,-0.06756
2029,United Arab Emirates,AE,Management consulting,Business services,Junior,0.64406,0.07731,0.01682,-0.06048,93.95163,-0.01208,-0.04787
2030,United Arab Emirates,AE,Management consulting,Business services,Junior,0.74334,0.08923,0.02398,-0.06524,93.47568,-0.00507,-0.01983
2026,Australia,AU,Management consulting,Business services,Junior,0.18674,0.02154,0.00256,-0.01898,98.10234,-0.00915,-0.03776
2027,Australia,AU,Management consulting,Business services,Junior,0.32645,0.03766,0.00513,-0.03252,96.74765,-0.01381,-0.05645
2028,Australia,AU,Management consulting,Business services,Junior,0.49683,0.05731,0.00949,-0.04782,95.21785,-0.01581,-0.06374
2029,Australia,AU,Management consulting,Business services,Junior,0.65308,0.07534,0.01553,-0.0598,94.01962,-0.01258,-0.04993
2030,Australia,AU,Management consulting,Business services,Junior,0.7631,0.08803,0.02193,-0.06609,93.39074,-0.00669,-0.0262
2026,Germany,DE,Management consulting,Business services,Junior,0.18062,0.01668,0.0024,-0.01428,98.57205,-0.00649,-0.02681
2027,Germany,DE,Management consulting,Business services,Junior,0.30566,0.02822,0.00455,-0.02368,97.63219,-0.00953,-0.03916
2028,Germany,DE,Management consulting,Business services,Junior,0.46101,0.04257,0.00806,-0.03451,96.54892,-0.0111,-0.04514
2029,Germany,DE,Management consulting,Business services,Junior,0.61255,0.05656,0.01292,-0.04365,95.63526,-0.00946,-0.03807
2030,Germany,DE,Management consulting,Business services,Junior,0.72923,0.06734,0.01828,-0.04906,95.09396,-0.00566,-0.02255
2026,Japan,JP,Management consulting,Business services,Junior,0.16856,0.01444,0.00196,-0.01248,98.7518,-0.00572,-0.02366
2027,Japan,JP,Management consulting,Business services,Junior,0.28811,0.02468,0.00373,-0.02095,97.90487,-0.00858,-0.03529
2028,Japan,JP,Management consulting,Business services,Junior,0.44,0.03769,0.00667,-0.03103,96.89724,-0.01029,-0.04198
2029,Japan,JP,Management consulting,Business services,Junior,0.59189,0.05071,0.01081,-0.0399,96.01003,-0.00916,-0.03697
2030,Japan,JP,Management consulting,Business services,Junior,0.71144,0.06095,0.01549,-0.04546,95.45419,-0.00579,-0.02316
2026,India,IN,Management consulting,Business services,Junior,0.12095,0.0167,0.00173,-0.01497,98.50316,-0.00756,-0.03126
2027,India,IN,Management consulting,Business services,Junior,0.22322,0.03081,0.00359,-0.02722,97.27782,-0.01244,-0.05106
2028,India,IN,Management consulting,Business services,Junior,0.36,0.04969,0.00697,-0.04272,95.72791,-0.01593,-0.06458
2029,India,IN,Management consulting,Business services,Junior,0.49678,0.06857,0.01209,-0.05649,94.35139,-0.01438,-0.05735
2030,India,IN,Management consulting,Business services,Junior,0.59905,0.08269,0.01803,-0.06466,93.53418,-0.00866,-0.03405
2026,France,FR,Management consulting,Business services,Junior,0.16451,0.01567,0.00209,-0.01358,98.64159,-0.00612,-0.02529
2027,France,FR,Management consulting,Business services,Junior,0.2785,0.02653,0.00391,-0.02262,97.7378,-0.00916,-0.03766
2028,France,FR,Management consulting,Business services,Junior,0.42461,0.04045,0.0069,-0.03355,96.6448,-0.01118,-0.04554
2029,France,FR,Management consulting,Business services,Junior,0.57419,0.0547,0.01112,-0.04358,95.64186,-0.01038,-0.04179
2030,France,FR,Management consulting,Business services,Junior,0.69594,0.0663,0.01598,-0.05033,94.96729,-0.00705,-0.02811
2026,Brazil,BR,Management consulting,Business services,Junior,0.09137,0.01118,0.00118,-0.01,98.99965,-0.00471,-0.01951
2027,Brazil,BR,Management consulting,Business services,Junior,0.16352,0.02001,0.00226,-0.01775,98.22522,-0.00782,-0.03227
2028,Brazil,BR,Management consulting,Business services,Junior,0.26903,0.03292,0.00417,-0.02875,97.12531,-0.0112,-0.04583
2029,Brazil,BR,Management consulting,Business services,Junior,0.39586,0.04844,0.00719,-0.04125,95.87496,-0.01287,-0.0521
2030,Brazil,BR,Management consulting,Business services,Junior,0.51686,0.06325,0.01122,-0.05203,94.79687,-0.01124,-0.04492
2026,Nigeria,NG,Management consulting,Business services,Junior,0.0536,0.00809,0.00068,-0.00741,99.25881,-0.00338,-0.01401
2027,Nigeria,NG,Management consulting,Business services,Junior,0.09502,0.01435,0.00127,-0.01308,98.69159,-0.00571,-0.02363
2028,Nigeria,NG,Management consulting,Business services,Junior,0.1593,0.02406,0.00229,-0.02177,97.82315,-0.0088,-0.03619
2029,Nigeria,NG,Management consulting,Business services,Junior,0.24627,0.03719,0.00396,-0.03323,96.6767,-0.01172,-0.04777
2030,Nigeria,NG,Management consulting,Business services,Junior,0.34443,0.05201,0.00639,-0.04562,95.43756,-0.01282,-0.05163
2026,United States,US,Management consulting,Business services,Mid,0.31272,0.01544,0.00604,-0.0094,99.05974,-0.00403,-0.02505
2027,United States,US,Management consulting,Business services,Mid,0.50443,0.02491,0.01212,-0.01279,98.72086,-0.00342,-0.02118
2028,United States,US,Management consulting,Business services,Mid,0.68352,0.03375,0.02126,-0.01249,98.75104,0.00031,0.00189
2029,United States,US,Management consulting,Business services,Mid,0.80581,0.03979,0.03139,-0.0084,99.15978,0.00414,0.02555
2030,United States,US,Management consulting,Business services,Mid,0.87252,0.04308,0.03941,-0.00368,99.6325,0.00477,0.02955
2026,Singapore,SG,Management consulting,Business services,Mid,0.2925,0.01495,0.00492,-0.01003,98.99669,-0.00475,-0.02953
2027,Singapore,SG,Management consulting,Business services,Mid,0.49636,0.02538,0.01051,-0.01486,98.51393,-0.00488,-0.03017
2028,Singapore,SG,Management consulting,Business services,Mid,0.69263,0.03541,0.01956,-0.01585,98.41455,-0.00101,-0.00621
2029,Singapore,SG,Management consulting,Business services,Mid,0.82532,0.04219,0.03006,-0.01213,98.78712,0.00379,0.02329
2030,Singapore,SG,Management consulting,Business services,Mid,0.89503,0.04576,0.03847,-0.00729,99.27128,0.0049,0.03026
2026,United Kingdom,UK,Management consulting,Business services,Mid,0.22387,0.01006,0.00371,-0.00635,99.36463,-0.00289,-0.01798
2027,United Kingdom,UK,Management consulting,Business services,Mid,0.38281,0.0172,0.00744,-0.00977,99.02313,-0.00344,-0.02134
2028,United Kingdom,UK,Management consulting,Business services,Mid,0.56215,0.02526,0.01357,-0.0117,98.83011,-0.00195,-0.01206
2029,United Kingdom,UK,Management consulting,Business services,Mid,0.71203,0.032,0.02155,-0.01045,98.95456,0.00126,0.00778
2030,United Kingdom,UK,Management consulting,Business services,Mid,0.80894,0.03636,0.02929,-0.00707,99.29319,0.00342,0.02116
2026,Canada,CA,Management consulting,Business services,Mid,0.20074,0.00965,0.00329,-0.00636,99.36404,-0.00292,-0.01817
2027,Canada,CA,Management consulting,Business services,Mid,0.34658,0.01665,0.00654,-0.01012,98.98833,-0.00378,-0.02348
2028,Canada,CA,Management consulting,Business services,Mid,0.51964,0.02497,0.01196,-0.01301,98.69909,-0.00292,-0.01808
2029,Canada,CA,Management consulting,Business services,Mid,0.67388,0.03238,0.0193,-0.01308,98.69194,-0.00007,-0.00045
2030,Canada,CA,Management consulting,Business services,Mid,0.78002,0.03748,0.02685,-0.01063,98.93749,0.00249,0.01535
2026,United Arab Emirates,AE,Management consulting,Business services,Mid,0.17156,0.00786,0.00269,-0.00518,99.48249,-0.00257,-0.01602
2027,United Arab Emirates,AE,Management consulting,Business services,Mid,0.31516,0.01444,0.00577,-0.00867,99.13267,-0.00352,-0.02186
2028,United Arab Emirates,AE,Management consulting,Business services,Mid,0.49072,0.02249,0.01132,-0.01117,98.88321,-0.00252,-0.01559
2029,United Arab Emirates,AE,Management consulting,Business services,Mid,0.64406,0.02952,0.01923,-0.01029,98.97102,0.00089,0.00549
2030,United Arab Emirates,AE,Management consulting,Business services,Mid,0.74334,0.03407,0.02741,-0.00666,99.33401,0.00367,0.02269
2026,Australia,AU,Management consulting,Business services,Mid,0.18674,0.00822,0.00293,-0.00529,99.47064,-0.00245,-0.01526
2027,Australia,AU,Management consulting,Business services,Mid,0.32645,0.01438,0.00587,-0.00851,99.14887,-0.00323,-0.02011
2028,Australia,AU,Management consulting,Business services,Mid,0.49683,0.02188,0.01085,-0.01104,98.89631,-0.00255,-0.01578
2029,Australia,AU,Management consulting,Business services,Mid,0.65308,0.02876,0.01775,-0.01101,98.89866,0.00002,0.00015
2030,Australia,AU,Management consulting,Business services,Mid,0.7631,0.03361,0.02507,-0.00854,99.14578,0.0025,0.01544
2026,Germany,DE,Management consulting,Business services,Mid,0.18062,0.00637,0.00274,-0.00363,99.63734,-0.00156,-0.00974
2027,Germany,DE,Management consulting,Business services,Mid,0.30566,0.01078,0.0052,-0.00558,99.44194,-0.00196,-0.01221
2028,Germany,DE,Management consulting,Business services,Mid,0.46101,0.01625,0.00921,-0.00704,99.29563,-0.00147,-0.00914
2029,Germany,DE,Management consulting,Business services,Mid,0.61255,0.0216,0.01476,-0.00684,99.31637,0.00021,0.0013
2030,Germany,DE,Management consulting,Business services,Mid,0.72923,0.02571,0.02089,-0.00482,99.51767,0.00203,0.01258
2026,Japan,JP,Management consulting,Business services,Mid,0.16856,0.00551,0.00224,-0.00328,99.67245,-0.00143,-0.00895
2027,Japan,JP,Management consulting,Business services,Mid,0.28811,0.00942,0.00426,-0.00516,99.48392,-0.00189,-0.01178
2028,Japan,JP,Management consulting,Business services,Mid,0.44,0.01439,0.00762,-0.00677,99.32264,-0.00162,-0.01008
2029,Japan,JP,Management consulting,Business services,Mid,0.59189,0.01936,0.01235,-0.00701,99.29899,-0.00024,-0.00148
2030,Japan,JP,Management consulting,Business services,Mid,0.71144,0.02327,0.0177,-0.00557,99.44315,0.00145,0.00901
2026,India,IN,Management consulting,Business services,Mid,0.12095,0.00637,0.00197,-0.0044,99.55988,-0.00217,-0.0135
2027,India,IN,Management consulting,Business services,Mid,0.22322,0.01176,0.0041,-0.00766,99.23388,-0.00327,-0.02038
2028,India,IN,Management consulting,Business services,Mid,0.36,0.01897,0.00797,-0.01101,98.89946,-0.00337,-0.0209
2029,India,IN,Management consulting,Business services,Mid,0.49678,0.02618,0.01381,-0.01237,98.7632,-0.00138,-0.00852
2030,India,IN,Management consulting,Business services,Mid,0.59905,0.03157,0.02061,-0.01096,98.90363,0.00142,0.00878
2026,France,FR,Management consulting,Business services,Mid,0.16451,0.00598,0.00239,-0.0036,99.6403,-0.00155,-0.00968
2027,France,FR,Management consulting,Business services,Mid,0.2785,0.01013,0.00447,-0.00566,99.4339,-0.00207,-0.0129
2028,France,FR,Management consulting,Business services,Mid,0.42461,0.01545,0.00789,-0.00756,99.24408,-0.00191,-0.01186
2029,France,FR,Management consulting,Business services,Mid,0.57419,0.02089,0.01271,-0.00818,99.18241,-0.00062,-0.00385
2030,France,FR,Management consulting,Business services,Mid,0.69594,0.02532,0.01826,-0.00706,99.29421,0.00113,0.00699
2026,Brazil,BR,Management consulting,Business services,Mid,0.09137,0.00427,0.00135,-0.00292,99.70764,-0.00135,-0.00842
2027,Brazil,BR,Management consulting,Business services,Mid,0.16352,0.00764,0.00259,-0.00505,99.49458,-0.00214,-0.01332
2028,Brazil,BR,Management consulting,Business services,Mid,0.26903,0.01257,0.00477,-0.0078,99.22012,-0.00276,-0.01715
2029,Brazil,BR,Management consulting,Business services,Mid,0.39586,0.0185,0.00822,-0.01028,98.97237,-0.0025,-0.01548
2030,Brazil,BR,Management consulting,Business services,Mid,0.51686,0.02415,0.01282,-0.01133,98.86721,-0.00106,-0.00657
2026,Nigeria,NG,Management consulting,Business services,Mid,0.0536,0.00309,0.00078,-0.00231,99.76888,-0.00104,-0.00651
2027,Nigeria,NG,Management consulting,Business services,Mid,0.09502,0.00548,0.00145,-0.00403,99.59671,-0.00173,-0.01076
2028,Nigeria,NG,Management consulting,Business services,Mid,0.1593,0.00918,0.00261,-0.00657,99.34291,-0.00255,-0.01586
2029,Nigeria,NG,Management consulting,Business services,Mid,0.24627,0.0142,0.00452,-0.00968,99.03212,-0.00313,-0.01942
2030,Nigeria,NG,Management consulting,Business services,Mid,0.34443,0.01986,0.0073,-0.01256,98.74406,-0.00291,-0.018
2026,United States,US,Management consulting,Business services,Senior,0.31272,0.00708,0.0051,-0.00198,99.80181,-0.00058,-0.00527
2027,United States,US,Management consulting,Business services,Senior,0.50443,0.01142,0.01022,-0.00119,99.88072,0.00079,0.00717
2028,United States,US,Management consulting,Business services,Senior,0.68352,0.01547,0.01794,0.00247,100.24702,0.00367,0.0333
2029,United States,US,Management consulting,Business services,Senior,0.80581,0.01824,0.02648,0.00825,100.82462,0.00576,0.05251
2030,United States,US,Management consulting,Business services,Senior,0.87252,0.01975,0.03325,0.0135,101.35045,0.00522,0.0478
2026,Singapore,SG,Management consulting,Business services,Senior,0.2925,0.00685,0.00415,-0.0027,99.72978,-0.00109,-0.00992
2027,Singapore,SG,Management consulting,Business services,Senior,0.49636,0.01163,0.00887,-0.00276,99.72414,-0.00006,-0.00051
2028,Singapore,SG,Management consulting,Business services,Senior,0.69263,0.01623,0.0165,0.00027,100.02702,0.00304,0.02753
2029,Singapore,SG,Management consulting,Business services,Senior,0.82532,0.01934,0.02537,0.00603,100.60282,0.00576,0.05235
2030,Singapore,SG,Management consulting,Business services,Senior,0.89503,0.02097,0.03246,0.01149,101.14868,0.00543,0.04962
2026,United Kingdom,UK,Management consulting,Business services,Senior,0.22387,0.00461,0.00313,-0.00148,99.85169,-0.00057,-0.00514
2027,United Kingdom,UK,Management consulting,Business services,Senior,0.38281,0.00789,0.00627,-0.00161,99.83887,-0.00013,-0.00117
2028,United Kingdom,UK,Management consulting,Business services,Senior,0.56215,0.01158,0.01145,-0.00013,99.98666,0.00148,0.01344
2029,United Kingdom,UK,Management consulting,Business services,Senior,0.71203,0.01467,0.01818,0.00351,100.35128,0.00365,0.03315
2030,United Kingdom,UK,Management consulting,Business services,Senior,0.80894,0.01666,0.02471,0.00805,100.80486,0.00452,0.04123
2026,Canada,CA,Management consulting,Business services,Senior,0.20074,0.00442,0.00277,-0.00165,99.83515,-0.00067,-0.00612
2027,Canada,CA,Management consulting,Business services,Senior,0.34658,0.00763,0.00551,-0.00212,99.78822,-0.00047,-0.00427
2028,Canada,CA,Management consulting,Business services,Senior,0.51964,0.01144,0.01009,-0.00135,99.86465,0.00077,0.00695
2029,Canada,CA,Management consulting,Business services,Senior,0.67388,0.01484,0.01628,0.00144,100.14425,0.0028,0.02542
2030,Canada,CA,Management consulting,Business services,Senior,0.78002,0.01718,0.02266,0.00548,100.54799,0.00403,0.0367
2026,United Arab Emirates,AE,Management consulting,Business services,Senior,0.17156,0.0036,0.00227,-0.00134,99.86639,-0.0006,-0.00545
2027,United Arab Emirates,AE,Management consulting,Business services,Senior,0.31516,0.00662,0.00487,-0.00175,99.82488,-0.00042,-0.00377
2028,United Arab Emirates,AE,Management consulting,Business services,Senior,0.49072,0.01031,0.00955,-0.00075,99.92451,0.001,0.00906
2029,United Arab Emirates,AE,Management consulting,Business services,Senior,0.64406,0.01353,0.01622,0.00269,100.26946,0.00345,0.03136
2030,United Arab Emirates,AE,Management consulting,Business services,Senior,0.74334,0.01561,0.02313,0.00751,100.7511,0.0048,0.04379
2026,Australia,AU,Management consulting,Business services,Senior,0.18674,0.00377,0.00247,-0.0013,99.87035,-0.00053,-0.00481
2027,Australia,AU,Management consulting,Business services,Senior,0.32645,0.00659,0.00495,-0.00164,99.83602,-0.00034,-0.00312
2028,Australia,AU,Management consulting,Business services,Senior,0.49683,0.01003,0.00915,-0.00088,99.91215,0.00076,0.00692
2029,Australia,AU,Management consulting,Business services,Senior,0.65308,0.01318,0.01498,0.00179,100.17939,0.00267,0.02429
2030,Australia,AU,Management consulting,Business services,Senior,0.7631,0.0154,0.02115,0.00575,100.57465,0.00395,0.03593
2026,Germany,DE,Management consulting,Business services,Senior,0.18062,0.00292,0.00231,-0.00061,99.93944,-0.00019,-0.00176
2027,Germany,DE,Management consulting,Business services,Senior,0.30566,0.00494,0.00438,-0.00056,99.94449,0.00005,0.00046
2028,Germany,DE,Management consulting,Business services,Senior,0.46101,0.00745,0.00777,0.00032,100.03214,0.00088,0.00797
2029,Germany,DE,Management consulting,Business services,Senior,0.61255,0.0099,0.01245,0.00256,100.25555,0.00223,0.02031
2030,Germany,DE,Management consulting,Business services,Senior,0.72923,0.01178,0.01762,0.00584,100.58395,0.00328,0.02985
2026,Japan,JP,Management consulting,Business services,Senior,0.16856,0.00253,0.00189,-0.00064,99.93613,-0.00023,-0.00209
2027,Japan,JP,Management consulting,Business services,Senior,0.28811,0.00432,0.0036,-0.00072,99.92777,-0.00008,-0.00076
2028,Japan,JP,Management consulting,Business services,Senior,0.44,0.0066,0.00643,-0.00017,99.98318,0.00055,0.00504
2029,Japan,JP,Management consulting,Business services,Senior,0.59189,0.00887,0.01042,0.00155,100.15471,0.00172,0.01559
2030,Japan,JP,Management consulting,Business services,Senior,0.71144,0.01067,0.01494,0.00427,100.42705,0.00272,0.02476
2026,India,IN,Management consulting,Business services,Senior,0.12095,0.00292,0.00167,-0.00126,99.87434,-0.00058,-0.0053
2027,India,IN,Management consulting,Business services,Senior,0.22322,0.00539,0.00346,-0.00193,99.80701,-0.00067,-0.00612
2028,India,IN,Management consulting,Business services,Senior,0.36,0.0087,0.00672,-0.00197,99.8027,-0.00004,-0.00039
2029,India,IN,Management consulting,Business services,Senior,0.49678,0.012,0.01166,-0.00034,99.96558,0.00163,0.01481
2030,India,IN,Management consulting,Business services,Senior,0.59905,0.01447,0.01739,0.00292,100.29182,0.00326,0.02966
2026,France,FR,Management consulting,Business services,Senior,0.16451,0.00274,0.00201,-0.00073,99.92714,-0.00026,-0.0024
2027,France,FR,Management consulting,Business services,Senior,0.2785,0.00464,0.00377,-0.00087,99.91281,-0.00014,-0.0013
2028,France,FR,Management consulting,Business services,Senior,0.42461,0.00708,0.00665,-0.00043,99.95748,0.00045,0.00406
2029,France,FR,Management consulting,Business services,Senior,0.57419,0.00957,0.01072,0.00115,100.11517,0.00158,0.01434
2030,France,FR,Management consulting,Business services,Senior,0.69594,0.0116,0.0154,0.0038,100.38019,0.00265,0.02409
2026,Brazil,BR,Management consulting,Business services,Senior,0.09137,0.00196,0.00114,-0.00082,99.91786,-0.00036,-0.0033
2027,Brazil,BR,Management consulting,Business services,Senior,0.16352,0.0035,0.00218,-0.00132,99.86803,-0.0005,-0.00453
2028,Brazil,BR,Management consulting,Business services,Senior,0.26903,0.00576,0.00403,-0.00174,99.82645,-0.00042,-0.00378
2029,Brazil,BR,Management consulting,Business services,Senior,0.39586,0.00848,0.00694,-0.00154,99.84582,0.00019,0.00176
2030,Brazil,BR,Management consulting,Business services,Senior,0.51686,0.01107,0.01082,-0.00025,99.97501,0.00129,0.01174
2026,Nigeria,NG,Management consulting,Business services,Senior,0.0536,0.00142,0.00066,-0.00076,99.9241,-0.00034,-0.00306
2027,Nigeria,NG,Management consulting,Business services,Senior,0.09502,0.00251,0.00122,-0.00129,99.87089,-0.00053,-0.00484
2028,Nigeria,NG,Management consulting,Business services,Senior,0.1593,0.00421,0.00221,-0.002,99.79958,-0.00071,-0.00648
2029,Nigeria,NG,Management consulting,Business services,Senior,0.24627,0.00651,0.00381,-0.00269,99.73061,-0.00069,-0.00627
2030,Nigeria,NG,Management consulting,Business services,Senior,0.34443,0.0091,0.00616,-0.00294,99.70569,-0.00025,-0.00227
2026,United States,US,Management consulting,Business services,Lead / Executive,0.31272,0.00349,0.00391,0.00042,100.04189,0.00047,0.00669
2027,United States,US,Management consulting,Business services,Lead / Executive,0.50443,0.00563,0.00785,0.00221,100.22143,0.00179,0.02565
2028,United States,US,Management consulting,Business services,Lead / Executive,0.68352,0.00763,0.01377,0.00614,100.61376,0.00391,0.05605
2029,United States,US,Management consulting,Business services,Lead / Executive,0.80581,0.009,0.02033,0.01133,101.13304,0.00516,0.07418
2030,United States,US,Management consulting,Business services,Lead / Executive,0.87252,0.00975,0.02553,0.01578,101.5781,0.0044,0.06358
2026,Singapore,SG,Management consulting,Business services,Lead / Executive,0.2925,0.00338,0.00319,-0.0002,99.98046,0.00011,0.00153
2027,Singapore,SG,Management consulting,Business services,Lead / Executive,0.49636,0.00574,0.00681,0.00107,100.1071,0.00127,0.01809
2028,Singapore,SG,Management consulting,Business services,Lead / Executive,0.69263,0.00801,0.01267,0.00466,100.4657,0.00358,0.05123
2029,Singapore,SG,Management consulting,Business services,Lead / Executive,0.82532,0.00954,0.01947,0.00993,100.99297,0.00525,0.07532
2030,Singapore,SG,Management consulting,Business services,Lead / Executive,0.89503,0.01035,0.02492,0.01457,101.4568,0.00459,0.06626
2026,United Kingdom,UK,Management consulting,Business services,Lead / Executive,0.22387,0.00228,0.0024,0.00013,100.01258,0.00017,0.00248
2027,United Kingdom,UK,Management consulting,Business services,Lead / Executive,0.38281,0.00389,0.00482,0.00093,100.09251,0.0008,0.01142
2028,United Kingdom,UK,Management consulting,Business services,Lead / Executive,0.56215,0.00571,0.00879,0.00307,100.30724,0.00215,0.03068
2029,United Kingdom,UK,Management consulting,Business services,Lead / Executive,0.71203,0.00724,0.01396,0.00672,100.6718,0.00363,0.05208
2030,United Kingdom,UK,Management consulting,Business services,Lead / Executive,0.80894,0.00822,0.01897,0.01075,101.07474,0.004,0.05756
2026,Canada,CA,Management consulting,Business services,Lead / Executive,0.20074,0.00218,0.00213,-0.00005,99.99465,0.00006,0.0009
2027,Canada,CA,Management consulting,Business services,Lead / Executive,0.34658,0.00377,0.00423,0.00047,100.04668,0.00052,0.00743
2028,Canada,CA,Management consulting,Business services,Lead / Executive,0.51964,0.00565,0.00775,0.0021,100.20984,0.00163,0.02331
2029,Canada,CA,Management consulting,Business services,Lead / Executive,0.67388,0.00732,0.0125,0.00518,100.51761,0.00307,0.04397
2030,Canada,CA,Management consulting,Business services,Lead / Executive,0.78002,0.00848,0.01739,0.00892,100.89164,0.00372,0.05343
2026,United Arab Emirates,AE,Management consulting,Business services,Lead / Executive,0.17156,0.00178,0.00174,-0.00004,99.99624,0.00005,0.00071
2027,United Arab Emirates,AE,Management consulting,Business services,Lead / Executive,0.31516,0.00327,0.00374,0.00047,100.04707,0.00051,0.00726
2028,United Arab Emirates,AE,Management consulting,Business services,Lead / Executive,0.49072,0.00509,0.00733,0.00225,100.22466,0.00178,0.02537
2029,United Arab Emirates,AE,Management consulting,Business services,Lead / Executive,0.64406,0.00668,0.01245,0.00578,100.57778,0.00352,0.05045
2030,United Arab Emirates,AE,Management consulting,Business services,Lead / Executive,0.74334,0.00771,0.01775,0.01005,101.0047,0.00424,0.06099
2026,Australia,AU,Management consulting,Business services,Lead / Executive,0.18674,0.00186,0.0019,0.00004,100.00383,0.00009,0.00132
2027,Australia,AU,Management consulting,Business services,Lead / Executive,0.32645,0.00325,0.0038,0.00055,100.05479,0.00051,0.00728
2028,Australia,AU,Management consulting,Business services,Lead / Executive,0.49683,0.00495,0.00703,0.00208,100.20754,0.00153,0.02182
2029,Australia,AU,Management consulting,Business services,Lead / Executive,0.65308,0.00651,0.0115,0.00499,100.49917,0.00291,0.04166
2030,Australia,AU,Management consulting,Business services,Lead / Executive,0.7631,0.0076,0.01624,0.00863,100.8635,0.00363,0.05205
2026,Germany,DE,Management consulting,Business services,Lead / Executive,0.18062,0.00144,0.00178,0.00034,100.03353,0.00022,0.0031
2027,Germany,DE,Management consulting,Business services,Lead / Executive,0.30566,0.00244,0.00337,0.00093,100.09281,0.00059,0.00847
2028,Germany,DE,Management consulting,Business services,Lead / Executive,0.46101,0.00368,0.00597,0.00229,100.22892,0.00136,0.01944
2029,Germany,DE,Management consulting,Business services,Lead / Executive,0.61255,0.00488,0.00956,0.00468,100.46757,0.00238,0.03409
2030,Germany,DE,Management consulting,Business services,Lead / Executive,0.72923,0.00582,0.01353,0.00771,100.77136,0.00302,0.0434
2026,Japan,JP,Management consulting,Business services,Lead / Executive,0.16856,0.00125,0.00145,0.0002,100.02025,0.00014,0.00203
2027,Japan,JP,Management consulting,Business services,Lead / Executive,0.28811,0.00213,0.00276,0.00063,100.06297,0.00043,0.0061
2028,Japan,JP,Management consulting,Business services,Lead / Executive,0.44,0.00326,0.00493,0.00168,100.16794,0.00105,0.015
2029,Japan,JP,Management consulting,Business services,Lead / Executive,0.59189,0.00438,0.008,0.00362,100.36206,0.00194,0.02773
2030,Japan,JP,Management consulting,Business services,Lead / Executive,0.71144,0.00526,0.01147,0.0062,100.62027,0.00257,0.03689
2026,India,IN,Management consulting,Business services,Lead / Executive,0.12095,0.00144,0.00128,-0.00016,99.98363,-0.00004,-0.00061
2027,India,IN,Management consulting,Business services,Lead / Executive,0.22322,0.00266,0.00266,0,99.99969,0.00016,0.00229
2028,India,IN,Management consulting,Business services,Lead / Executive,0.36,0.00429,0.00516,0.00087,100.08696,0.00087,0.01247
2029,India,IN,Management consulting,Business services,Lead / Executive,0.49678,0.00592,0.00895,0.00303,100.3026,0.00215,0.0308
2030,India,IN,Management consulting,Business services,Lead / Executive,0.59905,0.00714,0.01335,0.00621,100.62077,0.00317,0.04545
2026,France,FR,Management consulting,Business services,Lead / Executive,0.16451,0.00135,0.00155,0.00019,100.01927,0.00014,0.00196
2027,France,FR,Management consulting,Business services,Lead / Executive,0.2785,0.00229,0.0029,0.0006,100.06037,0.00041,0.00587
2028,France,FR,Management consulting,Business services,Lead / Executive,0.42461,0.00349,0.00511,0.00161,100.16145,0.00101,0.01444
2029,France,FR,Management consulting,Business services,Lead / Executive,0.57419,0.00472,0.00823,0.00351,100.35088,0.00189,0.02706
2030,France,FR,Management consulting,Business services,Lead / Executive,0.69594,0.00573,0.01183,0.0061,100.60998,0.00258,0.03701
2026,Brazil,BR,Management consulting,Business services,Lead / Executive,0.09137,0.00097,0.00087,-0.00009,99.99059,-0.00003,-0.00037
2027,Brazil,BR,Management consulting,Business services,Lead / Executive,0.16352,0.00173,0.00168,-0.00005,99.9947,0.00004,0.00059
2028,Brazil,BR,Management consulting,Business services,Lead / Executive,0.26903,0.00284,0.00309,0.00025,100.02473,0.0003,0.00429
2029,Brazil,BR,Management consulting,Business services,Lead / Executive,0.39586,0.00418,0.00532,0.00114,100.11406,0.00089,0.01276
2030,Brazil,BR,Management consulting,Business services,Lead / Executive,0.51686,0.00546,0.00831,0.00284,100.28429,0.0017,0.02432
2026,Nigeria,NG,Management consulting,Business services,Lead / Executive,0.0536,0.0007,0.0005,-0.00019,99.98056,-0.00008,-0.00116
2027,Nigeria,NG,Management consulting,Business services,Lead / Executive,0.09502,0.00124,0.00094,-0.0003,99.96973,-0.00011,-0.00155
2028,Nigeria,NG,Management consulting,Business services,Lead / Executive,0.1593,0.00208,0.00169,-0.00038,99.96156,-0.00008,-0.00117
2029,Nigeria,NG,Management consulting,Business services,Lead / Executive,0.24627,0.00321,0.00293,-0.00028,99.97163,0.0001,0.00144
2030,Nigeria,NG,Management consulting,Business services,Lead / Executive,0.34443,0.00449,0.00473,0.00024,100.02362,0.00052,0.00743
2026,United States,US,Sales (inside / B2B),Business services,Entry,0.31272,0.07908,0.00371,-0.07537,92.46268,-0.03669,-0.10063
2027,United States,US,Sales (inside / B2B),Business services,Entry,0.50443,0.12756,0.00744,-0.12012,87.98795,-0.0484,-0.12785
2028,United States,US,Sales (inside / B2B),Business services,Entry,0.68352,0.17285,0.01305,-0.1598,84.02049,-0.04509,-0.11336
2029,United States,US,Sales (inside / B2B),Business services,Entry,0.80581,0.20377,0.01927,-0.1845,81.54989,-0.0294,-0.07059
2030,United States,US,Sales (inside / B2B),Business services,Entry,0.87252,0.22064,0.02419,-0.19645,80.35525,-0.01465,-0.03413
2026,Singapore,SG,Sales (inside / B2B),Business services,Entry,0.2925,0.07658,0.00302,-0.07356,92.64417,-0.03818,-0.10506
2027,Singapore,SG,Sales (inside / B2B),Business services,Entry,0.49636,0.12995,0.00646,-0.1235,87.65021,-0.0539,-0.14268
2028,Singapore,SG,Sales (inside / B2B),Business services,Entry,0.69263,0.18134,0.01201,-0.16933,83.06656,-0.05229,-0.13096
2029,Singapore,SG,Sales (inside / B2B),Business services,Entry,0.82532,0.21608,0.01846,-0.19762,80.23791,-0.03405,-0.08082
2030,Singapore,SG,Sales (inside / B2B),Business services,Entry,0.89503,0.23433,0.02362,-0.21071,78.92888,-0.01631,-0.0374
2026,United Kingdom,UK,Sales (inside / B2B),Business services,Entry,0.22387,0.05153,0.00228,-0.04925,95.07493,-0.02417,-0.06727
2027,United Kingdom,UK,Sales (inside / B2B),Business services,Entry,0.38281,0.08811,0.00457,-0.08355,91.6455,-0.03607,-0.09798
2028,United Kingdom,UK,Sales (inside / B2B),Business services,Entry,0.56215,0.12939,0.00833,-0.12106,87.89415,-0.04093,-0.10718
2029,United Kingdom,UK,Sales (inside / B2B),Business services,Entry,0.71203,0.16388,0.01323,-0.15066,84.93443,-0.03367,-0.08456
2030,United Kingdom,UK,Sales (inside / B2B),Business services,Entry,0.80894,0.18619,0.01798,-0.16821,83.1792,-0.02067,-0.05015
2026,Canada,CA,Sales (inside / B2B),Business services,Entry,0.20074,0.0494,0.00202,-0.04738,95.26218,-0.02317,-0.06455
2027,Canada,CA,Sales (inside / B2B),Business services,Entry,0.34658,0.08528,0.00401,-0.08127,91.87315,-0.03558,-0.09683
2028,Canada,CA,Sales (inside / B2B),Business services,Entry,0.51964,0.12786,0.00734,-0.12052,87.94779,-0.04273,-0.11215
2029,Canada,CA,Sales (inside / B2B),Business services,Entry,0.67388,0.16582,0.01185,-0.15397,84.60295,-0.03803,-0.09557
2030,Canada,CA,Sales (inside / B2B),Business services,Entry,0.78002,0.19193,0.01649,-0.17545,82.45511,-0.02539,-0.06137
2026,United Arab Emirates,AE,Sales (inside / B2B),Business services,Entry,0.17156,0.04027,0.00165,-0.03862,96.13832,-0.02024,-0.05674
2027,United Arab Emirates,AE,Sales (inside / B2B),Business services,Entry,0.31516,0.07397,0.00354,-0.07043,92.95719,-0.03309,-0.09089
2028,United Arab Emirates,AE,Sales (inside / B2B),Business services,Entry,0.49072,0.11518,0.00695,-0.10822,89.17754,-0.04066,-0.10799
2029,United Arab Emirates,AE,Sales (inside / B2B),Business services,Entry,0.64406,0.15117,0.0118,-0.13936,86.06385,-0.03492,-0.08896
2030,United Arab Emirates,AE,Sales (inside / B2B),Business services,Entry,0.74334,0.17447,0.01683,-0.15764,84.23584,-0.02124,-0.05223
2026,Australia,AU,Sales (inside / B2B),Business services,Entry,0.18674,0.04212,0.0018,-0.04032,95.9678,-0.01981,-0.05542
2027,Australia,AU,Sales (inside / B2B),Business services,Entry,0.32645,0.07363,0.0036,-0.07003,92.99684,-0.03096,-0.08488
2028,Australia,AU,Sales (inside / B2B),Business services,Entry,0.49683,0.11207,0.00666,-0.10541,89.45932,-0.03804,-0.10107
2029,Australia,AU,Sales (inside / B2B),Business services,Entry,0.65308,0.14731,0.0109,-0.13641,86.35877,-0.03466,-0.08859
2030,Australia,AU,Sales (inside / B2B),Business services,Entry,0.7631,0.17213,0.01539,-0.15674,84.32641,-0.02353,-0.05807
2026,Germany,DE,Sales (inside / B2B),Business services,Entry,0.18062,0.03261,0.00168,-0.03093,96.90708,-0.0143,-0.04018
2027,Germany,DE,Sales (inside / B2B),Business services,Entry,0.30566,0.05519,0.00319,-0.052,94.80004,-0.02174,-0.0602
2028,Germany,DE,Sales (inside / B2B),Business services,Entry,0.46101,0.08324,0.00565,-0.07759,92.24148,-0.02699,-0.0731
2029,Germany,DE,Sales (inside / B2B),Business services,Entry,0.61255,0.1106,0.00906,-0.10154,89.84607,-0.02597,-0.06844
2030,Germany,DE,Sales (inside / B2B),Business services,Entry,0.72923,0.13167,0.01282,-0.11884,88.11552,-0.01926,-0.04944
2026,Japan,JP,Sales (inside / B2B),Business services,Entry,0.16856,0.02824,0.00137,-0.02686,97.3138,-0.0125,-0.03519
2027,Japan,JP,Sales (inside / B2B),Business services,Entry,0.28811,0.04826,0.00262,-0.04564,95.43558,-0.0193,-0.05366
2028,Japan,JP,Sales (inside / B2B),Business services,Entry,0.44,0.07371,0.00468,-0.06903,93.09717,-0.0245,-0.06681
2029,Japan,JP,Sales (inside / B2B),Business services,Entry,0.59189,0.09915,0.00758,-0.09157,90.84325,-0.02421,-0.0644
2030,Japan,JP,Sales (inside / B2B),Business services,Entry,0.71144,0.11918,0.01087,-0.10831,89.16927,-0.01843,-0.04783
2026,India,IN,Sales (inside / B2B),Business services,Entry,0.12095,0.03265,0.00121,-0.03143,96.85664,-0.01608,-0.04523
2027,India,IN,Sales (inside / B2B),Business services,Entry,0.22322,0.06025,0.00252,-0.05773,94.22696,-0.02715,-0.07513
2028,India,IN,Sales (inside / B2B),Business services,Entry,0.36,0.09717,0.00489,-0.09228,90.77232,-0.03666,-0.0987
2029,India,IN,Sales (inside / B2B),Business services,Entry,0.49678,0.13409,0.00848,-0.12561,87.43934,-0.03672,-0.09523
2030,India,IN,Sales (inside / B2B),Business services,Entry,0.59905,0.16169,0.01265,-0.14904,85.09603,-0.0268,-0.06695
2026,France,FR,Sales (inside / B2B),Business services,Entry,0.16451,0.03065,0.00147,-0.02918,97.08192,-0.01335,-0.03754
2027,France,FR,Sales (inside / B2B),Business services,Entry,0.2785,0.05188,0.00274,-0.04914,95.08622,-0.02056,-0.05702
2028,France,FR,Sales (inside / B2B),Business services,Entry,0.42461,0.0791,0.00484,-0.07426,92.5742,-0.02642,-0.07177
2029,France,FR,Sales (inside / B2B),Business services,Entry,0.57419,0.10697,0.0078,-0.09916,90.0838,-0.0269,-0.07115
2030,France,FR,Sales (inside / B2B),Business services,Entry,0.69594,0.12965,0.01121,-0.11844,88.15627,-0.0214,-0.05507
2026,Brazil,BR,Sales (inside / B2B),Business services,Entry,0.09137,0.02186,0.00083,-0.02104,97.89633,-0.00999,-0.02823
2027,Brazil,BR,Sales (inside / B2B),Business services,Entry,0.16352,0.03913,0.00159,-0.03754,96.24593,-0.01686,-0.04715
2028,Brazil,BR,Sales (inside / B2B),Business services,Entry,0.26903,0.06437,0.00293,-0.06145,93.85548,-0.02484,-0.0683
2029,Brazil,BR,Sales (inside / B2B),Business services,Entry,0.39586,0.09472,0.00505,-0.08968,91.03226,-0.03008,-0.08066
2030,Brazil,BR,Sales (inside / B2B),Business services,Entry,0.51686,0.12368,0.00787,-0.11581,88.41928,-0.0287,-0.07466
2026,Nigeria,NG,Sales (inside / B2B),Business services,Entry,0.0536,0.01583,0.00048,-0.01535,98.46523,-0.00704,-0.01994
2027,Nigeria,NG,Sales (inside / B2B),Business services,Entry,0.09502,0.02806,0.00089,-0.02717,97.28295,-0.01201,-0.03378
2028,Nigeria,NG,Sales (inside / B2B),Business services,Entry,0.1593,0.04704,0.0016,-0.04543,95.45668,-0.01877,-0.05218
2029,Nigeria,NG,Sales (inside / B2B),Business services,Entry,0.24627,0.07272,0.00278,-0.06994,93.00581,-0.02568,-0.07002
2030,Nigeria,NG,Sales (inside / B2B),Business services,Entry,0.34443,0.1017,0.00448,-0.09722,90.27797,-0.02933,-0.07794
2026,United States,US,Sales (inside / B2B),Business services,Junior,0.31272,0.04182,0.00558,-0.03625,96.37544,-0.01701,-0.06947
2027,United States,US,Sales (inside / B2B),Business services,Junior,0.50443,0.06746,0.01119,-0.05627,94.3728,-0.02078,-0.08344
2028,United States,US,Sales (inside / B2B),Business services,Junior,0.68352,0.09141,0.01963,-0.07178,92.82207,-0.01643,-0.06461
2029,United States,US,Sales (inside / B2B),Business services,Junior,0.80581,0.10776,0.02898,-0.07878,92.12164,-0.00755,-0.02918
2030,United States,US,Sales (inside / B2B),Business services,Junior,0.87252,0.11669,0.03639,-0.0803,91.97004,-0.00165,-0.00632
2026,Singapore,SG,Sales (inside / B2B),Business services,Junior,0.2925,0.0405,0.00454,-0.03596,96.40443,-0.01811,-0.07407
2027,Singapore,SG,Sales (inside / B2B),Business services,Junior,0.49636,0.06873,0.00971,-0.05902,94.0983,-0.02392,-0.09609
2028,Singapore,SG,Sales (inside / B2B),Business services,Junior,0.69263,0.0959,0.01806,-0.07785,92.21542,-0.02001,-0.07845
2029,Singapore,SG,Sales (inside / B2B),Business services,Junior,0.82532,0.11427,0.02776,-0.08651,91.34859,-0.0094,-0.03612
2030,Singapore,SG,Sales (inside / B2B),Business services,Junior,0.89503,0.12392,0.03552,-0.08841,91.15947,-0.00207,-0.00788
2026,United Kingdom,UK,Sales (inside / B2B),Business services,Junior,0.22387,0.02725,0.00342,-0.02383,97.61735,-0.01142,-0.04701
2027,United Kingdom,UK,Sales (inside / B2B),Business services,Junior,0.38281,0.0466,0.00687,-0.03973,96.0269,-0.01629,-0.06627
2028,United Kingdom,UK,Sales (inside / B2B),Business services,Junior,0.56215,0.06843,0.01253,-0.0559,94.40996,-0.01684,-0.06737
2029,United Kingdom,UK,Sales (inside / B2B),Business services,Junior,0.71203,0.08667,0.01989,-0.06678,93.32245,-0.01152,-0.04531
2030,United Kingdom,UK,Sales (inside / B2B),Business services,Junior,0.80894,0.09847,0.02704,-0.07142,92.85764,-0.00498,-0.01937
2026,Canada,CA,Sales (inside / B2B),Business services,Junior,0.20074,0.02612,0.00303,-0.02309,97.69111,-0.01106,-0.04552
2027,Canada,CA,Sales (inside / B2B),Business services,Junior,0.34658,0.0451,0.00603,-0.03907,96.09339,-0.01635,-0.06657
2028,Canada,CA,Sales (inside / B2B),Business services,Junior,0.51964,0.06762,0.01104,-0.05658,94.34209,-0.01822,-0.07297
2029,Canada,CA,Sales (inside / B2B),Business services,Junior,0.67388,0.08769,0.01782,-0.06987,93.01255,-0.01409,-0.0554
2030,Canada,CA,Sales (inside / B2B),Business services,Junior,0.78002,0.1015,0.02479,-0.07671,92.32895,-0.00735,-0.02848
2026,United Arab Emirates,AE,Sales (inside / B2B),Business services,Junior,0.17156,0.02129,0.00248,-0.01881,98.11865,-0.0097,-0.04004
2027,United Arab Emirates,AE,Sales (inside / B2B),Business services,Junior,0.31516,0.03912,0.00533,-0.03379,96.62088,-0.01526,-0.06241
2028,United Arab Emirates,AE,Sales (inside / B2B),Business services,Junior,0.49072,0.06091,0.01045,-0.05046,94.95434,-0.01725,-0.06944
2029,United Arab Emirates,AE,Sales (inside / B2B),Business services,Junior,0.64406,0.07994,0.01775,-0.06219,93.78094,-0.01236,-0.04889
2030,United Arab Emirates,AE,Sales (inside / B2B),Business services,Junior,0.74334,0.09227,0.02531,-0.06696,93.30387,-0.00509,-0.01988
2026,Australia,AU,Sales (inside / B2B),Business services,Junior,0.18674,0.02228,0.00271,-0.01957,98.04306,-0.00944,-0.03893
2027,Australia,AU,Sales (inside / B2B),Business services,Junior,0.32645,0.03894,0.00542,-0.03352,96.6476,-0.01423,-0.05814
2028,Australia,AU,Sales (inside / B2B),Business services,Junior,0.49683,0.05927,0.01001,-0.04925,95.07485,-0.01627,-0.06553
2029,Australia,AU,Sales (inside / B2B),Business services,Junior,0.65308,0.0779,0.01639,-0.06151,93.84852,-0.0129,-0.0511
2030,Australia,AU,Sales (inside / B2B),Business services,Junior,0.7631,0.09103,0.02315,-0.06788,93.21171,-0.00679,-0.02653
2026,Germany,DE,Sales (inside / B2B),Business services,Junior,0.18062,0.01725,0.00253,-0.01472,98.52843,-0.00668,-0.02762
2027,Germany,DE,Sales (inside / B2B),Business services,Junior,0.30566,0.02919,0.0048,-0.02439,97.56107,-0.00982,-0.04031
2028,Germany,DE,Sales (inside / B2B),Business services,Junior,0.46101,0.04402,0.0085,-0.03552,96.44828,-0.01141,-0.04637
2029,Germany,DE,Sales (inside / B2B),Business services,Junior,0.61255,0.05849,0.01363,-0.04486,95.51372,-0.00969,-0.03894
2030,Germany,DE,Sales (inside / B2B),Business services,Junior,0.72923,0.06963,0.01928,-0.05035,94.96528,-0.00574,-0.02285
2026,Japan,JP,Sales (inside / B2B),Business services,Junior,0.16856,0.01493,0.00207,-0.01287,98.71338,-0.00589,-0.02438
2027,Japan,JP,Sales (inside / B2B),Business services,Junior,0.28811,0.02552,0.00394,-0.02159,97.84132,-0.00883,-0.03634
2028,Japan,JP,Sales (inside / B2B),Business services,Junior,0.44,0.03898,0.00703,-0.03194,96.80553,-0.01059,-0.04316
2029,Japan,JP,Sales (inside / B2B),Business services,Junior,0.59189,0.05244,0.0114,-0.04103,95.89682,-0.00939,-0.03786
2030,Japan,JP,Sales (inside / B2B),Business services,Junior,0.71144,0.06303,0.01634,-0.04668,95.33191,-0.00589,-0.02354
2026,India,IN,Sales (inside / B2B),Business services,Junior,0.12095,0.01726,0.00182,-0.01544,98.45577,-0.0078,-0.03225
2027,India,IN,Sales (inside / B2B),Business services,Junior,0.22322,0.03186,0.00379,-0.02807,97.19259,-0.01283,-0.05263
2028,India,IN,Sales (inside / B2B),Business services,Junior,0.36,0.05139,0.00736,-0.04403,95.59698,-0.01642,-0.06648
2029,India,IN,Sales (inside / B2B),Business services,Junior,0.49678,0.07091,0.01276,-0.05816,94.18433,-0.01478,-0.05886
2030,India,IN,Sales (inside / B2B),Business services,Junior,0.59905,0.08551,0.01903,-0.06648,93.35181,-0.00884,-0.03469
2026,France,FR,Sales (inside / B2B),Business services,Junior,0.16451,0.01621,0.0022,-0.014,98.59969,-0.0063,-0.02607
2027,France,FR,Sales (inside / B2B),Business services,Junior,0.2785,0.02744,0.00413,-0.02331,97.66894,-0.00944,-0.03878
2028,France,FR,Sales (inside / B2B),Business services,Junior,0.42461,0.04183,0.00728,-0.03455,96.54498,-0.01151,-0.04683
2029,France,FR,Sales (inside / B2B),Business services,Junior,0.57419,0.05657,0.01174,-0.04483,95.51676,-0.01065,-0.04284
2030,France,FR,Sales (inside / B2B),Business services,Junior,0.69594,0.06856,0.01686,-0.05171,94.82943,-0.0072,-0.02864
2026,Brazil,BR,Sales (inside / B2B),Business services,Junior,0.09137,0.01156,0.00124,-0.01032,98.96803,-0.00486,-0.02012
2027,Brazil,BR,Sales (inside / B2B),Business services,Junior,0.16352,0.02069,0.00239,-0.01831,98.16949,-0.00807,-0.03327
2028,Brazil,BR,Sales (inside / B2B),Business services,Junior,0.26903,0.03404,0.00441,-0.02964,97.03612,-0.01155,-0.04722
2029,Brazil,BR,Sales (inside / B2B),Business services,Junior,0.39586,0.05009,0.00759,-0.0425,95.74952,-0.01326,-0.05361
2030,Brazil,BR,Sales (inside / B2B),Business services,Junior,0.51686,0.06541,0.01184,-0.05357,94.64316,-0.01155,-0.0461
2026,Nigeria,NG,Sales (inside / B2B),Business services,Junior,0.0536,0.00837,0.00072,-0.00765,99.23498,-0.00349,-0.01446
2027,Nigeria,NG,Sales (inside / B2B),Business services,Junior,0.09502,0.01484,0.00134,-0.0135,98.64966,-0.0059,-0.02439
2028,Nigeria,NG,Sales (inside / B2B),Business services,Junior,0.1593,0.02488,0.00241,-0.02246,97.75376,-0.00908,-0.03733
2029,Nigeria,NG,Sales (inside / B2B),Business services,Junior,0.24627,0.03846,0.00417,-0.03428,96.57175,-0.01209,-0.04925
2030,Nigeria,NG,Sales (inside / B2B),Business services,Junior,0.34443,0.05378,0.00674,-0.04704,95.2955,-0.01322,-0.05318
2026,United States,US,Sales (inside / B2B),Business services,Mid,0.31272,0.01597,0.00637,-0.0096,99.04043,-0.0041,-0.02547
2027,United States,US,Sales (inside / B2B),Business services,Mid,0.50443,0.02576,0.01279,-0.01297,98.70282,-0.00341,-0.0211
2028,United States,US,Sales (inside / B2B),Business services,Mid,0.68352,0.0349,0.02244,-0.01247,98.75333,0.00051,0.00316
2029,United States,US,Sales (inside / B2B),Business services,Mid,0.80581,0.04115,0.03312,-0.00803,99.19737,0.0045,0.02775
2030,United States,US,Sales (inside / B2B),Business services,Mid,0.87252,0.04455,0.04158,-0.00297,99.70314,0.0051,0.03161
2026,Singapore,SG,Sales (inside / B2B),Business services,Mid,0.2925,0.01546,0.00519,-0.01027,98.97287,-0.00485,-0.03017
2027,Singapore,SG,Sales (inside / B2B),Business services,Mid,0.49636,0.02624,0.0111,-0.01515,98.48546,-0.00492,-0.03046
2028,Singapore,SG,Sales (inside / B2B),Business services,Mid,0.69263,0.03662,0.02063,-0.01598,98.40176,-0.00085,-0.00523
2029,Singapore,SG,Sales (inside / B2B),Business services,Mid,0.82532,0.04363,0.03172,-0.01191,98.80922,0.00414,0.02547
2030,Singapore,SG,Sales (inside / B2B),Business services,Mid,0.89503,0.04732,0.04059,-0.00672,99.32763,0.00525,0.0324
2026,United Kingdom,UK,Sales (inside / B2B),Business services,Mid,0.22387,0.0104,0.00391,-0.00649,99.35079,-0.00294,-0.01833
2027,United Kingdom,UK,Sales (inside / B2B),Business services,Mid,0.38281,0.01779,0.00785,-0.00994,99.00552,-0.00348,-0.02158
2028,United Kingdom,UK,Sales (inside / B2B),Business services,Mid,0.56215,0.02613,0.01431,-0.01181,98.81886,-0.00189,-0.01167
2029,United Kingdom,UK,Sales (inside / B2B),Business services,Mid,0.71203,0.03309,0.02274,-0.01036,98.96439,0.00147,0.0091
2030,United Kingdom,UK,Sales (inside / B2B),Business services,Mid,0.80894,0.0376,0.0309,-0.00669,99.3309,0.0037,0.02291
2026,Canada,CA,Sales (inside / B2B),Business services,Mid,0.20074,0.00997,0.00347,-0.00651,99.34929,-0.00298,-0.01856
2027,Canada,CA,Sales (inside / B2B),Business services,Mid,0.34658,0.01722,0.0069,-0.01032,98.96763,-0.00384,-0.02385
2028,Canada,CA,Sales (inside / B2B),Business services,Mid,0.51964,0.02582,0.01262,-0.0132,98.67998,-0.00291,-0.01798
2029,Canada,CA,Sales (inside / B2B),Business services,Mid,0.67388,0.03348,0.02036,-0.01312,98.68807,0.00008,0.00051
2030,Canada,CA,Sales (inside / B2B),Business services,Mid,0.78002,0.03876,0.02834,-0.01042,98.95794,0.00273,0.01687
2026,United Arab Emirates,AE,Sales (inside / B2B),Business services,Mid,0.17156,0.00813,0.00284,-0.00529,99.47051,-0.00263,-0.01637
2027,United Arab Emirates,AE,Sales (inside / B2B),Business services,Mid,0.31516,0.01494,0.00609,-0.00885,99.11528,-0.00357,-0.0222
2028,United Arab Emirates,AE,Sales (inside / B2B),Business services,Mid,0.49072,0.02326,0.01195,-0.01131,98.86903,-0.00248,-0.01539
2029,United Arab Emirates,AE,Sales (inside / B2B),Business services,Mid,0.64406,0.03052,0.02029,-0.01023,98.97652,0.00109,0.00672
2030,United Arab Emirates,AE,Sales (inside / B2B),Business services,Mid,0.74334,0.03523,0.02892,-0.00631,99.36914,0.00397,0.02454
2026,Australia,AU,Sales (inside / B2B),Business services,Mid,0.18674,0.00851,0.00309,-0.00541,99.45878,-0.0025,-0.01558
2027,Australia,AU,Sales (inside / B2B),Business services,Mid,0.32645,0.01487,0.00619,-0.00868,99.13224,-0.00328,-0.02041
2028,Australia,AU,Sales (inside / B2B),Business services,Mid,0.49683,0.02263,0.01144,-0.01118,98.88157,-0.00253,-0.01567
2029,Australia,AU,Sales (inside / B2B),Business services,Mid,0.65308,0.02975,0.01873,-0.01101,98.89858,0.00017,0.00106
2030,Australia,AU,Sales (inside / B2B),Business services,Mid,0.7631,0.03476,0.02645,-0.0083,99.16956,0.00274,0.01694
2026,Germany,DE,Sales (inside / B2B),Business services,Mid,0.18062,0.00659,0.00289,-0.00369,99.63076,-0.00159,-0.00989
2027,Germany,DE,Sales (inside / B2B),Business services,Mid,0.30566,0.01114,0.00548,-0.00566,99.43388,-0.00198,-0.0123
2028,Germany,DE,Sales (inside / B2B),Business services,Mid,0.46101,0.01681,0.00972,-0.00709,99.29105,-0.00144,-0.00893
2029,Germany,DE,Sales (inside / B2B),Business services,Mid,0.61255,0.02233,0.01558,-0.00676,99.32421,0.00033,0.00207
2030,Germany,DE,Sales (inside / B2B),Business services,Mid,0.72923,0.02659,0.02204,-0.00455,99.5453,0.00223,0.01382
2026,Japan,JP,Sales (inside / B2B),Business services,Mid,0.16856,0.0057,0.00236,-0.00334,99.666,-0.00146,-0.00911
2027,Japan,JP,Sales (inside / B2B),Business services,Mid,0.28811,0.00975,0.0045,-0.00525,99.47532,-0.00191,-0.01192
2028,Japan,JP,Sales (inside / B2B),Business services,Mid,0.44,0.01488,0.00804,-0.00684,99.31562,-0.00161,-0.00998
2029,Japan,JP,Sales (inside / B2B),Business services,Mid,0.59189,0.02002,0.01303,-0.00699,99.30116,-0.00015,-0.0009
2030,Japan,JP,Sales (inside / B2B),Business services,Mid,0.71144,0.02406,0.01868,-0.00538,99.46152,0.00161,0.01002
2026,India,IN,Sales (inside / B2B),Business services,Mid,0.12095,0.00659,0.00208,-0.00451,99.54905,-0.00222,-0.01382
2027,India,IN,Sales (inside / B2B),Business services,Mid,0.22322,0.01217,0.00433,-0.00784,99.21642,-0.00334,-0.02079
2028,India,IN,Sales (inside / B2B),Business services,Mid,0.36,0.01962,0.00841,-0.01121,98.87876,-0.0034,-0.0211
2029,India,IN,Sales (inside / B2B),Business services,Mid,0.49678,0.02708,0.01458,-0.0125,98.75019,-0.0013,-0.00804
2030,India,IN,Sales (inside / B2B),Business services,Mid,0.59905,0.03265,0.02175,-0.0109,98.90975,0.00162,0.00997
2026,France,FR,Sales (inside / B2B),Business services,Mid,0.16451,0.00619,0.00252,-0.00367,99.63307,-0.00158,-0.00985
2027,France,FR,Sales (inside / B2B),Business services,Mid,0.2785,0.01048,0.00472,-0.00576,99.42403,-0.0021,-0.01307
2028,France,FR,Sales (inside / B2B),Business services,Mid,0.42461,0.01597,0.00832,-0.00765,99.23495,-0.0019,-0.01182
2029,France,FR,Sales (inside / B2B),Business services,Mid,0.57419,0.0216,0.01341,-0.00819,99.18137,-0.00054,-0.00335
2030,France,FR,Sales (inside / B2B),Business services,Mid,0.69594,0.02618,0.01927,-0.00691,99.30868,0.00128,0.00796
2026,Brazil,BR,Sales (inside / B2B),Business services,Mid,0.09137,0.00441,0.00142,-0.00299,99.70051,-0.00138,-0.00862
2027,Brazil,BR,Sales (inside / B2B),Business services,Mid,0.16352,0.0079,0.00273,-0.00517,99.48281,-0.00218,-0.01361
2028,Brazil,BR,Sales (inside / B2B),Business services,Mid,0.26903,0.013,0.00503,-0.00796,99.2036,-0.00281,-0.01745
2029,Brazil,BR,Sales (inside / B2B),Business services,Mid,0.39586,0.01913,0.00867,-0.01045,98.95468,-0.00251,-0.01556
2030,Brazil,BR,Sales (inside / B2B),Business services,Mid,0.51686,0.02497,0.01353,-0.01144,98.85565,-0.001,-0.00619
2026,Nigeria,NG,Sales (inside / B2B),Business services,Mid,0.0536,0.0032,0.00082,-0.00237,99.76264,-0.00107,-0.00668
2027,Nigeria,NG,Sales (inside / B2B),Business services,Mid,0.09502,0.00567,0.00153,-0.00414,99.58601,-0.00177,-0.01104
2028,Nigeria,NG,Sales (inside / B2B),Business services,Mid,0.1593,0.0095,0.00276,-0.00674,99.32602,-0.00261,-0.01625
2029,Nigeria,NG,Sales (inside / B2B),Business services,Mid,0.24627,0.01468,0.00477,-0.00991,99.00866,-0.0032,-0.01983
2030,Nigeria,NG,Sales (inside / B2B),Business services,Mid,0.34443,0.02054,0.0077,-0.01283,98.71665,-0.00295,-0.01825
2026,United States,US,Sales (inside / B2B),Business services,Senior,0.31272,0.00732,0.00538,-0.00194,99.8058,-0.00054,-0.00492
2027,United States,US,Sales (inside / B2B),Business services,Senior,0.50443,0.01181,0.01079,-0.00102,99.89823,0.00093,0.0084
2028,United States,US,Sales (inside / B2B),Business services,Senior,0.68352,0.016,0.01893,0.00293,100.29331,0.00395,0.03592
2029,United States,US,Sales (inside / B2B),Business services,Senior,0.80581,0.01886,0.02794,0.00909,100.90862,0.00614,0.05594
2030,United States,US,Sales (inside / B2B),Business services,Senior,0.87252,0.02042,0.03509,0.01467,101.46666,0.00553,0.05073
2026,Singapore,SG,Sales (inside / B2B),Business services,Senior,0.2925,0.00709,0.00438,-0.00271,99.72933,-0.00108,-0.0098
2027,Singapore,SG,Sales (inside / B2B),Business services,Senior,0.49636,0.01203,0.00936,-0.00267,99.73346,0.00004,0.00038
2028,Singapore,SG,Sales (inside / B2B),Business services,Senior,0.69263,0.01678,0.01741,0.00063,100.06276,0.0033,0.02994
2029,Singapore,SG,Sales (inside / B2B),Business services,Senior,0.82532,0.02,0.02677,0.00677,100.6769,0.00614,0.05583
2030,Singapore,SG,Sales (inside / B2B),Business services,Senior,0.89503,0.02169,0.03425,0.01256,101.25634,0.00576,0.05268
2026,United Kingdom,UK,Sales (inside / B2B),Business services,Senior,0.22387,0.00477,0.0033,-0.00147,99.85324,-0.00055,-0.00499
2027,United Kingdom,UK,Sales (inside / B2B),Business services,Senior,0.38281,0.00815,0.00662,-0.00153,99.84662,-0.00007,-0.0006
2028,United Kingdom,UK,Sales (inside / B2B),Business services,Senior,0.56215,0.01197,0.01208,0.0001,100.01036,0.00164,0.01489
2029,United Kingdom,UK,Sales (inside / B2B),Business services,Senior,0.71203,0.01517,0.01918,0.00402,100.40162,0.00391,0.03557
2030,United Kingdom,UK,Sales (inside / B2B),Business services,Senior,0.80894,0.01723,0.02608,0.00884,100.88445,0.00481,0.04389
2026,Canada,CA,Sales (inside / B2B),Business services,Senior,0.20074,0.00457,0.00293,-0.00165,99.83538,-0.00067,-0.00605
2027,Canada,CA,Sales (inside / B2B),Business services,Senior,0.34658,0.00789,0.00582,-0.00207,99.79264,-0.00043,-0.00389
2028,Canada,CA,Sales (inside / B2B),Business services,Senior,0.51964,0.01183,0.01065,-0.00119,99.88133,0.00089,0.00806
2029,Canada,CA,Sales (inside / B2B),Business services,Senior,0.67388,0.01535,0.01718,0.00184,100.18353,0.00303,0.02747
2030,Canada,CA,Sales (inside / B2B),Business services,Senior,0.78002,0.01776,0.02391,0.00614,100.61448,0.0043,0.03918
2026,United Arab Emirates,AE,Sales (inside / B2B),Business services,Senior,0.17156,0.00373,0.00239,-0.00133,99.86662,-0.00059,-0.0054
2027,United Arab Emirates,AE,Sales (inside / B2B),Business services,Senior,0.31516,0.00685,0.00514,-0.00171,99.82919,-0.00037,-0.0034
2028,United Arab Emirates,AE,Sales (inside / B2B),Business services,Senior,0.49072,0.01066,0.01008,-0.00058,99.9421,0.00113,0.01026
2029,United Arab Emirates,AE,Sales (inside / B2B),Business services,Senior,0.64406,0.01399,0.01712,0.00313,100.31289,0.00371,0.03371
2030,United Arab Emirates,AE,Sales (inside / B2B),Business services,Senior,0.74334,0.01615,0.0244,0.00826,100.82551,0.00511,0.0466
2026,Australia,AU,Sales (inside / B2B),Business services,Senior,0.18674,0.0039,0.00261,-0.00129,99.87115,-0.00052,-0.00473
2027,Australia,AU,Sales (inside / B2B),Business services,Senior,0.32645,0.00681,0.00522,-0.00159,99.84087,-0.0003,-0.00275
2028,Australia,AU,Sales (inside / B2B),Business services,Senior,0.49683,0.01037,0.00966,-0.00072,99.92847,0.00088,0.00796
2029,Australia,AU,Sales (inside / B2B),Business services,Senior,0.65308,0.01363,0.0158,0.00217,100.21711,0.00289,0.02624
2030,Australia,AU,Sales (inside / B2B),Business services,Senior,0.7631,0.01593,0.02232,0.00639,100.63888,0.00421,0.03834
2026,Germany,DE,Sales (inside / B2B),Business services,Senior,0.18062,0.00302,0.00244,-0.00058,99.94226,-0.00018,-0.0016
2027,Germany,DE,Sales (inside / B2B),Business services,Senior,0.30566,0.00511,0.00463,-0.00048,99.95185,0.0001,0.00087
2028,Germany,DE,Sales (inside / B2B),Business services,Senior,0.46101,0.0077,0.0082,0.0005,100.04963,0.00098,0.00889
2029,Germany,DE,Sales (inside / B2B),Business services,Senior,0.61255,0.01024,0.01314,0.00291,100.29055,0.00241,0.0219
2030,Germany,DE,Sales (inside / B2B),Business services,Senior,0.72923,0.01219,0.0186,0.00641,100.64105,0.00349,0.03186
2026,Japan,JP,Sales (inside / B2B),Business services,Senior,0.16856,0.00261,0.00199,-0.00062,99.93793,-0.00022,-0.00199
2027,Japan,JP,Sales (inside / B2B),Business services,Senior,0.28811,0.00447,0.0038,-0.00067,99.9329,-0.00005,-0.00046
2028,Japan,JP,Sales (inside / B2B),Business services,Senior,0.44,0.00682,0.00678,-0.00004,99.99617,0.00063,0.00575
2029,Japan,JP,Sales (inside / B2B),Business services,Senior,0.59189,0.00918,0.011,0.00182,100.18198,0.00186,0.01689
2030,Japan,JP,Sales (inside / B2B),Business services,Senior,0.71144,0.01103,0.01576,0.00473,100.47313,0.00291,0.02647
2026,India,IN,Sales (inside / B2B),Business services,Senior,0.12095,0.00302,0.00176,-0.00126,99.87357,-0.00058,-0.00531
2027,India,IN,Sales (inside / B2B),Business services,Senior,0.22322,0.00558,0.00365,-0.00192,99.80774,-0.00066,-0.00598
2028,India,IN,Sales (inside / B2B),Business services,Senior,0.36,0.00899,0.00709,-0.0019,99.81016,0.00002,0.00022
2029,India,IN,Sales (inside / B2B),Business services,Senior,0.49678,0.01241,0.0123,-0.00011,99.98901,0.00179,0.01626
2030,India,IN,Sales (inside / B2B),Business services,Senior,0.59905,0.01496,0.01835,0.00338,100.33846,0.00349,0.03177
2026,France,FR,Sales (inside / B2B),Business services,Senior,0.16451,0.00284,0.00213,-0.00071,99.92891,-0.00025,-0.0023
2027,France,FR,Sales (inside / B2B),Business services,Senior,0.2785,0.0048,0.00398,-0.00082,99.91779,-0.00011,-0.00101
2028,France,FR,Sales (inside / B2B),Business services,Senior,0.42461,0.00732,0.00702,-0.0003,99.97008,0.00052,0.00475
2029,France,FR,Sales (inside / B2B),Business services,Senior,0.57419,0.0099,0.01132,0.00142,100.14173,0.00172,0.01561
2030,France,FR,Sales (inside / B2B),Business services,Senior,0.69594,0.012,0.01626,0.00426,100.42566,0.00284,0.02581
2026,Brazil,BR,Sales (inside / B2B),Business services,Senior,0.09137,0.00202,0.0012,-0.00083,99.91745,-0.00036,-0.0033
2027,Brazil,BR,Sales (inside / B2B),Business services,Senior,0.16352,0.00362,0.0023,-0.00132,99.86813,-0.00049,-0.00448
2028,Brazil,BR,Sales (inside / B2B),Business services,Senior,0.26903,0.00596,0.00425,-0.00171,99.82903,-0.00039,-0.00356
2029,Brazil,BR,Sales (inside / B2B),Business services,Senior,0.39586,0.00877,0.00732,-0.00145,99.8552,0.00026,0.00238
2030,Brazil,BR,Sales (inside / B2B),Business services,Senior,0.51686,0.01145,0.01142,-0.00003,99.99699,0.00142,0.01289
2026,Nigeria,NG,Sales (inside / B2B),Business services,Senior,0.0536,0.00146,0.00069,-0.00077,99.9229,-0.00034,-0.0031
2027,Nigeria,NG,Sales (inside / B2B),Business services,Senior,0.09502,0.0026,0.00129,-0.00131,99.86906,-0.00054,-0.00489
2028,Nigeria,NG,Sales (inside / B2B),Business services,Senior,0.1593,0.00435,0.00233,-0.00203,99.7974,-0.00072,-0.00651
2029,Nigeria,NG,Sales (inside / B2B),Business services,Senior,0.24627,0.00673,0.00402,-0.00271,99.72948,-0.00068,-0.00618
2030,Nigeria,NG,Sales (inside / B2B),Business services,Senior,0.34443,0.00941,0.0065,-0.00291,99.70866,-0.00021,-0.00189
2026,United States,US,Sales (inside / B2B),Business services,Lead / Executive,0.31272,0.00361,0.00413,0.00052,100.05158,0.00053,0.00755
2027,United States,US,Sales (inside / B2B),Business services,Lead / Executive,0.50443,0.00583,0.00828,0.00246,100.24554,0.00194,0.02771
2028,United States,US,Sales (inside / B2B),Business services,Lead / Executive,0.68352,0.00789,0.01453,0.00664,100.66375,0.00417,0.05974
2029,United States,US,Sales (inside / B2B),Business services,Lead / Executive,0.80581,0.00931,0.02145,0.01215,101.21457,0.00547,0.07869
2030,United States,US,Sales (inside / B2B),Business services,Lead / Executive,0.87252,0.01008,0.02694,0.01686,101.68577,0.00466,0.06731
2026,Singapore,SG,Sales (inside / B2B),Business services,Lead / Executive,0.2925,0.0035,0.00336,-0.00013,99.98652,0.00015,0.00212
2027,Singapore,SG,Sales (inside / B2B),Business services,Lead / Executive,0.49636,0.00594,0.00719,0.00125,100.12513,0.00139,0.0198
2028,Singapore,SG,Sales (inside / B2B),Business services,Lead / Executive,0.69263,0.00828,0.01337,0.00508,100.50831,0.00383,0.05474
2029,Singapore,SG,Sales (inside / B2B),Business services,Lead / Executive,0.82532,0.00987,0.02055,0.01068,101.06792,0.00557,0.07994
2030,Singapore,SG,Sales (inside / B2B),Business services,Lead / Executive,0.89503,0.0107,0.02629,0.01559,101.55904,0.00486,0.07016
2026,United Kingdom,UK,Sales (inside / B2B),Business services,Lead / Executive,0.22387,0.00235,0.00253,0.00018,100.01808,0.00021,0.00295
2027,United Kingdom,UK,Sales (inside / B2B),Business services,Lead / Executive,0.38281,0.00402,0.00508,0.00106,100.10583,0.00088,0.01254
2028,United Kingdom,UK,Sales (inside / B2B),Business services,Lead / Executive,0.56215,0.00591,0.00927,0.00336,100.33626,0.0023,0.03292
2029,United Kingdom,UK,Sales (inside / B2B),Business services,Lead / Executive,0.71203,0.00749,0.01473,0.00724,100.72415,0.00387,0.05541
2030,United Kingdom,UK,Sales (inside / B2B),Business services,Lead / Executive,0.80894,0.0085,0.02002,0.01151,101.15141,0.00424,0.06104
2026,Canada,CA,Sales (inside / B2B),Business services,Lead / Executive,0.20074,0.00226,0.00225,-0.00001,99.99896,0.00009,0.00127
2027,Canada,CA,Sales (inside / B2B),Business services,Lead / Executive,0.34658,0.0039,0.00447,0.00057,100.0572,0.00058,0.00832
2028,Canada,CA,Sales (inside / B2B),Business services,Lead / Executive,0.51964,0.00584,0.00817,0.00233,100.23334,0.00176,0.02516
2029,Canada,CA,Sales (inside / B2B),Business services,Lead / Executive,0.67388,0.00757,0.01319,0.00562,100.56164,0.00328,0.0469
2030,Canada,CA,Sales (inside / B2B),Business services,Lead / Executive,0.78002,0.00877,0.01835,0.00959,100.95874,0.00395,0.05673
2026,United Arab Emirates,AE,Sales (inside / B2B),Business services,Lead / Executive,0.17156,0.00184,0.00184,0,99.99978,0.00007,0.00102
2027,United Arab Emirates,AE,Sales (inside / B2B),Business services,Lead / Executive,0.31516,0.00338,0.00394,0.00057,100.05657,0.00057,0.00811
2028,United Arab Emirates,AE,Sales (inside / B2B),Business services,Lead / Executive,0.49072,0.00526,0.00774,0.00248,100.24779,0.00191,0.02732
2029,United Arab Emirates,AE,Sales (inside / B2B),Business services,Lead / Executive,0.64406,0.0069,0.01314,0.00624,100.62376,0.00375,0.05371
2030,United Arab Emirates,AE,Sales (inside / B2B),Business services,Lead / Executive,0.74334,0.00797,0.01873,0.01076,101.07642,0.0045,0.06466
2026,Australia,AU,Sales (inside / B2B),Business services,Lead / Executive,0.18674,0.00192,0.002,0.00008,100.00797,0.00012,0.00167
2027,Australia,AU,Sales (inside / B2B),Business services,Lead / Executive,0.32645,0.00336,0.00401,0.00065,100.06468,0.00057,0.0081
2028,Australia,AU,Sales (inside / B2B),Business services,Lead / Executive,0.49683,0.00512,0.00741,0.00229,100.22944,0.00165,0.02354
2029,Australia,AU,Sales (inside / B2B),Business services,Lead / Executive,0.65308,0.00673,0.01213,0.0054,100.54046,0.0031,0.04443
2030,Australia,AU,Sales (inside / B2B),Business services,Lead / Executive,0.7631,0.00786,0.01713,0.00927,100.9272,0.00385,0.05525
2026,Germany,DE,Sales (inside / B2B),Business services,Lead / Executive,0.18062,0.00149,0.00187,0.00038,100.03842,0.00024,0.00347
2027,Germany,DE,Sales (inside / B2B),Business services,Lead / Executive,0.30566,0.00252,0.00355,0.00103,100.10307,0.00065,0.00924
2028,Germany,DE,Sales (inside / B2B),Business services,Lead / Executive,0.46101,0.0038,0.00629,0.00249,100.24931,0.00146,0.02089
2029,Germany,DE,Sales (inside / B2B),Business services,Lead / Executive,0.61255,0.00505,0.01009,0.00504,100.50369,0.00254,0.03634
2030,Germany,DE,Sales (inside / B2B),Business services,Lead / Executive,0.72923,0.00601,0.01428,0.00826,100.82621,0.00321,0.04608
2026,Japan,JP,Sales (inside / B2B),Business services,Lead / Executive,0.16856,0.00129,0.00153,0.00024,100.024,0.00016,0.00231
2027,Japan,JP,Sales (inside / B2B),Business services,Lead / Executive,0.28811,0.0022,0.00291,0.00071,100.07094,0.00047,0.00671
2028,Japan,JP,Sales (inside / B2B),Business services,Lead / Executive,0.44,0.00337,0.00521,0.00184,100.18408,0.00113,0.01616
2029,Japan,JP,Sales (inside / B2B),Business services,Lead / Executive,0.59189,0.00453,0.00844,0.00391,100.39128,0.00207,0.0296
2030,Japan,JP,Sales (inside / B2B),Business services,Lead / Executive,0.71144,0.00544,0.0121,0.00666,100.66561,0.00273,0.03919
2026,India,IN,Sales (inside / B2B),Business services,Lead / Executive,0.12095,0.00149,0.00135,-0.00014,99.98577,-0.00003,-0.00043
2027,India,IN,Sales (inside / B2B),Business services,Lead / Executive,0.22322,0.00275,0.0028,0.00005,100.00528,0.0002,0.00279
2028,India,IN,Sales (inside / B2B),Business services,Lead / Executive,0.36,0.00444,0.00545,0.00101,100.10082,0.00096,0.01365
2029,India,IN,Sales (inside / B2B),Business services,Lead / Executive,0.49678,0.00612,0.00944,0.00332,100.3318,0.00231,0.033
2030,India,IN,Sales (inside / B2B),Business services,Lead / Executive,0.59905,0.00738,0.01409,0.0067,100.67011,0.00337,0.04833
2026,France,FR,Sales (inside / B2B),Business services,Lead / Executive,0.16451,0.0014,0.00163,0.00023,100.02319,0.00016,0.00225
2027,France,FR,Sales (inside / B2B),Business services,Lead / Executive,0.2785,0.00237,0.00305,0.00069,100.06854,0.00045,0.00648
2028,France,FR,Sales (inside / B2B),Business services,Lead / Executive,0.42461,0.00361,0.00539,0.00178,100.17774,0.00109,0.0156
2029,France,FR,Sales (inside / B2B),Business services,Lead / Executive,0.57419,0.00489,0.00869,0.0038,100.38022,0.00202,0.02893
2030,France,FR,Sales (inside / B2B),Business services,Lead / Executive,0.69594,0.00592,0.01248,0.00656,100.65574,0.00274,0.03936
2026,Brazil,BR,Sales (inside / B2B),Business services,Lead / Executive,0.09137,0.001,0.00092,-0.00008,99.99211,-0.00002,-0.00026
2027,Brazil,BR,Sales (inside / B2B),Business services,Lead / Executive,0.16352,0.00179,0.00177,-0.00002,99.99805,0.00006,0.00085
2028,Brazil,BR,Sales (inside / B2B),Business services,Lead / Executive,0.26903,0.00294,0.00326,0.00032,100.03209,0.00034,0.00486
2029,Brazil,BR,Sales (inside / B2B),Business services,Lead / Executive,0.39586,0.00433,0.00562,0.00129,100.12919,0.00097,0.01387
2030,Brazil,BR,Sales (inside / B2B),Business services,Lead / Executive,0.51686,0.00565,0.00876,0.00312,100.31151,0.00182,0.02605
2026,Nigeria,NG,Sales (inside / B2B),Business services,Lead / Executive,0.0536,0.00072,0.00053,-0.00019,99.98097,-0.00008,-0.00113
2027,Nigeria,NG,Sales (inside / B2B),Business services,Lead / Executive,0.09502,0.00128,0.00099,-0.00029,99.97068,-0.0001,-0.00147
2028,Nigeria,NG,Sales (inside / B2B),Business services,Lead / Executive,0.1593,0.00215,0.00179,-0.00036,99.96382,-0.00007,-0.00098
2029,Nigeria,NG,Sales (inside / B2B),Business services,Lead / Executive,0.24627,0.00332,0.00309,-0.00023,99.97684,0.00013,0.00186
2030,Nigeria,NG,Sales (inside / B2B),Business services,Lead / Executive,0.34443,0.00465,0.00499,0.00034,100.0344,0.00058,0.00822
2026,United States,US,Lawyers (qualified),Legal,Entry,0.31272,0.06326,0.00249,-0.06077,93.92269,-0.02938,-0.08123
2027,United States,US,Lawyers (qualified),Legal,Entry,0.50443,0.10205,0.005,-0.09705,90.29514,-0.03862,-0.10364
2028,United States,US,Lawyers (qualified),Legal,Entry,0.68352,0.13828,0.00877,-0.12951,87.04931,-0.03595,-0.09274
2029,United States,US,Lawyers (qualified),Legal,Entry,0.80581,0.16302,0.01295,-0.15007,84.99326,-0.02362,-0.05874
2030,United States,US,Lawyers (qualified),Legal,Entry,0.87252,0.17651,0.01626,-0.16025,83.97451,-0.01199,-0.02911
2026,Singapore,SG,Lawyers (qualified),Legal,Entry,0.2925,0.06126,0.00203,-0.05923,94.07667,-0.03054,-0.08468
2027,Singapore,SG,Lawyers (qualified),Legal,Entry,0.49636,0.10396,0.00434,-0.09962,90.03754,-0.04293,-0.1154
2028,Singapore,SG,Lawyers (qualified),Legal,Entry,0.69263,0.14507,0.00807,-0.137,86.29958,-0.04152,-0.1068
2029,Singapore,SG,Lawyers (qualified),Legal,Entry,0.82532,0.17286,0.0124,-0.16046,83.95407,-0.02718,-0.06701
2030,Singapore,SG,Lawyers (qualified),Legal,Entry,0.89503,0.18746,0.01587,-0.17159,82.8408,-0.01326,-0.03181
2026,United Kingdom,UK,Lawyers (qualified),Legal,Entry,0.22387,0.04122,0.00153,-0.03969,96.03081,-0.01939,-0.05426
2027,United Kingdom,UK,Lawyers (qualified),Legal,Entry,0.38281,0.07049,0.00307,-0.06742,93.25796,-0.02887,-0.07922
2028,United Kingdom,UK,Lawyers (qualified),Legal,Entry,0.56215,0.10351,0.0056,-0.09791,90.20872,-0.0327,-0.08712
2029,United Kingdom,UK,Lawyers (qualified),Legal,Entry,0.71203,0.13111,0.00889,-0.12222,87.77822,-0.02694,-0.06944
2030,United Kingdom,UK,Lawyers (qualified),Legal,Entry,0.80894,0.14895,0.01208,-0.13687,86.3132,-0.01669,-0.04186
2026,Canada,CA,Lawyers (qualified),Legal,Entry,0.20074,0.03952,0.00136,-0.03816,96.18392,-0.01858,-0.05202
2027,Canada,CA,Lawyers (qualified),Legal,Entry,0.34658,0.06822,0.0027,-0.06553,93.44716,-0.02845,-0.07819
2028,Canada,CA,Lawyers (qualified),Legal,Entry,0.51964,0.10229,0.00493,-0.09736,90.26426,-0.03406,-0.09094
2029,Canada,CA,Lawyers (qualified),Legal,Entry,0.67388,0.13265,0.00796,-0.12469,87.53071,-0.03028,-0.0781
2030,Canada,CA,Lawyers (qualified),Legal,Entry,0.78002,0.15355,0.01108,-0.14247,85.75307,-0.02031,-0.05079
2026,United Arab Emirates,AE,Lawyers (qualified),Legal,Entry,0.17156,0.03221,0.00111,-0.0311,96.88954,-0.01625,-0.04573
2027,United Arab Emirates,AE,Lawyers (qualified),Legal,Entry,0.31516,0.05918,0.00238,-0.0568,94.3204,-0.02652,-0.0734
2028,United Arab Emirates,AE,Lawyers (qualified),Legal,Entry,0.49072,0.09214,0.00467,-0.08747,91.25306,-0.03252,-0.08764
2029,United Arab Emirates,AE,Lawyers (qualified),Legal,Entry,0.64406,0.12093,0.00793,-0.113,88.69998,-0.02798,-0.07295
2030,United Arab Emirates,AE,Lawyers (qualified),Legal,Entry,0.74334,0.13957,0.01131,-0.12827,87.17329,-0.01721,-0.04362
2026,Australia,AU,Lawyers (qualified),Legal,Entry,0.18674,0.0337,0.00121,-0.03249,96.75121,-0.01591,-0.04468
2027,Australia,AU,Lawyers (qualified),Legal,Entry,0.32645,0.05891,0.00242,-0.05649,94.35136,-0.0248,-0.06857
2028,Australia,AU,Lawyers (qualified),Legal,Entry,0.49683,0.08965,0.00447,-0.08518,91.48223,-0.03041,-0.08198
2029,Australia,AU,Lawyers (qualified),Legal,Entry,0.65308,0.11785,0.00732,-0.11052,88.94752,-0.02771,-0.07242
2030,Australia,AU,Lawyers (qualified),Legal,Entry,0.7631,0.1377,0.01034,-0.12736,87.26414,-0.01893,-0.0481
2026,Germany,DE,Lawyers (qualified),Legal,Entry,0.18062,0.02609,0.00113,-0.02496,97.50412,-0.01151,-0.03245
2027,Germany,DE,Lawyers (qualified),Legal,Entry,0.30566,0.04415,0.00214,-0.04201,95.7992,-0.01749,-0.04871
2028,Germany,DE,Lawyers (qualified),Legal,Entry,0.46101,0.06659,0.0038,-0.06279,93.72081,-0.0217,-0.05938
2029,Germany,DE,Lawyers (qualified),Legal,Entry,0.61255,0.08848,0.00609,-0.08239,91.76086,-0.02091,-0.056
2030,Germany,DE,Lawyers (qualified),Legal,Entry,0.72923,0.10533,0.00862,-0.09672,90.32828,-0.01561,-0.04093
2026,Japan,JP,Lawyers (qualified),Legal,Entry,0.16856,0.02259,0.00092,-0.02167,97.83346,-0.01006,-0.0284
2027,Japan,JP,Lawyers (qualified),Legal,Entry,0.28811,0.03861,0.00176,-0.03685,96.31496,-0.01552,-0.04339
2028,Japan,JP,Lawyers (qualified),Legal,Entry,0.44,0.05896,0.00314,-0.05582,94.41786,-0.0197,-0.0542
2029,Japan,JP,Lawyers (qualified),Legal,Entry,0.59189,0.07932,0.0051,-0.07422,92.57755,-0.01949,-0.05258
2030,Japan,JP,Lawyers (qualified),Legal,Entry,0.71144,0.09534,0.0073,-0.08804,91.19631,-0.01492,-0.03946
2026,India,IN,Lawyers (qualified),Legal,Entry,0.12095,0.02612,0.00081,-0.0253,97.4698,-0.01291,-0.03643
2027,India,IN,Lawyers (qualified),Legal,Entry,0.22322,0.0482,0.00169,-0.04651,95.34933,-0.02176,-0.06059
2028,India,IN,Lawyers (qualified),Legal,Entry,0.36,0.07774,0.00329,-0.07445,92.55524,-0.0293,-0.07983
2029,India,IN,Lawyers (qualified),Legal,Entry,0.49678,0.10727,0.0057,-0.10157,89.84291,-0.0293,-0.0775
2030,India,IN,Lawyers (qualified),Legal,Entry,0.59905,0.12935,0.0085,-0.12085,87.91487,-0.02146,-0.05509
2026,France,FR,Lawyers (qualified),Legal,Entry,0.16451,0.02452,0.00098,-0.02353,97.64678,-0.01074,-0.03029
2027,France,FR,Lawyers (qualified),Legal,Entry,0.2785,0.04151,0.00184,-0.03966,96.03385,-0.01652,-0.04608
2028,France,FR,Lawyers (qualified),Legal,Entry,0.42461,0.06328,0.00325,-0.06003,93.99739,-0.02121,-0.05818
2029,France,FR,Lawyers (qualified),Legal,Entry,0.57419,0.08557,0.00524,-0.08033,91.96715,-0.0216,-0.05801
2030,France,FR,Lawyers (qualified),Legal,Entry,0.69594,0.10372,0.00753,-0.09618,90.38155,-0.01724,-0.0453
2026,Brazil,BR,Lawyers (qualified),Legal,Entry,0.09137,0.01749,0.00056,-0.01694,98.30649,-0.00803,-0.02273
2027,Brazil,BR,Lawyers (qualified),Legal,Entry,0.16352,0.0313,0.00107,-0.03024,96.97642,-0.01353,-0.038
2028,Brazil,BR,Lawyers (qualified),Legal,Entry,0.26903,0.0515,0.00197,-0.04953,95.04689,-0.0199,-0.05513
2029,Brazil,BR,Lawyers (qualified),Legal,Entry,0.39586,0.07578,0.00339,-0.07239,92.76121,-0.02405,-0.06531
2030,Brazil,BR,Lawyers (qualified),Legal,Entry,0.51686,0.09894,0.00529,-0.09365,90.63466,-0.02292,-0.06076
2026,Nigeria,NG,Lawyers (qualified),Legal,Entry,0.0536,0.01266,0.00032,-0.01234,98.76607,-0.00565,-0.01603
2027,Nigeria,NG,Lawyers (qualified),Legal,Entry,0.09502,0.02245,0.0006,-0.02185,97.815,-0.00963,-0.02717
2028,Nigeria,NG,Lawyers (qualified),Legal,Entry,0.1593,0.03763,0.00108,-0.03655,96.3448,-0.01503,-0.04201
2029,Nigeria,NG,Lawyers (qualified),Legal,Entry,0.24627,0.05817,0.00186,-0.05631,94.36913,-0.02051,-0.05645
2030,Nigeria,NG,Lawyers (qualified),Legal,Entry,0.34443,0.08136,0.00301,-0.07835,92.16502,-0.02336,-0.06297
2026,United States,US,Lawyers (qualified),Legal,Junior,0.31272,0.03346,0.00375,-0.02971,97.02898,-0.01395,-0.05718
2027,United States,US,Lawyers (qualified),Legal,Junior,0.50443,0.05397,0.00752,-0.04645,95.35504,-0.01725,-0.06975
2028,United States,US,Lawyers (qualified),Legal,Junior,0.68352,0.07313,0.01319,-0.05994,94.00638,-0.01414,-0.05619
2029,United States,US,Lawyers (qualified),Legal,Junior,0.80581,0.08621,0.01947,-0.06674,93.32637,-0.00723,-0.02833
2030,United States,US,Lawyers (qualified),Legal,Junior,0.87252,0.09335,0.02445,-0.0689,93.11029,-0.00232,-0.009
2026,Singapore,SG,Lawyers (qualified),Legal,Junior,0.2925,0.0324,0.00305,-0.02935,97.0654,-0.01477,-0.06063
2027,Singapore,SG,Lawyers (qualified),Legal,Junior,0.49636,0.05498,0.00652,-0.04846,95.15437,-0.01969,-0.07963
2028,Singapore,SG,Lawyers (qualified),Legal,Junior,0.69263,0.07672,0.01213,-0.06459,93.54123,-0.01695,-0.06721
2029,Singapore,SG,Lawyers (qualified),Legal,Junior,0.82532,0.09142,0.01865,-0.07276,92.72357,-0.00874,-0.03407
2030,Singapore,SG,Lawyers (qualified),Legal,Junior,0.89503,0.09914,0.02387,-0.07527,92.47294,-0.0027,-0.01044
2026,United Kingdom,UK,Lawyers (qualified),Legal,Junior,0.22387,0.0218,0.0023,-0.0195,98.05006,-0.00935,-0.03857
2027,United Kingdom,UK,Lawyers (qualified),Legal,Junior,0.38281,0.03728,0.00461,-0.03266,96.73364,-0.01343,-0.05485
2028,United Kingdom,UK,Lawyers (qualified),Legal,Junior,0.56215,0.05474,0.00842,-0.04632,95.36764,-0.01412,-0.05692
2029,United Kingdom,UK,Lawyers (qualified),Legal,Junior,0.71203,0.06934,0.01337,-0.05597,94.40332,-0.01011,-0.04018
2030,United Kingdom,UK,Lawyers (qualified),Legal,Junior,0.80894,0.07877,0.01817,-0.0606,93.93998,-0.00491,-0.01931
2026,Canada,CA,Lawyers (qualified),Legal,Junior,0.20074,0.0209,0.00204,-0.01886,98.11406,-0.00903,-0.03726
2027,Canada,CA,Lawyers (qualified),Legal,Junior,0.34658,0.03608,0.00406,-0.03203,96.79747,-0.01342,-0.05486
2028,Canada,CA,Lawyers (qualified),Legal,Junior,0.51964,0.0541,0.00742,-0.04668,95.33235,-0.01514,-0.06105
2029,Canada,CA,Lawyers (qualified),Legal,Junior,0.67388,0.07015,0.01197,-0.05818,94.18197,-0.01207,-0.04793
2030,Canada,CA,Lawyers (qualified),Legal,Junior,0.78002,0.0812,0.01666,-0.06454,93.5458,-0.00675,-0.02651
2026,United Arab Emirates,AE,Lawyers (qualified),Legal,Junior,0.17156,0.01704,0.00167,-0.01537,98.46316,-0.00792,-0.03277
2027,United Arab Emirates,AE,Lawyers (qualified),Legal,Junior,0.31516,0.0313,0.00358,-0.02771,97.22851,-0.01254,-0.05144
2028,United Arab Emirates,AE,Lawyers (qualified),Legal,Junior,0.49072,0.04873,0.00702,-0.0417,95.82967,-0.01439,-0.05828
2029,United Arab Emirates,AE,Lawyers (qualified),Legal,Junior,0.64406,0.06395,0.01193,-0.05202,94.79751,-0.01077,-0.04301
2030,United Arab Emirates,AE,Lawyers (qualified),Legal,Junior,0.74334,0.07381,0.01701,-0.05681,94.31919,-0.00505,-0.01993
2026,Australia,AU,Lawyers (qualified),Legal,Junior,0.18674,0.01782,0.00182,-0.016,98.39981,-0.00772,-0.0319
2027,Australia,AU,Lawyers (qualified),Legal,Junior,0.32645,0.03115,0.00364,-0.02751,97.24875,-0.0117,-0.04796
2028,Australia,AU,Lawyers (qualified),Legal,Junior,0.49683,0.04741,0.00673,-0.04068,95.9317,-0.01354,-0.05488
2029,Australia,AU,Lawyers (qualified),Legal,Junior,0.65308,0.06232,0.01101,-0.05131,94.86903,-0.01108,-0.04428
2030,Australia,AU,Lawyers (qualified),Legal,Junior,0.7631,0.07282,0.01555,-0.05727,94.27311,-0.00628,-0.02483
2026,Germany,DE,Lawyers (qualified),Legal,Junior,0.18062,0.0138,0.0017,-0.0121,98.79035,-0.0055,-0.02276
2027,Germany,DE,Lawyers (qualified),Legal,Junior,0.30566,0.02335,0.00322,-0.02013,97.98745,-0.00813,-0.03345
2028,Germany,DE,Lawyers (qualified),Legal,Junior,0.46101,0.03522,0.00571,-0.0295,97.04977,-0.00957,-0.03907
2029,Germany,DE,Lawyers (qualified),Legal,Junior,0.61255,0.04679,0.00916,-0.03763,96.23653,-0.00838,-0.03389
2030,Germany,DE,Lawyers (qualified),Legal,Junior,0.72923,0.05571,0.01296,-0.04275,95.72538,-0.00531,-0.0213
2026,Japan,JP,Lawyers (qualified),Legal,Junior,0.16856,0.01195,0.00139,-0.01056,98.94426,-0.00484,-0.02005
2027,Japan,JP,Lawyers (qualified),Legal,Junior,0.28811,0.02042,0.00265,-0.01777,98.22267,-0.00729,-0.03007
2028,Japan,JP,Lawyers (qualified),Legal,Junior,0.44,0.03118,0.00473,-0.02646,97.35438,-0.00884,-0.03618
2029,Japan,JP,Lawyers (qualified),Legal,Junior,0.59189,0.04195,0.00766,-0.03429,96.57149,-0.00804,-0.03262
2030,Japan,JP,Lawyers (qualified),Legal,Junior,0.71144,0.05042,0.01098,-0.03944,96.05632,-0.00533,-0.02147
2026,India,IN,Lawyers (qualified),Legal,Junior,0.12095,0.01381,0.00122,-0.01259,98.7413,-0.00636,-0.02632
2027,India,IN,Lawyers (qualified),Legal,Junior,0.22322,0.02549,0.00255,-0.02294,97.70558,-0.01049,-0.04315
2028,India,IN,Lawyers (qualified),Legal,Junior,0.36,0.04111,0.00494,-0.03617,96.38341,-0.01353,-0.05509
2029,India,IN,Lawyers (qualified),Legal,Junior,0.49678,0.05673,0.00857,-0.04816,95.1842,-0.01244,-0.04997
2030,India,IN,Lawyers (qualified),Legal,Junior,0.59905,0.06841,0.01279,-0.05562,94.43788,-0.00784,-0.0311
2026,France,FR,Lawyers (qualified),Legal,Junior,0.16451,0.01297,0.00148,-0.01148,98.85154,-0.00517,-0.02142
2027,France,FR,Lawyers (qualified),Legal,Junior,0.2785,0.02195,0.00277,-0.01918,98.08232,-0.00778,-0.03205
2028,France,FR,Lawyers (qualified),Legal,Junior,0.42461,0.03347,0.00489,-0.02857,97.14278,-0.00958,-0.03915
2029,France,FR,Lawyers (qualified),Legal,Junior,0.57419,0.04525,0.00789,-0.03737,96.26319,-0.00905,-0.03665
2030,France,FR,Lawyers (qualified),Legal,Junior,0.69594,0.05485,0.01133,-0.04352,95.64777,-0.00639,-0.02564
2026,Brazil,BR,Lawyers (qualified),Legal,Junior,0.09137,0.00925,0.00083,-0.00841,99.15852,-0.00396,-0.01642
2027,Brazil,BR,Lawyers (qualified),Legal,Junior,0.16352,0.01655,0.0016,-0.01495,98.50503,-0.00659,-0.02723
2028,Brazil,BR,Lawyers (qualified),Legal,Junior,0.26903,0.02724,0.00296,-0.02427,97.57251,-0.00947,-0.03886
2029,Brazil,BR,Lawyers (qualified),Legal,Junior,0.39586,0.04008,0.0051,-0.03498,96.50247,-0.01097,-0.04458
2030,Brazil,BR,Lawyers (qualified),Legal,Junior,0.51686,0.05233,0.00796,-0.04437,95.56299,-0.00974,-0.03914
2026,Nigeria,NG,Lawyers (qualified),Legal,Junior,0.0536,0.0067,0.00048,-0.00621,99.37878,-0.00283,-0.01175
2027,Nigeria,NG,Lawyers (qualified),Legal,Junior,0.09502,0.01187,0.0009,-0.01097,98.90264,-0.00479,-0.01984
2028,Nigeria,NG,Lawyers (qualified),Legal,Junior,0.1593,0.0199,0.00162,-0.01828,98.17212,-0.00739,-0.03044
2029,Nigeria,NG,Lawyers (qualified),Legal,Junior,0.24627,0.03076,0.0028,-0.02796,97.20398,-0.00986,-0.04034
2030,Nigeria,NG,Lawyers (qualified),Legal,Junior,0.34443,0.04303,0.00453,-0.0385,96.15014,-0.01084,-0.04391
2026,United States,US,Lawyers (qualified),Legal,Mid,0.31272,0.01277,0.00428,-0.00849,99.15077,-0.00372,-0.02313
2027,United States,US,Lawyers (qualified),Legal,Mid,0.50443,0.02061,0.00859,-0.01201,98.7986,-0.00355,-0.02201
2028,United States,US,Lawyers (qualified),Legal,Mid,0.68352,0.02792,0.01508,-0.01285,98.71549,-0.00084,-0.00519
2029,United States,US,Lawyers (qualified),Legal,Mid,0.80581,0.03292,0.02226,-0.01066,98.93397,0.00221,0.01365
2030,United States,US,Lawyers (qualified),Legal,Mid,0.87252,0.03564,0.02794,-0.0077,99.23023,0.00299,0.01852
2026,Singapore,SG,Lawyers (qualified),Legal,Mid,0.2925,0.01237,0.00349,-0.00888,99.11184,-0.00426,-0.02649
2027,Singapore,SG,Lawyers (qualified),Legal,Mid,0.49636,0.02099,0.00746,-0.01354,98.64635,-0.0047,-0.02909
2028,Singapore,SG,Lawyers (qualified),Legal,Mid,0.69263,0.02929,0.01387,-0.01543,98.45729,-0.00192,-0.01182
2029,Singapore,SG,Lawyers (qualified),Legal,Mid,0.82532,0.0349,0.02132,-0.01359,98.64132,0.00187,0.0115
2030,Singapore,SG,Lawyers (qualified),Legal,Mid,0.89503,0.03785,0.02728,-0.01057,98.94251,0.00305,0.01882
2026,United Kingdom,UK,Lawyers (qualified),Legal,Mid,0.22387,0.00832,0.00263,-0.00569,99.43055,-0.00262,-0.01632
2027,United Kingdom,UK,Lawyers (qualified),Legal,Mid,0.38281,0.01423,0.00527,-0.00896,99.10398,-0.00328,-0.02041
2028,United Kingdom,UK,Lawyers (qualified),Legal,Mid,0.56215,0.0209,0.00962,-0.01128,98.87186,-0.00234,-0.01451
2029,United Kingdom,UK,Lawyers (qualified),Legal,Mid,0.71203,0.02647,0.01528,-0.0112,98.88049,0.00009,0.00054
2030,United Kingdom,UK,Lawyers (qualified),Legal,Mid,0.80894,0.03008,0.02077,-0.00931,99.06914,0.00191,0.01179
2026,Canada,CA,Lawyers (qualified),Legal,Mid,0.20074,0.00798,0.00233,-0.00565,99.43506,-0.00261,-0.01629
2027,Canada,CA,Lawyers (qualified),Legal,Mid,0.34658,0.01378,0.00463,-0.00914,99.08583,-0.00351,-0.02183
2028,Canada,CA,Lawyers (qualified),Legal,Mid,0.51964,0.02065,0.00848,-0.01218,98.78247,-0.00306,-0.01896
2029,Canada,CA,Lawyers (qualified),Legal,Mid,0.67388,0.02679,0.01368,-0.0131,98.68981,-0.00094,-0.00579
2030,Canada,CA,Lawyers (qualified),Legal,Mid,0.78002,0.031,0.01904,-0.01196,98.80366,0.00115,0.00712
2026,United Arab Emirates,AE,Lawyers (qualified),Legal,Mid,0.17156,0.0065,0.00191,-0.0046,99.54011,-0.0023,-0.01436
2027,United Arab Emirates,AE,Lawyers (qualified),Legal,Mid,0.31516,0.01195,0.00409,-0.00786,99.21428,-0.00327,-0.02036
2028,United Arab Emirates,AE,Lawyers (qualified),Legal,Mid,0.49072,0.01861,0.00803,-0.01058,98.94231,-0.00274,-0.017
2029,United Arab Emirates,AE,Lawyers (qualified),Legal,Mid,0.64406,0.02442,0.01363,-0.01078,98.92152,-0.00021,-0.0013
2030,United Arab Emirates,AE,Lawyers (qualified),Legal,Mid,0.74334,0.02818,0.01943,-0.00875,99.12513,0.00206,0.01273
2026,Australia,AU,Lawyers (qualified),Legal,Mid,0.18674,0.0068,0.00208,-0.00473,99.52743,-0.00221,-0.01375
2027,Australia,AU,Lawyers (qualified),Legal,Mid,0.32645,0.01189,0.00416,-0.00773,99.22655,-0.00302,-0.01881
2028,Australia,AU,Lawyers (qualified),Legal,Mid,0.49683,0.0181,0.00769,-0.01041,98.95877,-0.0027,-0.01674
2029,Australia,AU,Lawyers (qualified),Legal,Mid,0.65308,0.0238,0.01259,-0.01121,98.8791,-0.00081,-0.00498
2030,Australia,AU,Lawyers (qualified),Legal,Mid,0.7631,0.0278,0.01778,-0.01003,98.99706,0.00119,0.00737
2026,Germany,DE,Lawyers (qualified),Legal,Mid,0.18062,0.00527,0.00194,-0.00332,99.66758,-0.00145,-0.00905
2027,Germany,DE,Lawyers (qualified),Legal,Mid,0.30566,0.00892,0.00368,-0.00523,99.47693,-0.00191,-0.01192
2028,Germany,DE,Lawyers (qualified),Legal,Mid,0.46101,0.01345,0.00653,-0.00692,99.30844,-0.00169,-0.01053
2029,Germany,DE,Lawyers (qualified),Legal,Mid,0.61255,0.01787,0.01047,-0.0074,99.26001,-0.00049,-0.00303
2030,Germany,DE,Lawyers (qualified),Legal,Mid,0.72923,0.02127,0.01481,-0.00646,99.35413,0.00095,0.00588
2026,Japan,JP,Lawyers (qualified),Legal,Mid,0.16856,0.00456,0.00159,-0.00297,99.70257,-0.00132,-0.00822
2027,Japan,JP,Lawyers (qualified),Legal,Mid,0.28811,0.0078,0.00302,-0.00477,99.52268,-0.0018,-0.01124
2028,Japan,JP,Lawyers (qualified),Legal,Mid,0.44,0.01191,0.0054,-0.0065,99.3496,-0.00174,-0.01082
2029,Japan,JP,Lawyers (qualified),Legal,Mid,0.59189,0.01602,0.00876,-0.00726,99.27411,-0.00076,-0.00472
2030,Japan,JP,Lawyers (qualified),Legal,Mid,0.71144,0.01925,0.01255,-0.0067,99.33012,0.00056,0.0035
2026,India,IN,Lawyers (qualified),Legal,Mid,0.12095,0.00527,0.0014,-0.00387,99.61258,-0.00192,-0.01195
2027,India,IN,Lawyers (qualified),Legal,Mid,0.22322,0.00973,0.00291,-0.00682,99.31771,-0.00296,-0.01843
2028,India,IN,Lawyers (qualified),Legal,Mid,0.36,0.0157,0.00565,-0.01005,98.99538,-0.00325,-0.02015
2029,India,IN,Lawyers (qualified),Legal,Mid,0.49678,0.02166,0.0098,-0.01186,98.81356,-0.00184,-0.01136
2030,India,IN,Lawyers (qualified),Legal,Mid,0.59905,0.02612,0.01461,-0.01151,98.84944,0.00036,0.00224
2026,France,FR,Lawyers (qualified),Legal,Mid,0.16451,0.00495,0.00169,-0.00326,99.67422,-0.00142,-0.00886
2027,France,FR,Lawyers (qualified),Legal,Mid,0.2785,0.00838,0.00317,-0.00521,99.47885,-0.00196,-0.01221
2028,France,FR,Lawyers (qualified),Legal,Mid,0.42461,0.01278,0.00559,-0.00719,99.28144,-0.00198,-0.01234
2029,France,FR,Lawyers (qualified),Legal,Mid,0.57419,0.01728,0.00901,-0.00827,99.17341,-0.00109,-0.00675
2030,France,FR,Lawyers (qualified),Legal,Mid,0.69594,0.02094,0.01295,-0.008,99.20035,0.00027,0.00168
2026,Brazil,BR,Lawyers (qualified),Legal,Mid,0.09137,0.00353,0.00095,-0.00258,99.74224,-0.00119,-0.00746
2027,Brazil,BR,Lawyers (qualified),Legal,Mid,0.16352,0.00632,0.00183,-0.00449,99.55131,-0.00191,-0.01193
2028,Brazil,BR,Lawyers (qualified),Legal,Mid,0.26903,0.0104,0.00338,-0.00702,99.29844,-0.00254,-0.0158
2029,Brazil,BR,Lawyers (qualified),Legal,Mid,0.39586,0.0153,0.00583,-0.00947,99.05272,-0.00247,-0.01536
2030,Brazil,BR,Lawyers (qualified),Legal,Mid,0.51686,0.01998,0.00909,-0.01089,98.91134,-0.00143,-0.00884
2026,Nigeria,NG,Lawyers (qualified),Legal,Mid,0.0536,0.00256,0.00055,-0.002,99.79959,-0.00091,-0.00565
2027,Nigeria,NG,Lawyers (qualified),Legal,Mid,0.09502,0.00453,0.00103,-0.00351,99.64928,-0.00151,-0.00939
2028,Nigeria,NG,Lawyers (qualified),Legal,Mid,0.1593,0.0076,0.00185,-0.00574,99.42551,-0.00225,-0.01399
2029,Nigeria,NG,Lawyers (qualified),Legal,Mid,0.24627,0.01175,0.00321,-0.00854,99.14588,-0.00281,-0.01748
2030,Nigeria,NG,Lawyers (qualified),Legal,Mid,0.34443,0.01643,0.00518,-0.01125,98.87473,-0.00273,-0.01695
2026,United States,US,Lawyers (qualified),Legal,Senior,0.31272,0.00586,0.00361,-0.00224,99.77582,-0.00081,-0.00732
2027,United States,US,Lawyers (qualified),Legal,Senior,0.50443,0.00944,0.00725,-0.00219,99.7805,0.00005,0.00043
2028,United States,US,Lawyers (qualified),Legal,Senior,0.68352,0.0128,0.01272,-0.00008,99.99234,0.00212,0.01926
2029,United States,US,Lawyers (qualified),Legal,Senior,0.80581,0.01509,0.01878,0.00369,100.3692,0.00377,0.03426
2030,United States,US,Lawyers (qualified),Legal,Senior,0.87252,0.01634,0.02358,0.00724,100.72422,0.00354,0.03227
2026,Singapore,SG,Lawyers (qualified),Legal,Senior,0.2925,0.00567,0.00294,-0.00273,99.72739,-0.00118,-0.01073
2027,Singapore,SG,Lawyers (qualified),Legal,Senior,0.49636,0.00962,0.00629,-0.00333,99.66694,-0.00061,-0.0055
2028,Singapore,SG,Lawyers (qualified),Legal,Senior,0.69263,0.01343,0.0117,-0.00173,99.82736,0.00161,0.01458
2029,Singapore,SG,Lawyers (qualified),Legal,Senior,0.82532,0.016,0.01799,0.00199,100.19891,0.00372,0.03378
2030,Singapore,SG,Lawyers (qualified),Legal,Senior,0.89503,0.01735,0.02302,0.00567,100.56667,0.00367,0.03343
2026,United Kingdom,UK,Lawyers (qualified),Legal,Senior,0.22387,0.00381,0.00222,-0.0016,99.84034,-0.00066,-0.00602
2027,United Kingdom,UK,Lawyers (qualified),Legal,Senior,0.38281,0.00652,0.00445,-0.00207,99.79255,-0.00048,-0.00434
2028,United Kingdom,UK,Lawyers (qualified),Legal,Senior,0.56215,0.00958,0.00812,-0.00146,99.85369,0.00061,0.00556
2029,United Kingdom,UK,Lawyers (qualified),Legal,Senior,0.71203,0.01213,0.01289,0.00076,100.07575,0.00222,0.02019
2030,United Kingdom,UK,Lawyers (qualified),Legal,Senior,0.80894,0.01379,0.01752,0.00374,100.37379,0.00298,0.02709
2026,Canada,CA,Lawyers (qualified),Legal,Senior,0.20074,0.00366,0.00197,-0.00169,99.83086,-0.00073,-0.00661
2027,Canada,CA,Lawyers (qualified),Legal,Senior,0.34658,0.00631,0.00391,-0.0024,99.75963,-0.00071,-0.00648
2028,Canada,CA,Lawyers (qualified),Legal,Senior,0.51964,0.00947,0.00715,-0.00231,99.76878,0.00009,0.00083
2029,Canada,CA,Lawyers (qualified),Legal,Senior,0.67388,0.01228,0.01155,-0.00073,99.9269,0.00158,0.01437
2030,Canada,CA,Lawyers (qualified),Legal,Senior,0.78002,0.01421,0.01607,0.00186,100.18556,0.00259,0.02351
2026,United Arab Emirates,AE,Lawyers (qualified),Legal,Senior,0.17156,0.00298,0.00161,-0.00137,99.86267,-0.00065,-0.00586
2027,United Arab Emirates,AE,Lawyers (qualified),Legal,Senior,0.31516,0.00548,0.00345,-0.00202,99.79759,-0.00065,-0.00592
2028,United Arab Emirates,AE,Lawyers (qualified),Legal,Senior,0.49072,0.00853,0.00677,-0.00175,99.82465,0.00027,0.00246
2029,United Arab Emirates,AE,Lawyers (qualified),Legal,Senior,0.64406,0.01119,0.0115,0.00031,100.03119,0.00207,0.01878
2030,United Arab Emirates,AE,Lawyers (qualified),Legal,Senior,0.74334,0.01292,0.0164,0.00348,100.34806,0.00317,0.02881
2026,Australia,AU,Lawyers (qualified),Legal,Senior,0.18674,0.00312,0.00175,-0.00136,99.86352,-0.00059,-0.00537
2027,Australia,AU,Lawyers (qualified),Legal,Senior,0.32645,0.00545,0.00351,-0.00194,99.80584,-0.00058,-0.00524
2028,Australia,AU,Lawyers (qualified),Legal,Senior,0.49683,0.0083,0.00649,-0.00181,99.81918,0.00013,0.00121
2029,Australia,AU,Lawyers (qualified),Legal,Senior,0.65308,0.01091,0.01062,-0.00029,99.97139,0.00152,0.01384
2030,Australia,AU,Lawyers (qualified),Legal,Senior,0.7631,0.01274,0.015,0.00225,100.22542,0.00254,0.02309
2026,Germany,DE,Lawyers (qualified),Legal,Senior,0.18062,0.00241,0.00164,-0.00077,99.92256,-0.00029,-0.00268
2027,Germany,DE,Lawyers (qualified),Legal,Senior,0.30566,0.00409,0.00311,-0.00098,99.90226,-0.0002,-0.00185
2028,Germany,DE,Lawyers (qualified),Legal,Senior,0.46101,0.00616,0.00551,-0.00065,99.93475,0.00033,0.00295
2029,Germany,DE,Lawyers (qualified),Legal,Senior,0.61255,0.00819,0.00883,0.00064,100.06423,0.0013,0.01177
2030,Germany,DE,Lawyers (qualified),Legal,Senior,0.72923,0.00975,0.0125,0.00275,100.27481,0.0021,0.01914
2026,Japan,JP,Lawyers (qualified),Legal,Senior,0.16856,0.00209,0.00134,-0.00075,99.92484,-0.0003,-0.00273
2027,Japan,JP,Lawyers (qualified),Legal,Senior,0.28811,0.00357,0.00255,-0.00102,99.89774,-0.00027,-0.00246
2028,Japan,JP,Lawyers (qualified),Legal,Senior,0.44,0.00546,0.00456,-0.0009,99.91011,0.00012,0.00113
2029,Japan,JP,Lawyers (qualified),Legal,Senior,0.59189,0.00734,0.00739,0.00005,100.00484,0.00095,0.00861
2030,Japan,JP,Lawyers (qualified),Legal,Senior,0.71144,0.00882,0.01059,0.00177,100.17677,0.00172,0.01563
2026,India,IN,Lawyers (qualified),Legal,Senior,0.12095,0.00242,0.00118,-0.00124,99.87636,-0.00059,-0.00534
2027,India,IN,Lawyers (qualified),Legal,Senior,0.22322,0.00446,0.00246,-0.00201,99.79943,-0.00077,-0.00699
2028,India,IN,Lawyers (qualified),Legal,Senior,0.36,0.00719,0.00477,-0.00243,99.75732,-0.00042,-0.00383
2029,India,IN,Lawyers (qualified),Legal,Senior,0.49678,0.00993,0.00827,-0.00166,99.83377,0.00077,0.00695
2030,India,IN,Lawyers (qualified),Legal,Senior,0.59905,0.01197,0.01233,0.00036,100.0359,0.00202,0.01838
2026,France,FR,Lawyers (qualified),Legal,Senior,0.16451,0.00227,0.00143,-0.00084,99.91592,-0.00033,-0.00303
2027,France,FR,Lawyers (qualified),Legal,Senior,0.2785,0.00384,0.00267,-0.00117,99.8833,-0.00033,-0.00297
2028,France,FR,Lawyers (qualified),Legal,Senior,0.42461,0.00586,0.00472,-0.00114,99.88619,0.00003,0.00026
2029,France,FR,Lawyers (qualified),Legal,Senior,0.57419,0.00792,0.0076,-0.00031,99.96853,0.00082,0.00749
2030,France,FR,Lawyers (qualified),Legal,Senior,0.69594,0.0096,0.01092,0.00132,100.13247,0.00164,0.0149
2026,Brazil,BR,Lawyers (qualified),Legal,Senior,0.09137,0.00162,0.0008,-0.00081,99.91863,-0.00037,-0.00333
2027,Brazil,BR,Lawyers (qualified),Legal,Senior,0.16352,0.0029,0.00155,-0.00135,99.86503,-0.00054,-0.00487
2028,Brazil,BR,Lawyers (qualified),Legal,Senior,0.26903,0.00477,0.00285,-0.00191,99.80885,-0.00056,-0.00511
2029,Brazil,BR,Lawyers (qualified),Legal,Senior,0.39586,0.00701,0.00492,-0.0021,99.79048,-0.00018,-0.00167
2030,Brazil,BR,Lawyers (qualified),Legal,Senior,0.51686,0.00916,0.00767,-0.00149,99.85146,0.00061,0.00554
2026,Nigeria,NG,Lawyers (qualified),Legal,Senior,0.0536,0.00117,0.00047,-0.00071,99.92944,-0.00031,-0.00286
2027,Nigeria,NG,Lawyers (qualified),Legal,Senior,0.09502,0.00208,0.00087,-0.00121,99.87877,-0.00051,-0.00461
2028,Nigeria,NG,Lawyers (qualified),Legal,Senior,0.1593,0.00348,0.00156,-0.00192,99.80813,-0.00071,-0.00642
2029,Nigeria,NG,Lawyers (qualified),Legal,Senior,0.24627,0.00538,0.0027,-0.00268,99.73207,-0.00076,-0.00692
2030,Nigeria,NG,Lawyers (qualified),Legal,Senior,0.34443,0.00753,0.00437,-0.00316,99.68374,-0.00048,-0.00439
2026,United States,US,Lawyers (qualified),Legal,Lead / Executive,0.31272,0.00289,0.00277,-0.00012,99.98843,0.00014,0.00197
2027,United States,US,Lawyers (qualified),Legal,Lead / Executive,0.50443,0.00466,0.00557,0.0009,100.09043,0.00102,0.01457
2028,United States,US,Lawyers (qualified),Legal,Lead / Executive,0.68352,0.00632,0.00977,0.00345,100.34499,0.00254,0.03637
2029,United States,US,Lawyers (qualified),Legal,Lead / Executive,0.80581,0.00745,0.01442,0.00697,100.69706,0.00351,0.0503
2030,United States,US,Lawyers (qualified),Legal,Lead / Executive,0.87252,0.00806,0.0181,0.01004,101.00385,0.00305,0.04383
2026,Singapore,SG,Lawyers (qualified),Legal,Lead / Executive,0.2925,0.0028,0.00226,-0.00054,99.94618,-0.00013,-0.00179
2027,Singapore,SG,Lawyers (qualified),Legal,Lead / Executive,0.49636,0.00475,0.00483,0.00008,100.00811,0.00062,0.00885
2028,Singapore,SG,Lawyers (qualified),Legal,Lead / Executive,0.69263,0.00663,0.00898,0.00236,100.23557,0.00227,0.03249
2029,Singapore,SG,Lawyers (qualified),Legal,Lead / Executive,0.82532,0.0079,0.01381,0.00591,100.59132,0.00355,0.05082
2030,Singapore,SG,Lawyers (qualified),Legal,Lead / Executive,0.89503,0.00856,0.01767,0.00911,100.91069,0.00317,0.04562
2026,United Kingdom,UK,Lawyers (qualified),Legal,Lead / Executive,0.22387,0.00188,0.0017,-0.00018,99.98202,-0.00001,-0.00009
2027,United Kingdom,UK,Lawyers (qualified),Legal,Lead / Executive,0.38281,0.00322,0.00342,0.0002,100.0196,0.00038,0.00537
2028,United Kingdom,UK,Lawyers (qualified),Legal,Lead / Executive,0.56215,0.00473,0.00623,0.0015,100.15032,0.00131,0.01867
2029,United Kingdom,UK,Lawyers (qualified),Legal,Lead / Executive,0.71203,0.00599,0.0099,0.00391,100.39082,0.0024,0.03436
2030,United Kingdom,UK,Lawyers (qualified),Legal,Lead / Executive,0.80894,0.0068,0.01345,0.00665,100.6649,0.00273,0.03915
2026,Canada,CA,Lawyers (qualified),Legal,Lead / Executive,0.20074,0.0018,0.00151,-0.0003,99.97043,-0.00008,-0.00112
2027,Canada,CA,Lawyers (qualified),Legal,Lead / Executive,0.34658,0.00312,0.003,-0.00011,99.98858,0.00018,0.00259
2028,Canada,CA,Lawyers (qualified),Legal,Lead / Executive,0.51964,0.00467,0.00549,0.00082,100.08205,0.00093,0.01335
2029,Canada,CA,Lawyers (qualified),Legal,Lead / Executive,0.67388,0.00606,0.00886,0.0028,100.28048,0.00198,0.02835
2030,Canada,CA,Lawyers (qualified),Legal,Lead / Executive,0.78002,0.00701,0.01233,0.00532,100.53206,0.00251,0.03594
2026,United Arab Emirates,AE,Lawyers (qualified),Legal,Lead / Executive,0.17156,0.00147,0.00123,-0.00024,99.97631,-0.00007,-0.00105
2027,United Arab Emirates,AE,Lawyers (qualified),Legal,Lead / Executive,0.31516,0.0027,0.00265,-0.00005,99.99477,0.00018,0.00264
2028,United Arab Emirates,AE,Lawyers (qualified),Legal,Lead / Executive,0.49072,0.00421,0.0052,0.00099,100.09918,0.00104,0.01492
2029,United Arab Emirates,AE,Lawyers (qualified),Legal,Lead / Executive,0.64406,0.00552,0.00883,0.00331,100.33079,0.00231,0.03309
2030,United Arab Emirates,AE,Lawyers (qualified),Legal,Lead / Executive,0.74334,0.00637,0.01259,0.00621,100.62135,0.0029,0.04151
2026,Australia,AU,Lawyers (qualified),Legal,Lead / Executive,0.18674,0.00154,0.00135,-0.00019,99.98073,-0.00004,-0.00058
2027,Australia,AU,Lawyers (qualified),Legal,Lead / Executive,0.32645,0.00269,0.00269,0,100.00042,0.0002,0.00281
2028,Australia,AU,Lawyers (qualified),Legal,Lead / Executive,0.49683,0.00409,0.00498,0.00089,100.08867,0.00088,0.01261
2029,Australia,AU,Lawyers (qualified),Legal,Lead / Executive,0.65308,0.00538,0.00815,0.00277,100.27707,0.00188,0.02691
2030,Australia,AU,Lawyers (qualified),Legal,Lead / Executive,0.7631,0.00629,0.01151,0.00522,100.52245,0.00245,0.03506
2026,Germany,DE,Lawyers (qualified),Legal,Lead / Executive,0.18062,0.00119,0.00126,0.00007,100.00675,0.00008,0.00109
2027,Germany,DE,Lawyers (qualified),Legal,Lead / Executive,0.30566,0.00202,0.00239,0.00037,100.037,0.0003,0.00432
2028,Germany,DE,Lawyers (qualified),Legal,Lead / Executive,0.46101,0.00304,0.00423,0.00119,100.11888,0.00082,0.0117
2029,Germany,DE,Lawyers (qualified),Legal,Lead / Executive,0.61255,0.00404,0.00678,0.00274,100.27382,0.00155,0.02213
2030,Germany,DE,Lawyers (qualified),Legal,Lead / Executive,0.72923,0.00481,0.00959,0.00478,100.47824,0.00204,0.0292
2026,Japan,JP,Lawyers (qualified),Legal,Lead / Executive,0.16856,0.00103,0.00103,0,99.99962,0.00003,0.00047
2027,Japan,JP,Lawyers (qualified),Legal,Lead / Executive,0.28811,0.00176,0.00196,0.00019,100.01946,0.0002,0.00283
2028,Japan,JP,Lawyers (qualified),Legal,Lead / Executive,0.44,0.00269,0.0035,0.00081,100.08061,0.00061,0.00874
2029,Japan,JP,Lawyers (qualified),Legal,Lead / Executive,0.59189,0.00362,0.00567,0.00205,100.20498,0.00124,0.01777
2030,Japan,JP,Lawyers (qualified),Legal,Lead / Executive,0.71144,0.00435,0.00813,0.00378,100.37762,0.00172,0.02466
2026,India,IN,Lawyers (qualified),Legal,Lead / Executive,0.12095,0.00119,0.00091,-0.00029,99.97135,-0.00012,-0.00166
2027,India,IN,Lawyers (qualified),Legal,Lead / Executive,0.22322,0.0022,0.00188,-0.00032,99.96833,-0.00003,-0.00043
2028,India,IN,Lawyers (qualified),Legal,Lead / Executive,0.36,0.00355,0.00366,0.00011,100.01095,0.00043,0.00609
2029,India,IN,Lawyers (qualified),Legal,Lead / Executive,0.49678,0.0049,0.00635,0.00145,100.14458,0.00134,0.01909
2030,India,IN,Lawyers (qualified),Legal,Lead / Executive,0.59905,0.00591,0.00947,0.00356,100.35578,0.00211,0.03017
2026,France,FR,Lawyers (qualified),Legal,Lead / Executive,0.16451,0.00112,0.0011,-0.00002,99.99767,0.00002,0.00035
2027,France,FR,Lawyers (qualified),Legal,Lead / Executive,0.2785,0.0019,0.00205,0.00016,100.01573,0.00018,0.00258
2028,France,FR,Lawyers (qualified),Legal,Lead / Executive,0.42461,0.00289,0.00362,0.00073,100.0732,0.00057,0.00821
2029,France,FR,Lawyers (qualified),Legal,Lead / Executive,0.57419,0.00391,0.00584,0.00193,100.19297,0.0012,0.01711
2030,France,FR,Lawyers (qualified),Legal,Lead / Executive,0.69594,0.00474,0.00839,0.00365,100.36486,0.00172,0.02456
2026,Brazil,BR,Lawyers (qualified),Legal,Lead / Executive,0.09137,0.0008,0.00062,-0.00018,99.98191,-0.00007,-0.00103
2027,Brazil,BR,Lawyers (qualified),Legal,Lead / Executive,0.16352,0.00143,0.00119,-0.00024,99.97582,-0.00006,-0.00087
2028,Brazil,BR,Lawyers (qualified),Legal,Lead / Executive,0.26903,0.00235,0.00219,-0.00016,99.98393,0.00008,0.00116
2029,Brazil,BR,Lawyers (qualified),Legal,Lead / Executive,0.39586,0.00346,0.00378,0.00031,100.03144,0.00048,0.00679
2030,Brazil,BR,Lawyers (qualified),Legal,Lead / Executive,0.51686,0.00452,0.00589,0.00137,100.13703,0.00106,0.01508
2026,Nigeria,NG,Lawyers (qualified),Legal,Lead / Executive,0.0536,0.00058,0.00036,-0.00022,99.97796,-0.0001,-0.00136
2027,Nigeria,NG,Lawyers (qualified),Legal,Lead / Executive,0.09502,0.00103,0.00066,-0.00036,99.96389,-0.00014,-0.00201
2028,Nigeria,NG,Lawyers (qualified),Legal,Lead / Executive,0.1593,0.00172,0.0012,-0.00052,99.94819,-0.00016,-0.00224
2029,Nigeria,NG,Lawyers (qualified),Legal,Lead / Executive,0.24627,0.00266,0.00208,-0.00058,99.94192,-0.00006,-0.0009
2030,Nigeria,NG,Lawyers (qualified),Legal,Lead / Executive,0.34443,0.00372,0.00335,-0.00036,99.96366,0.00022,0.00311
2026,United States,US,Radiology & diagnostics,Healthcare,Entry,0.31272,0.04171,0.00199,-0.03972,96.02818,-0.01896,-0.05302
2027,United States,US,Radiology & diagnostics,Healthcare,Entry,0.50443,0.06728,0.004,-0.06328,93.67182,-0.02454,-0.06732
2028,United States,US,Radiology & diagnostics,Healthcare,Entry,0.68352,0.09117,0.00702,-0.08415,91.58502,-0.02228,-0.05962
2029,United States,US,Radiology & diagnostics,Healthcare,Entry,0.80581,0.10748,0.01037,-0.09712,90.2884,-0.01416,-0.03705
2030,United States,US,Radiology & diagnostics,Healthcare,Entry,0.87252,0.11638,0.01302,-0.10337,89.66346,-0.00692,-0.01786
2026,Singapore,SG,Radiology & diagnostics,Healthcare,Entry,0.2925,0.04039,0.00163,-0.03877,96.12319,-0.01976,-0.05537
2027,Singapore,SG,Radiology & diagnostics,Healthcare,Entry,0.49636,0.06855,0.00347,-0.06507,93.49264,-0.02737,-0.07516
2028,Singapore,SG,Radiology & diagnostics,Healthcare,Entry,0.69263,0.09565,0.00646,-0.08919,91.08074,-0.0258,-0.06891
2029,Singapore,SG,Radiology & diagnostics,Healthcare,Entry,0.82532,0.11398,0.00993,-0.10404,89.59551,-0.01631,-0.04244
2030,Singapore,SG,Radiology & diagnostics,Healthcare,Entry,0.89503,0.1236,0.01271,-0.1109,88.91048,-0.00765,-0.01957
2026,United Kingdom,UK,Radiology & diagnostics,Healthcare,Entry,0.22387,0.02718,0.00122,-0.02595,97.40456,-0.01258,-0.03545
2027,United Kingdom,UK,Radiology & diagnostics,Healthcare,Entry,0.38281,0.04648,0.00246,-0.04402,95.59805,-0.01855,-0.05161
2028,United Kingdom,UK,Radiology & diagnostics,Healthcare,Entry,0.56215,0.06825,0.00448,-0.06377,93.62328,-0.02066,-0.05642
2029,United Kingdom,UK,Radiology & diagnostics,Healthcare,Entry,0.71203,0.08644,0.00712,-0.07933,92.06728,-0.01662,-0.04446
2030,United Kingdom,UK,Radiology & diagnostics,Healthcare,Entry,0.80894,0.09821,0.00967,-0.08854,91.14646,-0.01,-0.02631
2026,Canada,CA,Radiology & diagnostics,Healthcare,Entry,0.20074,0.02605,0.00109,-0.02497,97.50306,-0.01206,-0.03402
2027,Canada,CA,Radiology & diagnostics,Healthcare,Entry,0.34658,0.04498,0.00216,-0.04282,95.71754,-0.01831,-0.05101
2028,Canada,CA,Radiology & diagnostics,Healthcare,Entry,0.51964,0.06744,0.00395,-0.06349,93.65054,-0.02159,-0.05906
2029,Canada,CA,Radiology & diagnostics,Healthcare,Entry,0.67388,0.08746,0.00637,-0.08109,91.89098,-0.01879,-0.05027
2030,Canada,CA,Radiology & diagnostics,Healthcare,Entry,0.78002,0.10124,0.00887,-0.09237,90.76294,-0.01228,-0.03223
2026,United Arab Emirates,AE,Radiology & diagnostics,Healthcare,Entry,0.17156,0.02124,0.00089,-0.02035,97.96481,-0.01057,-0.0299
2027,United Arab Emirates,AE,Radiology & diagnostics,Healthcare,Entry,0.31516,0.03902,0.00191,-0.03711,96.28885,-0.01711,-0.04788
2028,United Arab Emirates,AE,Radiology & diagnostics,Healthcare,Entry,0.49072,0.06075,0.00374,-0.05701,94.29878,-0.02067,-0.05686
2029,United Arab Emirates,AE,Radiology & diagnostics,Healthcare,Entry,0.64406,0.07974,0.00635,-0.07338,92.66152,-0.01736,-0.04678
2030,United Arab Emirates,AE,Radiology & diagnostics,Healthcare,Entry,0.74334,0.09203,0.00905,-0.08297,91.70259,-0.01035,-0.0274
2026,Australia,AU,Radiology & diagnostics,Healthcare,Entry,0.18674,0.02222,0.00097,-0.02125,97.87503,-0.01034,-0.02921
2027,Australia,AU,Radiology & diagnostics,Healthcare,Entry,0.32645,0.03884,0.00194,-0.0369,96.30982,-0.01599,-0.04472
2028,Australia,AU,Radiology & diagnostics,Healthcare,Entry,0.49683,0.05911,0.00358,-0.05553,94.44711,-0.01934,-0.05322
2029,Australia,AU,Radiology & diagnostics,Healthcare,Entry,0.65308,0.0777,0.00586,-0.07184,92.81612,-0.01727,-0.0466
2030,Australia,AU,Radiology & diagnostics,Healthcare,Entry,0.7631,0.09079,0.00828,-0.08251,91.74885,-0.0115,-0.03049
2026,Germany,DE,Radiology & diagnostics,Healthcare,Entry,0.18062,0.0172,0.00091,-0.0163,98.37034,-0.00748,-0.02117
2027,Germany,DE,Radiology & diagnostics,Healthcare,Entry,0.30566,0.02911,0.00172,-0.02739,97.26053,-0.01128,-0.03171
2028,Germany,DE,Radiology & diagnostics,Healthcare,Entry,0.46101,0.04391,0.00304,-0.04086,95.91356,-0.01385,-0.03848
2029,Germany,DE,Radiology & diagnostics,Healthcare,Entry,0.61255,0.05834,0.00488,-0.05346,94.65364,-0.01314,-0.036
2030,Germany,DE,Radiology & diagnostics,Healthcare,Entry,0.72923,0.06945,0.0069,-0.06255,93.74479,-0.0096,-0.02597
2026,Japan,JP,Radiology & diagnostics,Healthcare,Entry,0.16856,0.01489,0.00074,-0.01415,98.58455,-0.00654,-0.01854
2027,Japan,JP,Radiology & diagnostics,Healthcare,Entry,0.28811,0.02546,0.00141,-0.02405,97.59515,-0.01004,-0.02827
2028,Japan,JP,Radiology & diagnostics,Healthcare,Entry,0.44,0.03888,0.00252,-0.03636,96.36388,-0.01262,-0.03518
2029,Japan,JP,Radiology & diagnostics,Healthcare,Entry,0.59189,0.0523,0.00408,-0.04822,95.17807,-0.01231,-0.03388
2030,Japan,JP,Radiology & diagnostics,Healthcare,Entry,0.71144,0.06286,0.00585,-0.05701,94.29855,-0.00924,-0.02513
2026,India,IN,Radiology & diagnostics,Healthcare,Entry,0.12095,0.01722,0.00065,-0.01657,98.34324,-0.00841,-0.02384
2027,India,IN,Radiology & diagnostics,Healthcare,Entry,0.22322,0.03178,0.00136,-0.03042,96.95754,-0.01409,-0.03959
2028,India,IN,Radiology & diagnostics,Healthcare,Entry,0.36,0.05125,0.00263,-0.04862,95.13782,-0.01877,-0.05199
2029,India,IN,Radiology & diagnostics,Healthcare,Entry,0.49678,0.07073,0.00456,-0.06616,93.38355,-0.01844,-0.05012
2030,India,IN,Radiology & diagnostics,Healthcare,Entry,0.59905,0.08529,0.00681,-0.07848,92.15191,-0.01319,-0.03519
2026,France,FR,Radiology & diagnostics,Healthcare,Entry,0.16451,0.01617,0.00079,-0.01538,98.46234,-0.00698,-0.01978
2027,France,FR,Radiology & diagnostics,Healthcare,Entry,0.2785,0.02737,0.00148,-0.02589,97.41101,-0.01068,-0.03004
2028,France,FR,Radiology & diagnostics,Healthcare,Entry,0.42461,0.04172,0.0026,-0.03912,96.0882,-0.01358,-0.03779
2029,France,FR,Radiology & diagnostics,Healthcare,Entry,0.57419,0.05642,0.0042,-0.05222,94.77771,-0.01364,-0.03744
2030,France,FR,Radiology & diagnostics,Healthcare,Entry,0.69594,0.06838,0.00603,-0.06235,93.76459,-0.01069,-0.02895
2026,Brazil,BR,Radiology & diagnostics,Healthcare,Entry,0.09137,0.01153,0.00044,-0.01109,98.89125,-0.00524,-0.01488
2027,Brazil,BR,Radiology & diagnostics,Healthcare,Entry,0.16352,0.02064,0.00085,-0.01978,98.02151,-0.00879,-0.02485
2028,Brazil,BR,Radiology & diagnostics,Healthcare,Entry,0.26903,0.03396,0.00158,-0.03238,96.76203,-0.01285,-0.03599
2029,Brazil,BR,Radiology & diagnostics,Healthcare,Entry,0.39586,0.04996,0.00272,-0.04725,95.27509,-0.01537,-0.04248
2030,Brazil,BR,Radiology & diagnostics,Healthcare,Entry,0.51686,0.06524,0.00424,-0.061,93.8998,-0.01443,-0.03929
2026,Nigeria,NG,Radiology & diagnostics,Healthcare,Entry,0.0536,0.00835,0.00026,-0.00809,99.19096,-0.00369,-0.01051
2027,Nigeria,NG,Radiology & diagnostics,Healthcare,Entry,0.09502,0.0148,0.00048,-0.01432,98.56777,-0.00628,-0.01781
2028,Nigeria,NG,Radiology & diagnostics,Healthcare,Entry,0.1593,0.02481,0.00086,-0.02395,97.60522,-0.00977,-0.0275
2029,Nigeria,NG,Radiology & diagnostics,Healthcare,Entry,0.24627,0.03836,0.00149,-0.03686,96.31369,-0.01323,-0.0369
2030,Nigeria,NG,Radiology & diagnostics,Healthcare,Entry,0.34443,0.05364,0.00241,-0.05123,94.87663,-0.01492,-0.04106
2026,United States,US,Radiology & diagnostics,Healthcare,Junior,0.31272,0.02206,0.003,-0.01906,98.09402,-0.00885,-0.03651
2027,United States,US,Radiology & diagnostics,Healthcare,Junior,0.50443,0.03558,0.00602,-0.02956,97.04361,-0.01071,-0.04377
2028,United States,US,Radiology & diagnostics,Healthcare,Junior,0.68352,0.04822,0.01056,-0.03765,96.23455,-0.00834,-0.03371
2029,United States,US,Radiology & diagnostics,Healthcare,Junior,0.80581,0.05684,0.01559,-0.04125,95.87495,-0.00374,-0.01498
2030,United States,US,Radiology & diagnostics,Healthcare,Junior,0.87252,0.06155,0.01958,-0.04197,95.8028,-0.00075,-0.00301
2026,Singapore,SG,Radiology & diagnostics,Healthcare,Junior,0.2925,0.02136,0.00244,-0.01892,98.10823,-0.00944,-0.03896
2027,Singapore,SG,Radiology & diagnostics,Healthcare,Junior,0.49636,0.03625,0.00522,-0.03103,96.89726,-0.01234,-0.05046
2028,Singapore,SG,Radiology & diagnostics,Healthcare,Junior,0.69263,0.05059,0.00971,-0.04087,95.91289,-0.01016,-0.04102
2029,Singapore,SG,Radiology & diagnostics,Healthcare,Junior,0.82532,0.06028,0.01493,-0.04534,95.4659,-0.00466,-0.01862
2030,Singapore,SG,Radiology & diagnostics,Healthcare,Junior,0.89503,0.06537,0.01911,-0.04626,95.37433,-0.00096,-0.00382
2026,United Kingdom,UK,Radiology & diagnostics,Healthcare,Junior,0.22387,0.01437,0.00184,-0.01253,98.74683,-0.00597,-0.02472
2027,United Kingdom,UK,Radiology & diagnostics,Healthcare,Junior,0.38281,0.02458,0.00369,-0.02088,97.91154,-0.00846,-0.0348
2028,United Kingdom,UK,Radiology & diagnostics,Healthcare,Junior,0.56215,0.03609,0.00674,-0.02935,97.06462,-0.00865,-0.03529
2029,United Kingdom,UK,Radiology & diagnostics,Healthcare,Junior,0.71203,0.04572,0.0107,-0.03501,96.49876,-0.00583,-0.02358
2030,United Kingdom,UK,Radiology & diagnostics,Healthcare,Junior,0.80894,0.05194,0.01455,-0.03739,96.26113,-0.00246,-0.0099
2026,Canada,CA,Radiology & diagnostics,Healthcare,Junior,0.20074,0.01378,0.00163,-0.01215,98.78532,-0.00578,-0.02394
2027,Canada,CA,Radiology & diagnostics,Healthcare,Junior,0.34658,0.02379,0.00325,-0.02054,97.94574,-0.0085,-0.03498
2028,Canada,CA,Radiology & diagnostics,Healthcare,Junior,0.51964,0.03567,0.00594,-0.02973,97.02726,-0.00938,-0.03827
2029,Canada,CA,Radiology & diagnostics,Healthcare,Junior,0.67388,0.04626,0.00959,-0.03667,96.33311,-0.00715,-0.02892
2030,Canada,CA,Radiology & diagnostics,Healthcare,Junior,0.78002,0.05354,0.01334,-0.0402,95.97989,-0.00367,-0.01472
2026,United Arab Emirates,AE,Radiology & diagnostics,Healthcare,Junior,0.17156,0.01123,0.00134,-0.0099,99.01026,-0.00508,-0.02106
2027,United Arab Emirates,AE,Radiology & diagnostics,Healthcare,Junior,0.31516,0.02063,0.00287,-0.01777,98.22323,-0.00795,-0.03279
2028,United Arab Emirates,AE,Radiology & diagnostics,Healthcare,Junior,0.49072,0.03213,0.00562,-0.0265,97.34958,-0.00889,-0.0364
2029,United Arab Emirates,AE,Radiology & diagnostics,Healthcare,Junior,0.64406,0.04217,0.00955,-0.03262,96.73835,-0.00628,-0.02547
2030,United Arab Emirates,AE,Radiology & diagnostics,Healthcare,Junior,0.74334,0.04867,0.01361,-0.03505,96.49467,-0.00252,-0.01015
2026,Australia,AU,Radiology & diagnostics,Healthcare,Junior,0.18674,0.01175,0.00146,-0.01029,98.97062,-0.00494,-0.02047
2027,Australia,AU,Radiology & diagnostics,Healthcare,Junior,0.32645,0.02054,0.00291,-0.01763,98.23742,-0.00741,-0.03055
2028,Australia,AU,Radiology & diagnostics,Healthcare,Junior,0.49683,0.03126,0.00539,-0.02587,97.41268,-0.0084,-0.03436
2029,Australia,AU,Radiology & diagnostics,Healthcare,Junior,0.65308,0.04109,0.00882,-0.03227,96.77255,-0.00657,-0.02667
2030,Australia,AU,Radiology & diagnostics,Healthcare,Junior,0.7631,0.04801,0.01245,-0.03556,96.44378,-0.0034,-0.0137
2026,Germany,DE,Radiology & diagnostics,Healthcare,Junior,0.18062,0.0091,0.00136,-0.00774,99.22646,-0.0035,-0.01451
2027,Germany,DE,Radiology & diagnostics,Healthcare,Junior,0.30566,0.0154,0.00258,-0.01281,98.71859,-0.00512,-0.02116
2028,Germany,DE,Radiology & diagnostics,Healthcare,Junior,0.46101,0.02322,0.00458,-0.01864,98.13553,-0.00591,-0.02429
2029,Germany,DE,Radiology & diagnostics,Healthcare,Junior,0.61255,0.03085,0.00733,-0.02352,97.64799,-0.00497,-0.02031
2030,Germany,DE,Radiology & diagnostics,Healthcare,Junior,0.72923,0.03673,0.01038,-0.02635,97.36467,-0.0029,-0.0118
2026,Japan,JP,Radiology & diagnostics,Healthcare,Junior,0.16856,0.00788,0.00111,-0.00676,99.32353,-0.00309,-0.01281
2027,Japan,JP,Radiology & diagnostics,Healthcare,Junior,0.28811,0.01346,0.00212,-0.01134,98.86551,-0.00461,-0.01908
2028,Japan,JP,Radiology & diagnostics,Healthcare,Junior,0.44,0.02056,0.00378,-0.01678,98.32242,-0.00549,-0.02263
2029,Japan,JP,Radiology & diagnostics,Healthcare,Junior,0.59189,0.02766,0.00614,-0.02152,97.84771,-0.00483,-0.01978
2030,Japan,JP,Radiology & diagnostics,Healthcare,Junior,0.71144,0.03324,0.00879,-0.02445,97.55495,-0.00299,-0.0122
2026,India,IN,Radiology & diagnostics,Healthcare,Junior,0.12095,0.00911,0.00098,-0.00813,99.18738,-0.00409,-0.01697
2027,India,IN,Radiology & diagnostics,Healthcare,Junior,0.22322,0.01681,0.00204,-0.01477,98.52317,-0.0067,-0.02768
2028,India,IN,Radiology & diagnostics,Healthcare,Junior,0.36,0.02711,0.00396,-0.02315,97.68529,-0.0085,-0.03491
2029,India,IN,Radiology & diagnostics,Healthcare,Junior,0.49678,0.0374,0.00686,-0.03054,96.94585,-0.00757,-0.03081
2030,India,IN,Radiology & diagnostics,Healthcare,Junior,0.59905,0.0451,0.01024,-0.03487,96.51334,-0.00446,-0.01802
2026,France,FR,Radiology & diagnostics,Healthcare,Junior,0.16451,0.00855,0.00119,-0.00736,99.2637,-0.0033,-0.0137
2027,France,FR,Radiology & diagnostics,Healthcare,Junior,0.2785,0.01447,0.00222,-0.01225,98.77478,-0.00493,-0.02037
2028,France,FR,Radiology & diagnostics,Healthcare,Junior,0.42461,0.02206,0.00392,-0.01815,98.18525,-0.00597,-0.02456
2029,France,FR,Radiology & diagnostics,Healthcare,Junior,0.57419,0.02984,0.00631,-0.02352,97.64759,-0.00548,-0.0224
2030,France,FR,Radiology & diagnostics,Healthcare,Junior,0.69594,0.03617,0.00907,-0.0271,97.29045,-0.00366,-0.01488
2026,Brazil,BR,Radiology & diagnostics,Healthcare,Junior,0.09137,0.0061,0.00067,-0.00543,99.45697,-0.00255,-0.01059
2027,Brazil,BR,Radiology & diagnostics,Healthcare,Junior,0.16352,0.01091,0.00128,-0.00963,99.03698,-0.00422,-0.0175
2028,Brazil,BR,Radiology & diagnostics,Healthcare,Junior,0.26903,0.01796,0.00237,-0.01559,98.44128,-0.00601,-0.02482
2029,Brazil,BR,Radiology & diagnostics,Healthcare,Junior,0.39586,0.02642,0.00408,-0.02234,97.76599,-0.00686,-0.02814
2030,Brazil,BR,Radiology & diagnostics,Healthcare,Junior,0.51686,0.0345,0.00637,-0.02813,97.18691,-0.00592,-0.02413
2026,Nigeria,NG,Radiology & diagnostics,Healthcare,Junior,0.0536,0.00441,0.00039,-0.00403,99.59723,-0.00183,-0.00761
2027,Nigeria,NG,Radiology & diagnostics,Healthcare,Junior,0.09502,0.00783,0.00072,-0.00711,99.28914,-0.00309,-0.01284
2028,Nigeria,NG,Radiology & diagnostics,Healthcare,Junior,0.1593,0.01312,0.0013,-0.01182,98.81772,-0.00475,-0.01964
2029,Nigeria,NG,Radiology & diagnostics,Healthcare,Junior,0.24627,0.02028,0.00225,-0.01804,98.19609,-0.00629,-0.0259
2030,Nigeria,NG,Radiology & diagnostics,Healthcare,Junior,0.34443,0.02837,0.00363,-0.02474,97.52562,-0.00683,-0.02794
2026,United States,US,Radiology & diagnostics,Healthcare,Mid,0.31272,0.00842,0.00343,-0.00499,99.50057,-0.00212,-0.01321
2027,United States,US,Radiology & diagnostics,Healthcare,Mid,0.50443,0.01359,0.00688,-0.00671,99.32926,-0.00172,-0.01071
2028,United States,US,Radiology & diagnostics,Healthcare,Mid,0.68352,0.01841,0.01207,-0.00634,99.36608,0.00037,0.0023
2029,United States,US,Radiology & diagnostics,Healthcare,Mid,0.80581,0.0217,0.01782,-0.00388,99.61158,0.00247,0.01534
2030,United States,US,Radiology & diagnostics,Healthcare,Mid,0.87252,0.0235,0.02237,-0.00113,99.88728,0.00277,0.01723
2026,Singapore,SG,Radiology & diagnostics,Healthcare,Mid,0.2925,0.00816,0.00279,-0.00536,99.46369,-0.00252,-0.01572
2027,Singapore,SG,Radiology & diagnostics,Healthcare,Mid,0.49636,0.01384,0.00597,-0.00787,99.21283,-0.00252,-0.01568
2028,Singapore,SG,Radiology & diagnostics,Healthcare,Mid,0.69263,0.01931,0.0111,-0.00821,99.17874,-0.00034,-0.00213
2029,Singapore,SG,Radiology & diagnostics,Healthcare,Mid,0.82532,0.02301,0.01707,-0.00595,99.40536,0.00228,0.01416
2030,Singapore,SG,Radiology & diagnostics,Healthcare,Mid,0.89503,0.02496,0.02184,-0.00312,99.68816,0.00284,0.01767
2026,United Kingdom,UK,Radiology & diagnostics,Healthcare,Mid,0.22387,0.00549,0.0021,-0.00338,99.66169,-0.00153,-0.00953
2027,United Kingdom,UK,Radiology & diagnostics,Healthcare,Mid,0.38281,0.00938,0.00422,-0.00516,99.48372,-0.00179,-0.01112
2028,United Kingdom,UK,Radiology & diagnostics,Healthcare,Mid,0.56215,0.01378,0.0077,-0.00608,99.39208,-0.00092,-0.00573
2029,United Kingdom,UK,Radiology & diagnostics,Healthcare,Mid,0.71203,0.01746,0.01223,-0.00522,99.47773,0.00086,0.00535
2030,United Kingdom,UK,Radiology & diagnostics,Healthcare,Mid,0.80894,0.01983,0.01663,-0.0032,99.67967,0.00203,0.01262
2026,Canada,CA,Radiology & diagnostics,Healthcare,Mid,0.20074,0.00526,0.00187,-0.0034,99.66043,-0.00155,-0.00967
2027,Canada,CA,Radiology & diagnostics,Healthcare,Mid,0.34658,0.00908,0.00371,-0.00537,99.46273,-0.00198,-0.01236
2028,Canada,CA,Radiology & diagnostics,Healthcare,Mid,0.51964,0.01362,0.00679,-0.00683,99.31704,-0.00146,-0.00911
2029,Canada,CA,Radiology & diagnostics,Healthcare,Mid,0.67388,0.01766,0.01096,-0.00671,99.32947,0.00013,0.00078
2030,Canada,CA,Radiology & diagnostics,Healthcare,Mid,0.78002,0.02044,0.01525,-0.0052,99.48023,0.00152,0.00942
2026,United Arab Emirates,AE,Radiology & diagnostics,Healthcare,Mid,0.17156,0.00429,0.00153,-0.00276,99.7237,-0.00137,-0.00853
2027,United Arab Emirates,AE,Radiology & diagnostics,Healthcare,Mid,0.31516,0.00788,0.00328,-0.0046,99.53976,-0.00184,-0.0115
2028,United Arab Emirates,AE,Radiology & diagnostics,Healthcare,Mid,0.49072,0.01227,0.00643,-0.00584,99.41605,-0.00124,-0.00773
2029,United Arab Emirates,AE,Radiology & diagnostics,Healthcare,Mid,0.64406,0.0161,0.01092,-0.00518,99.48155,0.00066,0.00409
2030,United Arab Emirates,AE,Radiology & diagnostics,Healthcare,Mid,0.74334,0.01858,0.01556,-0.00302,99.69775,0.00217,0.01351
2026,Australia,AU,Radiology & diagnostics,Healthcare,Mid,0.18674,0.00449,0.00166,-0.00282,99.71778,-0.0013,-0.00811
2027,Australia,AU,Radiology & diagnostics,Healthcare,Mid,0.32645,0.00784,0.00333,-0.00451,99.54881,-0.00169,-0.01056
2028,Australia,AU,Radiology & diagnostics,Healthcare,Mid,0.49683,0.01194,0.00616,-0.00578,99.42213,-0.00127,-0.00792
2029,Australia,AU,Radiology & diagnostics,Healthcare,Mid,0.65308,0.01569,0.01008,-0.00561,99.43879,0.00017,0.00104
2030,Australia,AU,Radiology & diagnostics,Healthcare,Mid,0.7631,0.01833,0.01423,-0.0041,99.58987,0.00152,0.00944
2026,Germany,DE,Radiology & diagnostics,Healthcare,Mid,0.18062,0.00347,0.00156,-0.00192,99.80829,-0.00082,-0.00512
2027,Germany,DE,Radiology & diagnostics,Healthcare,Mid,0.30566,0.00588,0.00295,-0.00293,99.70717,-0.00101,-0.00632
2028,Germany,DE,Radiology & diagnostics,Healthcare,Mid,0.46101,0.00887,0.00523,-0.00364,99.6363,-0.00071,-0.00443
2029,Germany,DE,Radiology & diagnostics,Healthcare,Mid,0.61255,0.01178,0.00838,-0.0034,99.65997,0.00024,0.00148
2030,Germany,DE,Radiology & diagnostics,Healthcare,Mid,0.72923,0.01402,0.01186,-0.00217,99.78341,0.00124,0.00772
2026,Japan,JP,Radiology & diagnostics,Healthcare,Mid,0.16856,0.00301,0.00127,-0.00174,99.82632,-0.00076,-0.00473
2027,Japan,JP,Radiology & diagnostics,Healthcare,Mid,0.28811,0.00514,0.00242,-0.00272,99.72799,-0.00098,-0.00615
2028,Japan,JP,Radiology & diagnostics,Healthcare,Mid,0.44,0.00785,0.00433,-0.00353,99.64749,-0.00081,-0.00503
2029,Japan,JP,Radiology & diagnostics,Healthcare,Mid,0.59189,0.01056,0.00701,-0.00355,99.64513,-0.00002,-0.00015
2030,Japan,JP,Radiology & diagnostics,Healthcare,Mid,0.71144,0.01269,0.01005,-0.00264,99.73567,0.00091,0.00566
2026,India,IN,Radiology & diagnostics,Healthcare,Mid,0.12095,0.00348,0.00112,-0.00236,99.76433,-0.00116,-0.00722
2027,India,IN,Radiology & diagnostics,Healthcare,Mid,0.22322,0.00642,0.00233,-0.00409,99.59125,-0.00173,-0.01082
2028,India,IN,Radiology & diagnostics,Healthcare,Mid,0.36,0.01035,0.00452,-0.00583,99.41744,-0.00175,-0.01086
2029,India,IN,Radiology & diagnostics,Healthcare,Mid,0.49678,0.01428,0.00784,-0.00644,99.35614,-0.00062,-0.00383
2030,India,IN,Radiology & diagnostics,Healthcare,Mid,0.59905,0.01722,0.0117,-0.00552,99.44786,0.00092,0.00573
2026,France,FR,Radiology & diagnostics,Healthcare,Mid,0.16451,0.00326,0.00136,-0.00191,99.80911,-0.00082,-0.00512
2027,France,FR,Radiology & diagnostics,Healthcare,Mid,0.2785,0.00553,0.00254,-0.00299,99.70117,-0.00108,-0.00675
2028,France,FR,Radiology & diagnostics,Healthcare,Mid,0.42461,0.00842,0.00448,-0.00395,99.60524,-0.00096,-0.006
2029,France,FR,Radiology & diagnostics,Healthcare,Mid,0.57419,0.01139,0.00722,-0.00418,99.58234,-0.00023,-0.00143
2030,France,FR,Radiology & diagnostics,Healthcare,Mid,0.69594,0.01381,0.01037,-0.00344,99.65567,0.00074,0.00458
2026,Brazil,BR,Radiology & diagnostics,Healthcare,Mid,0.09137,0.00233,0.00076,-0.00156,99.84353,-0.00072,-0.0045
2027,Brazil,BR,Radiology & diagnostics,Healthcare,Mid,0.16352,0.00417,0.00147,-0.0027,99.73007,-0.00114,-0.00709
2028,Brazil,BR,Radiology & diagnostics,Healthcare,Mid,0.26903,0.00686,0.00271,-0.00415,99.58523,-0.00145,-0.00905
2029,Brazil,BR,Radiology & diagnostics,Healthcare,Mid,0.39586,0.01009,0.00467,-0.00542,99.45777,-0.00128,-0.00797
2030,Brazil,BR,Radiology & diagnostics,Healthcare,Mid,0.51686,0.01317,0.00728,-0.00589,99.41066,-0.00047,-0.00294
2026,Nigeria,NG,Radiology & diagnostics,Healthcare,Mid,0.0536,0.00169,0.00044,-0.00124,99.87567,-0.00056,-0.0035
2027,Nigeria,NG,Radiology & diagnostics,Healthcare,Mid,0.09502,0.00299,0.00082,-0.00217,99.78324,-0.00093,-0.00578
2028,Nigeria,NG,Radiology & diagnostics,Healthcare,Mid,0.1593,0.00501,0.00148,-0.00353,99.6474,-0.00136,-0.00849
2029,Nigeria,NG,Radiology & diagnostics,Healthcare,Mid,0.24627,0.00775,0.00257,-0.00518,99.48213,-0.00166,-0.01033
2030,Nigeria,NG,Radiology & diagnostics,Healthcare,Mid,0.34443,0.01083,0.00414,-0.00669,99.33119,-0.00152,-0.00943
2026,United States,US,Radiology & diagnostics,Healthcare,Senior,0.31272,0.00386,0.00289,-0.00097,99.90324,-0.00026,-0.00232
2027,United States,US,Radiology & diagnostics,Healthcare,Senior,0.50443,0.00623,0.0058,-0.00042,99.9577,0.00055,0.00495
2028,United States,US,Radiology & diagnostics,Healthcare,Senior,0.68352,0.00844,0.01018,0.00175,100.17468,0.00217,0.01973
2029,United States,US,Radiology & diagnostics,Healthcare,Senior,0.80581,0.00995,0.01503,0.00509,100.50875,0.00333,0.03037
2030,United States,US,Radiology & diagnostics,Healthcare,Senior,0.87252,0.01077,0.01888,0.00811,100.81064,0.003,0.02744
2026,Singapore,SG,Radiology & diagnostics,Healthcare,Senior,0.2925,0.00374,0.00236,-0.00138,99.86185,-0.00054,-0.00493
2027,Singapore,SG,Radiology & diagnostics,Healthcare,Senior,0.49636,0.00634,0.00504,-0.00131,99.86928,0.00007,0.00068
2028,Singapore,SG,Radiology & diagnostics,Healthcare,Senior,0.69263,0.00885,0.00937,0.00051,100.05147,0.00182,0.01656
2029,Singapore,SG,Radiology & diagnostics,Healthcare,Senior,0.82532,0.01055,0.0144,0.00385,100.38528,0.00334,0.03035
2030,Singapore,SG,Radiology & diagnostics,Healthcare,Senior,0.89503,0.01144,0.01843,0.00699,100.69881,0.00312,0.0285
2026,United Kingdom,UK,Radiology & diagnostics,Healthcare,Senior,0.22387,0.00252,0.00178,-0.00074,99.92607,-0.00027,-0.00247
2027,United Kingdom,UK,Radiology & diagnostics,Healthcare,Senior,0.38281,0.0043,0.00356,-0.00074,99.92608,0,0
2028,United Kingdom,UK,Radiology & diagnostics,Healthcare,Senior,0.56215,0.00632,0.0065,0.00018,100.01821,0.00092,0.00838
2029,United Kingdom,UK,Radiology & diagnostics,Healthcare,Senior,0.71203,0.008,0.01032,0.00232,100.23208,0.00214,0.01944
2030,United Kingdom,UK,Radiology & diagnostics,Healthcare,Senior,0.80894,0.00909,0.01403,0.00494,100.49403,0.00261,0.02381
2026,Canada,CA,Radiology & diagnostics,Healthcare,Senior,0.20074,0.00241,0.00157,-0.00084,99.91625,-0.00034,-0.00305
2027,Canada,CA,Radiology & diagnostics,Healthcare,Senior,0.34658,0.00416,0.00313,-0.00103,99.89676,-0.0002,-0.00177
2028,Canada,CA,Radiology & diagnostics,Healthcare,Senior,0.51964,0.00624,0.00573,-0.00051,99.94864,0.00052,0.00472
2029,Canada,CA,Radiology & diagnostics,Healthcare,Senior,0.67388,0.00809,0.00924,0.00115,100.11493,0.00166,0.01512
2030,Canada,CA,Radiology & diagnostics,Healthcare,Senior,0.78002,0.00937,0.01286,0.00349,100.34935,0.00234,0.02131
2026,United Arab Emirates,AE,Radiology & diagnostics,Healthcare,Senior,0.17156,0.00197,0.00129,-0.00068,99.93217,-0.0003,-0.00272
2027,United Arab Emirates,AE,Radiology & diagnostics,Healthcare,Senior,0.31516,0.00361,0.00276,-0.00085,99.91532,-0.00017,-0.00153
2028,United Arab Emirates,AE,Radiology & diagnostics,Healthcare,Senior,0.49072,0.00562,0.00542,-0.0002,99.98009,0.00065,0.00589
2029,United Arab Emirates,AE,Radiology & diagnostics,Healthcare,Senior,0.64406,0.00738,0.00921,0.00183,100.1831,0.00203,0.01846
2030,United Arab Emirates,AE,Radiology & diagnostics,Healthcare,Senior,0.74334,0.00852,0.01313,0.00461,100.46117,0.00278,0.02528
2026,Australia,AU,Radiology & diagnostics,Healthcare,Senior,0.18674,0.00206,0.0014,-0.00065,99.93479,-0.00026,-0.00236
2027,Australia,AU,Radiology & diagnostics,Healthcare,Senior,0.32645,0.00359,0.00281,-0.00078,99.92158,-0.00013,-0.0012
2028,Australia,AU,Radiology & diagnostics,Healthcare,Senior,0.49683,0.00547,0.0052,-0.00028,99.97246,0.00051,0.00463
2029,Australia,AU,Radiology & diagnostics,Healthcare,Senior,0.65308,0.00719,0.0085,0.00131,100.13119,0.00159,0.01443
2030,Australia,AU,Radiology & diagnostics,Healthcare,Senior,0.7631,0.0084,0.01201,0.00361,100.36054,0.00229,0.02085
2026,Germany,DE,Radiology & diagnostics,Healthcare,Senior,0.18062,0.00159,0.00131,-0.00028,99.97212,-0.00008,-0.00073
2027,Germany,DE,Radiology & diagnostics,Healthcare,Senior,0.30566,0.00269,0.00249,-0.00021,99.97948,0.00007,0.00067
2028,Germany,DE,Radiology & diagnostics,Healthcare,Senior,0.46101,0.00406,0.00441,0.00035,100.03483,0.00055,0.00503
2029,Germany,DE,Radiology & diagnostics,Healthcare,Senior,0.61255,0.0054,0.00707,0.00167,100.16712,0.00132,0.01203
2030,Germany,DE,Radiology & diagnostics,Healthcare,Senior,0.72923,0.00643,0.01001,0.00358,100.35775,0.0019,0.01733
2026,Japan,JP,Radiology & diagnostics,Healthcare,Senior,0.16856,0.00138,0.00107,-0.00031,99.96936,-0.0001,-0.00095
2027,Japan,JP,Radiology & diagnostics,Healthcare,Senior,0.28811,0.00236,0.00204,-0.00031,99.96861,-0.00001,-0.00007
2028,Japan,JP,Radiology & diagnostics,Healthcare,Senior,0.44,0.0036,0.00365,0.00005,100.00513,0.00037,0.00332
2029,Japan,JP,Radiology & diagnostics,Healthcare,Senior,0.59189,0.00484,0.00592,0.00108,100.10759,0.00102,0.00931
2030,Japan,JP,Radiology & diagnostics,Healthcare,Senior,0.71144,0.00582,0.00848,0.00266,100.26619,0.00158,0.01442
2026,India,IN,Radiology & diagnostics,Healthcare,Senior,0.12095,0.00159,0.00095,-0.00065,99.93516,-0.0003,-0.00271
2027,India,IN,Radiology & diagnostics,Healthcare,Senior,0.22322,0.00294,0.00197,-0.00098,99.90244,-0.00033,-0.00297
2028,India,IN,Radiology & diagnostics,Healthcare,Senior,0.36,0.00474,0.00382,-0.00093,99.90735,0.00005,0.00045
2029,India,IN,Radiology & diagnostics,Healthcare,Senior,0.49678,0.00655,0.00662,0.00007,100.00718,0.001,0.00908
2030,India,IN,Radiology & diagnostics,Healthcare,Senior,0.59905,0.00789,0.00987,0.00198,100.19789,0.00191,0.01734
2026,France,FR,Radiology & diagnostics,Healthcare,Senior,0.16451,0.0015,0.00114,-0.00035,99.96474,-0.00012,-0.00111
2027,France,FR,Radiology & diagnostics,Healthcare,Senior,0.2785,0.00253,0.00214,-0.00039,99.96084,-0.00004,-0.00036
2028,France,FR,Radiology & diagnostics,Healthcare,Senior,0.42461,0.00386,0.00378,-0.00008,99.99162,0.00031,0.0028
2029,France,FR,Radiology & diagnostics,Healthcare,Senior,0.57419,0.00522,0.00609,0.00087,100.0867,0.00095,0.00864
2030,France,FR,Radiology & diagnostics,Healthcare,Senior,0.69594,0.00633,0.00875,0.00242,100.24167,0.00155,0.01409
2026,Brazil,BR,Radiology & diagnostics,Healthcare,Senior,0.09137,0.00107,0.00064,-0.00042,99.95772,-0.00019,-0.00169
2027,Brazil,BR,Radiology & diagnostics,Healthcare,Senior,0.16352,0.00191,0.00124,-0.00067,99.93287,-0.00025,-0.00226
2028,Brazil,BR,Radiology & diagnostics,Healthcare,Senior,0.26903,0.00314,0.00229,-0.00086,99.9143,-0.00019,-0.00169
2029,Brazil,BR,Radiology & diagnostics,Healthcare,Senior,0.39586,0.00462,0.00394,-0.00069,99.93134,0.00017,0.00155
2030,Brazil,BR,Radiology & diagnostics,Healthcare,Senior,0.51686,0.00604,0.00614,0.0001,100.01045,0.00079,0.00719
2026,Nigeria,NG,Radiology & diagnostics,Healthcare,Senior,0.0536,0.00077,0.00037,-0.0004,99.96006,-0.00018,-0.0016
2027,Nigeria,NG,Radiology & diagnostics,Healthcare,Senior,0.09502,0.00137,0.00069,-0.00068,99.93229,-0.00028,-0.00252
2028,Nigeria,NG,Radiology & diagnostics,Healthcare,Senior,0.1593,0.0023,0.00125,-0.00104,99.89559,-0.00037,-0.00334
2029,Nigeria,NG,Radiology & diagnostics,Healthcare,Senior,0.24627,0.00355,0.00217,-0.00138,99.86155,-0.00034,-0.00309
2030,Nigeria,NG,Radiology & diagnostics,Healthcare,Senior,0.34443,0.00496,0.0035,-0.00147,99.85318,-0.00008,-0.00076
2026,United States,US,Radiology & diagnostics,Healthcare,Lead / Executive,0.31272,0.00191,0.00222,0.00032,100.03156,0.0003,0.00432
2027,United States,US,Radiology & diagnostics,Healthcare,Lead / Executive,0.50443,0.00307,0.00446,0.00138,100.13825,0.00107,0.01524
2028,United States,US,Radiology & diagnostics,Healthcare,Lead / Executive,0.68352,0.00416,0.00782,0.00365,100.36544,0.00227,0.03246
2029,United States,US,Radiology & diagnostics,Healthcare,Lead / Executive,0.80581,0.00491,0.01154,0.00663,100.66328,0.00297,0.04255
2030,United States,US,Radiology & diagnostics,Healthcare,Lead / Executive,0.87252,0.00532,0.01449,0.00918,100.91761,0.00253,0.03633
2026,Singapore,SG,Radiology & diagnostics,Healthcare,Lead / Executive,0.2925,0.00184,0.00181,-0.00004,99.99644,0.0001,0.00141
2027,Singapore,SG,Radiology & diagnostics,Healthcare,Lead / Executive,0.49636,0.00313,0.00387,0.00074,100.07358,0.00077,0.01102
2028,Singapore,SG,Radiology & diagnostics,Healthcare,Lead / Executive,0.69263,0.00437,0.00719,0.00282,100.28222,0.00208,0.02981
2029,Singapore,SG,Radiology & diagnostics,Healthcare,Lead / Executive,0.82532,0.00521,0.01106,0.00585,100.58497,0.00302,0.04325
2030,Singapore,SG,Radiology & diagnostics,Healthcare,Lead / Executive,0.89503,0.00565,0.01415,0.0085,100.85009,0.00264,0.03787
2026,United Kingdom,UK,Radiology & diagnostics,Healthcare,Lead / Executive,0.22387,0.00124,0.00136,0.00012,100.01221,0.00012,0.00176
2027,United Kingdom,UK,Radiology & diagnostics,Healthcare,Lead / Executive,0.38281,0.00212,0.00273,0.00061,100.06118,0.00049,0.007
2028,United Kingdom,UK,Radiology & diagnostics,Healthcare,Lead / Executive,0.56215,0.00312,0.00499,0.00187,100.18715,0.00126,0.018
2029,United Kingdom,UK,Radiology & diagnostics,Healthcare,Lead / Executive,0.71203,0.00395,0.00792,0.00398,100.39751,0.0021,0.03005
2030,United Kingdom,UK,Radiology & diagnostics,Healthcare,Lead / Executive,0.80894,0.00449,0.01077,0.00628,100.62845,0.0023,0.03299
2026,Canada,CA,Radiology & diagnostics,Healthcare,Lead / Executive,0.20074,0.00119,0.00121,0.00002,100.00182,0.00006,0.00084
2027,Canada,CA,Radiology & diagnostics,Healthcare,Lead / Executive,0.34658,0.00205,0.0024,0.00035,100.03489,0.00033,0.00472
2028,Canada,CA,Radiology & diagnostics,Healthcare,Lead / Executive,0.51964,0.00308,0.0044,0.00132,100.1317,0.00097,0.01383
2029,Canada,CA,Radiology & diagnostics,Healthcare,Lead / Executive,0.67388,0.00399,0.0071,0.0031,100.31016,0.00178,0.02549
2030,Canada,CA,Radiology & diagnostics,Healthcare,Lead / Executive,0.78002,0.00462,0.00987,0.00525,100.52507,0.00214,0.0307
2026,United Arab Emirates,AE,Radiology & diagnostics,Healthcare,Lead / Executive,0.17156,0.00097,0.00099,0.00002,100.00182,0.00005,0.00069
2027,United Arab Emirates,AE,Radiology & diagnostics,Healthcare,Lead / Executive,0.31516,0.00178,0.00212,0.00034,100.034,0.00032,0.0046
2028,United Arab Emirates,AE,Radiology & diagnostics,Healthcare,Lead / Executive,0.49072,0.00277,0.00416,0.00139,100.13887,0.00105,0.01498
2029,United Arab Emirates,AE,Radiology & diagnostics,Healthcare,Lead / Executive,0.64406,0.00364,0.00707,0.00343,100.34288,0.00204,0.02914
2030,United Arab Emirates,AE,Radiology & diagnostics,Healthcare,Lead / Executive,0.74334,0.0042,0.01008,0.00588,100.58754,0.00244,0.03495
2026,Australia,AU,Radiology & diagnostics,Healthcare,Lead / Executive,0.18674,0.00101,0.00108,0.00006,100.00632,0.00007,0.00104
2027,Australia,AU,Radiology & diagnostics,Healthcare,Lead / Executive,0.32645,0.00177,0.00216,0.00038,100.03835,0.00032,0.00458
2028,Australia,AU,Radiology & diagnostics,Healthcare,Lead / Executive,0.49683,0.0027,0.00399,0.00129,100.12884,0.0009,0.01293
2029,Australia,AU,Radiology & diagnostics,Healthcare,Lead / Executive,0.65308,0.00355,0.00653,0.00298,100.29787,0.00169,0.02415
2030,Australia,AU,Radiology & diagnostics,Healthcare,Lead / Executive,0.7631,0.00415,0.00922,0.00507,100.50715,0.00209,0.0299
2026,Germany,DE,Radiology & diagnostics,Healthcare,Lead / Executive,0.18062,0.00079,0.00101,0.00022,100.02224,0.00014,0.00197
2027,Germany,DE,Radiology & diagnostics,Healthcare,Lead / Executive,0.30566,0.00133,0.00191,0.00058,100.05812,0.00036,0.00512
2028,Germany,DE,Radiology & diagnostics,Healthcare,Lead / Executive,0.46101,0.00201,0.00339,0.00138,100.13815,0.0008,0.01143
2029,Germany,DE,Radiology & diagnostics,Healthcare,Lead / Executive,0.61255,0.00266,0.00543,0.00276,100.27632,0.00138,0.01974
2030,Germany,DE,Radiology & diagnostics,Healthcare,Lead / Executive,0.72923,0.00317,0.00768,0.00451,100.45086,0.00174,0.02493
2026,Japan,JP,Radiology & diagnostics,Healthcare,Lead / Executive,0.16856,0.00068,0.00082,0.00014,100.01427,0.00009,0.00133
2027,Japan,JP,Radiology & diagnostics,Healthcare,Lead / Executive,0.28811,0.00116,0.00157,0.0004,100.0405,0.00026,0.00375
2028,Japan,JP,Radiology & diagnostics,Healthcare,Lead / Executive,0.44,0.00178,0.0028,0.00103,100.10259,0.00062,0.00887
2029,Japan,JP,Radiology & diagnostics,Healthcare,Lead / Executive,0.59189,0.00239,0.00454,0.00215,100.2153,0.00113,0.0161
2030,Japan,JP,Radiology & diagnostics,Healthcare,Lead / Executive,0.71144,0.00287,0.00651,0.00364,100.36385,0.00148,0.02122
2026,India,IN,Radiology & diagnostics,Healthcare,Lead / Executive,0.12095,0.00079,0.00073,-0.00006,99.99392,-0.00001,-0.00012
2027,India,IN,Radiology & diagnostics,Healthcare,Lead / Executive,0.22322,0.00145,0.00151,0.00006,100.00575,0.00012,0.00169
2028,India,IN,Radiology & diagnostics,Healthcare,Lead / Executive,0.36,0.00234,0.00293,0.00059,100.05893,0.00053,0.0076
2029,India,IN,Radiology & diagnostics,Healthcare,Lead / Executive,0.49678,0.00323,0.00508,0.00185,100.18497,0.00126,0.01801
2030,India,IN,Radiology & diagnostics,Healthcare,Lead / Executive,0.59905,0.0039,0.00758,0.00368,100.36832,0.00183,0.02619
2026,France,FR,Radiology & diagnostics,Healthcare,Lead / Executive,0.16451,0.00074,0.00088,0.00014,100.01395,0.00009,0.0013
2027,France,FR,Radiology & diagnostics,Healthcare,Lead / Executive,0.2785,0.00125,0.00164,0.00039,100.03937,0.00025,0.00363
2028,France,FR,Radiology & diagnostics,Healthcare,Lead / Executive,0.42461,0.00191,0.0029,0.00099,100.09944,0.0006,0.00858
2029,France,FR,Radiology & diagnostics,Healthcare,Lead / Executive,0.57419,0.00258,0.00467,0.0021,100.20972,0.0011,0.01575
2030,France,FR,Radiology & diagnostics,Healthcare,Lead / Executive,0.69594,0.00312,0.00671,0.00359,100.35905,0.00149,0.02133
2026,Brazil,BR,Radiology & diagnostics,Healthcare,Lead / Executive,0.09137,0.00053,0.00049,-0.00003,99.99681,0,-0.00007
2027,Brazil,BR,Radiology & diagnostics,Healthcare,Lead / Executive,0.16352,0.00094,0.00095,0.00001,100.00084,0.00004,0.00058
2028,Brazil,BR,Radiology & diagnostics,Healthcare,Lead / Executive,0.26903,0.00155,0.00175,0.0002,100.02037,0.0002,0.00279
2029,Brazil,BR,Radiology & diagnostics,Healthcare,Lead / Executive,0.39586,0.00228,0.00302,0.00074,100.07407,0.00054,0.00767
2030,Brazil,BR,Radiology & diagnostics,Healthcare,Lead / Executive,0.51686,0.00298,0.00472,0.00174,100.17356,0.00099,0.01421
2026,Nigeria,NG,Radiology & diagnostics,Healthcare,Lead / Executive,0.0536,0.00038,0.00029,-0.00009,99.99052,-0.00004,-0.00056
2027,Nigeria,NG,Radiology & diagnostics,Healthcare,Lead / Executive,0.09502,0.00068,0.00053,-0.00014,99.98557,-0.00005,-0.00071
2028,Nigeria,NG,Radiology & diagnostics,Healthcare,Lead / Executive,0.1593,0.00113,0.00096,-0.00017,99.9828,-0.00003,-0.0004
2029,Nigeria,NG,Radiology & diagnostics,Healthcare,Lead / Executive,0.24627,0.00175,0.00166,-0.00009,99.99104,0.00008,0.00118
2030,Nigeria,NG,Radiology & diagnostics,Healthcare,Lead / Executive,0.34443,0.00245,0.00268,0.00023,100.02341,0.00032,0.00462
2026,United States,US,Teaching (K-12),Education,Entry,0.31272,0.0139,0.00037,-0.01354,98.64607,-0.00639,-0.01813
2027,United States,US,Teaching (K-12),Education,Entry,0.50443,0.02243,0.00073,-0.0217,97.83044,-0.00827,-0.0233
2028,United States,US,Teaching (K-12),Education,Entry,0.68352,0.03039,0.00129,-0.02911,97.08943,-0.00757,-0.02117
2029,United States,US,Teaching (K-12),Education,Entry,0.80581,0.03583,0.0019,-0.03393,96.60695,-0.00497,-0.01379
2030,United States,US,Teaching (K-12),Education,Entry,0.87252,0.03879,0.00238,-0.03641,96.3588,-0.00257,-0.00709
2026,Singapore,SG,Teaching (K-12),Education,Entry,0.2925,0.01346,0.0003,-0.01317,98.6833,-0.00664,-0.01885
2027,Singapore,SG,Teaching (K-12),Education,Entry,0.49636,0.02285,0.00064,-0.02221,97.77867,-0.00917,-0.02585
2028,Singapore,SG,Teaching (K-12),Education,Entry,0.69263,0.03188,0.00118,-0.0307,96.92981,-0.00868,-0.02425
2029,Singapore,SG,Teaching (K-12),Education,Entry,0.82532,0.03799,0.00182,-0.03617,96.38256,-0.00565,-0.01564
2030,Singapore,SG,Teaching (K-12),Education,Entry,0.89503,0.0412,0.00233,-0.03888,96.11248,-0.0028,-0.00772
2026,United Kingdom,UK,Teaching (K-12),Education,Entry,0.22387,0.00906,0.00022,-0.00884,99.11644,-0.00425,-0.01209
2027,United Kingdom,UK,Teaching (K-12),Education,Entry,0.38281,0.01549,0.00045,-0.01504,98.49576,-0.00626,-0.01773
2028,United Kingdom,UK,Teaching (K-12),Education,Entry,0.56215,0.02275,0.00082,-0.02193,97.80707,-0.00699,-0.01968
2029,United Kingdom,UK,Teaching (K-12),Education,Entry,0.71203,0.02881,0.0013,-0.02751,97.24877,-0.00571,-0.01595
2030,United Kingdom,UK,Teaching (K-12),Education,Entry,0.80894,0.03274,0.00177,-0.03097,96.90339,-0.00355,-0.00987
2026,Canada,CA,Teaching (K-12),Education,Entry,0.20074,0.00868,0.0002,-0.00849,99.15137,-0.00407,-0.01158
2027,Canada,CA,Teaching (K-12),Education,Entry,0.34658,0.01499,0.0004,-0.0146,98.54006,-0.00617,-0.01747
2028,Canada,CA,Teaching (K-12),Education,Entry,0.51964,0.02248,0.00072,-0.02176,97.82413,-0.00727,-0.02046
2029,Canada,CA,Teaching (K-12),Education,Entry,0.67388,0.02915,0.00117,-0.02799,97.20117,-0.00637,-0.0178
2030,Canada,CA,Teaching (K-12),Education,Entry,0.78002,0.03375,0.00162,-0.03212,96.78764,-0.00425,-0.01182
2026,United Arab Emirates,AE,Teaching (K-12),Education,Entry,0.17156,0.00708,0.00016,-0.00692,99.30826,-0.00357,-0.01018
2027,United Arab Emirates,AE,Teaching (K-12),Education,Entry,0.31516,0.01301,0.00035,-0.01266,98.7343,-0.00578,-0.0164
2028,United Arab Emirates,AE,Teaching (K-12),Education,Entry,0.49072,0.02025,0.00068,-0.01957,98.04338,-0.007,-0.01974
2029,United Arab Emirates,AE,Teaching (K-12),Education,Entry,0.64406,0.02658,0.00116,-0.02542,97.45836,-0.00597,-0.01671
2030,United Arab Emirates,AE,Teaching (K-12),Education,Entry,0.74334,0.03068,0.00166,-0.02902,97.0981,-0.0037,-0.01029
2026,Australia,AU,Teaching (K-12),Education,Entry,0.18674,0.00741,0.00018,-0.00723,99.27712,-0.0035,-0.00995
2027,Australia,AU,Teaching (K-12),Education,Entry,0.32645,0.01295,0.00035,-0.01259,98.74081,-0.0054,-0.01532
2028,Australia,AU,Teaching (K-12),Education,Entry,0.49683,0.0197,0.00066,-0.01905,98.09518,-0.00654,-0.01845
2029,Australia,AU,Teaching (K-12),Education,Entry,0.65308,0.0259,0.00107,-0.02483,97.51723,-0.00589,-0.01651
2030,Australia,AU,Teaching (K-12),Education,Entry,0.7631,0.03026,0.00152,-0.02875,97.12514,-0.00402,-0.0112
2026,Germany,DE,Teaching (K-12),Education,Entry,0.18062,0.00573,0.00017,-0.00557,99.44317,-0.00254,-0.00725
2027,Germany,DE,Teaching (K-12),Education,Entry,0.30566,0.0097,0.00031,-0.00939,99.06104,-0.00384,-0.01092
2028,Germany,DE,Teaching (K-12),Education,Entry,0.46101,0.01464,0.00056,-0.01408,98.59212,-0.00473,-0.0134
2029,Germany,DE,Teaching (K-12),Education,Entry,0.61255,0.01945,0.00089,-0.01855,98.14459,-0.00454,-0.01279
2030,Germany,DE,Teaching (K-12),Education,Entry,0.72923,0.02315,0.00126,-0.02189,97.81122,-0.0034,-0.00952
2026,Japan,JP,Teaching (K-12),Education,Entry,0.16856,0.00496,0.00014,-0.00483,99.51707,-0.00222,-0.00634
2027,Japan,JP,Teaching (K-12),Education,Entry,0.28811,0.00849,0.00026,-0.00823,99.17722,-0.00342,-0.00971
2028,Japan,JP,Teaching (K-12),Education,Entry,0.44,0.01296,0.00046,-0.0125,98.75013,-0.00431,-0.0122
2029,Japan,JP,Teaching (K-12),Education,Entry,0.59189,0.01743,0.00075,-0.01669,98.33136,-0.00424,-0.01196
2030,Japan,JP,Teaching (K-12),Education,Entry,0.71144,0.02095,0.00107,-0.01988,98.01162,-0.00325,-0.00914
2026,India,IN,Teaching (K-12),Education,Entry,0.12095,0.00574,0.00012,-0.00562,99.43795,-0.00284,-0.0081
2027,India,IN,Teaching (K-12),Education,Entry,0.22322,0.01059,0.00025,-0.01035,98.96547,-0.00475,-0.0135
2028,India,IN,Teaching (K-12),Education,Entry,0.36,0.01708,0.00048,-0.0166,98.33971,-0.00632,-0.01788
2029,India,IN,Teaching (K-12),Education,Entry,0.49678,0.02358,0.00084,-0.02274,97.72592,-0.00624,-0.01754
2030,India,IN,Teaching (K-12),Education,Entry,0.59905,0.02843,0.00125,-0.02718,97.28164,-0.00455,-0.01269
2026,France,FR,Teaching (K-12),Education,Entry,0.16451,0.00539,0.00014,-0.00524,99.47559,-0.00237,-0.00676
2027,France,FR,Teaching (K-12),Education,Entry,0.2785,0.00912,0.00027,-0.00885,99.11481,-0.00363,-0.01031
2028,France,FR,Teaching (K-12),Education,Entry,0.42461,0.01391,0.00048,-0.01343,98.65691,-0.00462,-0.01308
2029,France,FR,Teaching (K-12),Education,Entry,0.57419,0.01881,0.00077,-0.01804,98.19612,-0.00467,-0.01317
2030,France,FR,Teaching (K-12),Education,Entry,0.69594,0.02279,0.0011,-0.02169,97.83087,-0.00372,-0.01044
2026,Brazil,BR,Teaching (K-12),Education,Entry,0.09137,0.00384,0.00008,-0.00376,99.62373,-0.00177,-0.00505
2027,Brazil,BR,Teaching (K-12),Education,Entry,0.16352,0.00688,0.00016,-0.00672,99.32766,-0.00297,-0.00846
2028,Brazil,BR,Teaching (K-12),Education,Entry,0.26903,0.01132,0.00029,-0.01103,98.89698,-0.00434,-0.01231
2029,Brazil,BR,Teaching (K-12),Education,Entry,0.39586,0.01665,0.0005,-0.01616,98.38421,-0.00518,-0.01465
2030,Brazil,BR,Teaching (K-12),Education,Entry,0.51686,0.02175,0.00078,-0.02097,97.90293,-0.00489,-0.01375
2026,Nigeria,NG,Teaching (K-12),Education,Entry,0.0536,0.00278,0.00005,-0.00274,99.72645,-0.00125,-0.00355
2027,Nigeria,NG,Teaching (K-12),Education,Entry,0.09502,0.00493,0.00009,-0.00485,99.51541,-0.00212,-0.00603
2028,Nigeria,NG,Teaching (K-12),Education,Entry,0.1593,0.00827,0.00016,-0.00811,99.18876,-0.00328,-0.00933
2029,Nigeria,NG,Teaching (K-12),Education,Entry,0.24627,0.01279,0.00027,-0.01251,98.74878,-0.00444,-0.01257
2030,Nigeria,NG,Teaching (K-12),Education,Entry,0.34443,0.01788,0.00044,-0.01744,98.25596,-0.00499,-0.01408
2026,United States,US,Teaching (K-12),Education,Junior,0.31272,0.00735,0.00055,-0.0068,99.31958,-0.00318,-0.01319
2027,United States,US,Teaching (K-12),Education,Junior,0.50443,0.01186,0.0011,-0.01076,98.92405,-0.00398,-0.01648
2028,United States,US,Teaching (K-12),Education,Junior,0.68352,0.01607,0.00193,-0.01414,98.58608,-0.00342,-0.01408
2029,United States,US,Teaching (K-12),Education,Junior,0.80581,0.01895,0.00285,-0.01609,98.3906,-0.00198,-0.00814
2030,United States,US,Teaching (K-12),Education,Junior,0.87252,0.02052,0.00358,-0.01693,98.30665,-0.00085,-0.0035
2026,Singapore,SG,Teaching (K-12),Education,Junior,0.2925,0.00712,0.00045,-0.00667,99.33267,-0.00334,-0.01385
2027,Singapore,SG,Teaching (K-12),Education,Junior,0.49636,0.01208,0.00096,-0.01113,98.88723,-0.00448,-0.01856
2028,Singapore,SG,Teaching (K-12),Education,Junior,0.69263,0.01686,0.00178,-0.01508,98.4916,-0.004,-0.01648
2029,Singapore,SG,Teaching (K-12),Education,Junior,0.82532,0.02009,0.00273,-0.01736,98.26413,-0.00231,-0.00948
2030,Singapore,SG,Teaching (K-12),Education,Junior,0.89503,0.02179,0.0035,-0.01829,98.17084,-0.00095,-0.00389
2026,United Kingdom,UK,Teaching (K-12),Education,Junior,0.22387,0.00479,0.00034,-0.00445,99.55459,-0.00213,-0.00885
2027,United Kingdom,UK,Teaching (K-12),Education,Junior,0.38281,0.00819,0.00068,-0.00752,99.24832,-0.00308,-0.01276
2028,United Kingdom,UK,Teaching (K-12),Education,Junior,0.56215,0.01203,0.00123,-0.0108,98.92024,-0.00331,-0.01367
2029,United Kingdom,UK,Teaching (K-12),Education,Junior,0.71203,0.01524,0.00196,-0.01328,98.67202,-0.00251,-0.01034
2030,United Kingdom,UK,Teaching (K-12),Education,Junior,0.80894,0.01731,0.00266,-0.01465,98.535,-0.00139,-0.00571
2026,Canada,CA,Teaching (K-12),Education,Junior,0.20074,0.00459,0.0003,-0.00429,99.57057,-0.00205,-0.00851
2027,Canada,CA,Teaching (K-12),Education,Junior,0.34658,0.00793,0.00059,-0.00734,99.26644,-0.00305,-0.01267
2028,Canada,CA,Teaching (K-12),Education,Junior,0.51964,0.01189,0.00109,-0.0108,98.91979,-0.00349,-0.01444
2029,Canada,CA,Teaching (K-12),Education,Junior,0.67388,0.01542,0.00175,-0.01366,98.63359,-0.00289,-0.01192
2030,Canada,CA,Teaching (K-12),Education,Junior,0.78002,0.01785,0.00244,-0.01541,98.45943,-0.00177,-0.00726
2026,United Arab Emirates,AE,Teaching (K-12),Education,Junior,0.17156,0.00374,0.00024,-0.0035,99.65002,-0.0018,-0.00748
2027,United Arab Emirates,AE,Teaching (K-12),Education,Junior,0.31516,0.00688,0.00052,-0.00635,99.36465,-0.00286,-0.01189
2028,United Arab Emirates,AE,Teaching (K-12),Education,Junior,0.49072,0.01071,0.00103,-0.00968,99.03198,-0.00335,-0.01386
2029,United Arab Emirates,AE,Teaching (K-12),Education,Junior,0.64406,0.01406,0.00175,-0.01231,98.7692,-0.00265,-0.01095
2030,United Arab Emirates,AE,Teaching (K-12),Education,Junior,0.74334,0.01622,0.00249,-0.01373,98.62689,-0.00144,-0.00593
2026,Australia,AU,Teaching (K-12),Education,Junior,0.18674,0.00392,0.00027,-0.00365,99.63499,-0.00176,-0.0073
2027,Australia,AU,Teaching (K-12),Education,Junior,0.32645,0.00685,0.00053,-0.00631,99.36866,-0.00267,-0.0111
2028,Australia,AU,Teaching (K-12),Education,Junior,0.49683,0.01042,0.00099,-0.00943,99.05657,-0.00314,-0.013
2029,Australia,AU,Teaching (K-12),Education,Junior,0.65308,0.0137,0.00161,-0.01208,98.79163,-0.00267,-0.01104
2030,Australia,AU,Teaching (K-12),Education,Junior,0.7631,0.016,0.00228,-0.01373,98.6274,-0.00166,-0.00684
2026,Germany,DE,Teaching (K-12),Education,Junior,0.18062,0.00303,0.00025,-0.00278,99.72168,-0.00126,-0.00526
2027,Germany,DE,Teaching (K-12),Education,Junior,0.30566,0.00513,0.00047,-0.00466,99.53406,-0.00188,-0.00782
2028,Germany,DE,Teaching (K-12),Education,Junior,0.46101,0.00774,0.00084,-0.0069,99.30973,-0.00225,-0.00935
2029,Germany,DE,Teaching (K-12),Education,Junior,0.61255,0.01028,0.00134,-0.00894,99.10577,-0.00205,-0.0085
2030,Germany,DE,Teaching (K-12),Education,Junior,0.72923,0.01224,0.0019,-0.01034,98.96558,-0.00141,-0.00584
2026,Japan,JP,Teaching (K-12),Education,Junior,0.16856,0.00263,0.0002,-0.00242,99.7578,-0.00111,-0.00462
2027,Japan,JP,Teaching (K-12),Education,Junior,0.28811,0.00449,0.00039,-0.0041,99.59,-0.00168,-0.00699
2028,Japan,JP,Teaching (K-12),Education,Junior,0.44,0.00685,0.00069,-0.00616,99.38392,-0.00207,-0.00859
2029,Japan,JP,Teaching (K-12),Education,Junior,0.59189,0.00922,0.00112,-0.0081,99.19034,-0.00195,-0.00807
2030,Japan,JP,Teaching (K-12),Education,Junior,0.71144,0.01108,0.00161,-0.00947,99.05279,-0.00139,-0.00573
2026,India,IN,Teaching (K-12),Education,Junior,0.12095,0.00304,0.00018,-0.00286,99.71439,-0.00144,-0.00598
2027,India,IN,Teaching (K-12),Education,Junior,0.22322,0.0056,0.00037,-0.00523,99.47708,-0.00238,-0.00989
2028,India,IN,Teaching (K-12),Education,Junior,0.36,0.00904,0.00072,-0.00831,99.16893,-0.0031,-0.01284
2029,India,IN,Teaching (K-12),Education,Junior,0.49678,0.01247,0.00126,-0.01121,98.87879,-0.00293,-0.01209
2030,India,IN,Teaching (K-12),Education,Junior,0.59905,0.01503,0.00187,-0.01316,98.68388,-0.00197,-0.00812
2026,France,FR,Teaching (K-12),Education,Junior,0.16451,0.00285,0.00022,-0.00263,99.73674,-0.00118,-0.00493
2027,France,FR,Teaching (K-12),Education,Junior,0.2785,0.00482,0.00041,-0.00442,99.55822,-0.00179,-0.00744
2028,France,FR,Teaching (K-12),Education,Junior,0.42461,0.00735,0.00072,-0.00664,99.33619,-0.00223,-0.00925
2029,France,FR,Teaching (K-12),Education,Junior,0.57419,0.00995,0.00116,-0.00879,99.12095,-0.00217,-0.00897
2030,France,FR,Teaching (K-12),Education,Junior,0.69594,0.01206,0.00166,-0.0104,98.96048,-0.00162,-0.00669
2026,Brazil,BR,Teaching (K-12),Education,Junior,0.09137,0.00203,0.00012,-0.00191,99.80894,-0.0009,-0.00373
2027,Brazil,BR,Teaching (K-12),Education,Junior,0.16352,0.00364,0.00024,-0.0034,99.65968,-0.0015,-0.00622
2028,Brazil,BR,Teaching (K-12),Education,Junior,0.26903,0.00599,0.00043,-0.00555,99.4448,-0.00216,-0.00895
2029,Brazil,BR,Teaching (K-12),Education,Junior,0.39586,0.00881,0.00075,-0.00806,99.19395,-0.00252,-0.01045
2030,Brazil,BR,Teaching (K-12),Education,Junior,0.51686,0.0115,0.00117,-0.01033,98.96655,-0.00229,-0.00947
2026,Nigeria,NG,Teaching (K-12),Education,Junior,0.0536,0.00147,0.00007,-0.0014,99.85993,-0.00064,-0.00265
2027,Nigeria,NG,Teaching (K-12),Education,Junior,0.09502,0.00261,0.00013,-0.00248,99.75225,-0.00108,-0.00449
2028,Nigeria,NG,Teaching (K-12),Education,Junior,0.1593,0.00437,0.00024,-0.00414,99.58639,-0.00166,-0.00691
2029,Nigeria,NG,Teaching (K-12),Education,Junior,0.24627,0.00676,0.00041,-0.00635,99.36494,-0.00222,-0.00923
2030,Nigeria,NG,Teaching (K-12),Education,Junior,0.34443,0.00946,0.00066,-0.00879,99.1207,-0.00246,-0.01018
2026,United States,US,Teaching (K-12),Education,Mid,0.31272,0.00281,0.00063,-0.00218,99.78198,-0.00098,-0.00614
2027,United States,US,Teaching (K-12),Education,Mid,0.50443,0.00453,0.00126,-0.00327,99.67301,-0.00109,-0.00681
2028,United States,US,Teaching (K-12),Education,Mid,0.68352,0.00614,0.00221,-0.00393,99.60724,-0.00066,-0.00411
2029,United States,US,Teaching (K-12),Education,Mid,0.80581,0.00723,0.00326,-0.00397,99.60266,-0.00005,-0.00029
2030,United States,US,Teaching (K-12),Education,Mid,0.87252,0.00783,0.00409,-0.00374,99.6261,0.00024,0.00147
2026,Singapore,SG,Teaching (K-12),Education,Mid,0.2925,0.00272,0.00051,-0.00221,99.77924,-0.00108,-0.00673
2027,Singapore,SG,Teaching (K-12),Education,Mid,0.49636,0.00461,0.00109,-0.00352,99.64787,-0.00132,-0.00821
2028,Singapore,SG,Teaching (K-12),Education,Mid,0.69263,0.00644,0.00203,-0.00441,99.55936,-0.00089,-0.00553
2029,Singapore,SG,Teaching (K-12),Education,Mid,0.82532,0.00767,0.00312,-0.00455,99.54521,-0.00014,-0.00088
2030,Singapore,SG,Teaching (K-12),Education,Mid,0.89503,0.00832,0.004,-0.00432,99.56775,0.00023,0.00141
2026,United Kingdom,UK,Teaching (K-12),Education,Mid,0.22387,0.00183,0.00039,-0.00144,99.85559,-0.00068,-0.00422
2027,United Kingdom,UK,Teaching (K-12),Education,Mid,0.38281,0.00313,0.00077,-0.00236,99.76444,-0.00091,-0.0057
2028,United Kingdom,UK,Teaching (K-12),Education,Mid,0.56215,0.00459,0.00141,-0.00318,99.68158,-0.00083,-0.00518
2029,United Kingdom,UK,Teaching (K-12),Education,Mid,0.71203,0.00582,0.00224,-0.00358,99.64202,-0.0004,-0.00247
2030,United Kingdom,UK,Teaching (K-12),Education,Mid,0.80894,0.00661,0.00304,-0.00357,99.64327,0.00001,0.00008
2026,Canada,CA,Teaching (K-12),Education,Mid,0.20074,0.00175,0.00034,-0.00141,99.85877,-0.00066,-0.00414
2027,Canada,CA,Teaching (K-12),Education,Mid,0.34658,0.00303,0.00068,-0.00235,99.76513,-0.00094,-0.00585
2028,Canada,CA,Teaching (K-12),Education,Mid,0.51964,0.00454,0.00124,-0.0033,99.67029,-0.00095,-0.00593
2029,Canada,CA,Teaching (K-12),Education,Mid,0.67388,0.00589,0.002,-0.00388,99.6118,-0.00059,-0.00366
2030,Canada,CA,Teaching (K-12),Education,Mid,0.78002,0.00681,0.00279,-0.00402,99.59757,-0.00014,-0.00089
2026,United Arab Emirates,AE,Teaching (K-12),Education,Mid,0.17156,0.00143,0.00028,-0.00115,99.88496,-0.00058,-0.00364
2027,United Arab Emirates,AE,Teaching (K-12),Education,Mid,0.31516,0.00263,0.0006,-0.00203,99.79734,-0.00088,-0.00548
2028,United Arab Emirates,AE,Teaching (K-12),Education,Mid,0.49072,0.00409,0.00118,-0.00291,99.70872,-0.00089,-0.00554
2029,United Arab Emirates,AE,Teaching (K-12),Education,Mid,0.64406,0.00537,0.002,-0.00337,99.66309,-0.00046,-0.00285
2030,United Arab Emirates,AE,Teaching (K-12),Education,Mid,0.74334,0.00619,0.00285,-0.00335,99.66534,0.00002,0.00014
2026,Australia,AU,Teaching (K-12),Education,Mid,0.18674,0.0015,0.0003,-0.00119,99.88091,-0.00056,-0.00352
2027,Australia,AU,Teaching (K-12),Education,Mid,0.32645,0.00261,0.00061,-0.002,99.79953,-0.00081,-0.00509
2028,Australia,AU,Teaching (K-12),Education,Mid,0.49683,0.00398,0.00113,-0.00285,99.71482,-0.00085,-0.00529
2029,Australia,AU,Teaching (K-12),Education,Mid,0.65308,0.00523,0.00184,-0.00339,99.66143,-0.00054,-0.00334
2030,Australia,AU,Teaching (K-12),Education,Mid,0.7631,0.00611,0.0026,-0.00351,99.64935,-0.00012,-0.00076
2026,Germany,DE,Teaching (K-12),Education,Mid,0.18062,0.00116,0.00028,-0.00087,99.9127,-0.00039,-0.00243
2027,Germany,DE,Teaching (K-12),Education,Mid,0.30566,0.00196,0.00054,-0.00142,99.85805,-0.00055,-0.00342
2028,Germany,DE,Teaching (K-12),Education,Mid,0.46101,0.00296,0.00096,-0.002,99.80016,-0.00058,-0.00362
2029,Germany,DE,Teaching (K-12),Education,Mid,0.61255,0.00393,0.00153,-0.00239,99.76069,-0.0004,-0.00247
2030,Germany,DE,Teaching (K-12),Education,Mid,0.72923,0.00467,0.00217,-0.0025,99.74955,-0.00011,-0.0007
2026,Japan,JP,Teaching (K-12),Education,Mid,0.16856,0.001,0.00023,-0.00077,99.92301,-0.00035,-0.00217
2027,Japan,JP,Teaching (K-12),Education,Mid,0.28811,0.00171,0.00044,-0.00127,99.87295,-0.0005,-0.00313
2028,Japan,JP,Teaching (K-12),Education,Mid,0.44,0.00262,0.00079,-0.00183,99.81748,-0.00056,-0.00347
2029,Japan,JP,Teaching (K-12),Education,Mid,0.59189,0.00352,0.00128,-0.00224,99.77631,-0.00041,-0.00257
2030,Japan,JP,Teaching (K-12),Education,Mid,0.71144,0.00423,0.00184,-0.00239,99.76081,-0.00016,-0.00097
2026,India,IN,Teaching (K-12),Education,Mid,0.12095,0.00116,0.00021,-0.00095,99.9046,-0.00048,-0.00297
2027,India,IN,Teaching (K-12),Education,Mid,0.22322,0.00214,0.00043,-0.00171,99.82873,-0.00076,-0.00474
2028,India,IN,Teaching (K-12),Education,Mid,0.36,0.00345,0.00083,-0.00262,99.73781,-0.00091,-0.00568
2029,India,IN,Teaching (K-12),Education,Mid,0.49678,0.00476,0.00144,-0.00333,99.66748,-0.00071,-0.0044
2030,India,IN,Teaching (K-12),Education,Mid,0.59905,0.00574,0.00214,-0.0036,99.64007,-0.00028,-0.00171
2026,France,FR,Teaching (K-12),Education,Mid,0.16451,0.00109,0.00025,-0.00084,99.916,-0.00037,-0.00232
2027,France,FR,Teaching (K-12),Education,Mid,0.2785,0.00184,0.00046,-0.00138,99.86224,-0.00054,-0.00336
2028,France,FR,Teaching (K-12),Education,Mid,0.42461,0.00281,0.00082,-0.00199,99.80111,-0.00061,-0.00382
2029,France,FR,Teaching (K-12),Education,Mid,0.57419,0.0038,0.00132,-0.00248,99.7523,-0.00049,-0.00305
2030,France,FR,Teaching (K-12),Education,Mid,0.69594,0.0046,0.0019,-0.00271,99.72941,-0.00023,-0.00143
2026,Brazil,BR,Teaching (K-12),Education,Mid,0.09137,0.00078,0.00014,-0.00064,99.93636,-0.0003,-0.00185
2027,Brazil,BR,Teaching (K-12),Education,Mid,0.16352,0.00139,0.00027,-0.00112,99.88795,-0.00048,-0.00303
2028,Brazil,BR,Teaching (K-12),Education,Mid,0.26903,0.00229,0.0005,-0.00179,99.82102,-0.00067,-0.00418
2029,Brazil,BR,Teaching (K-12),Education,Mid,0.39586,0.00336,0.00085,-0.00251,99.74911,-0.00072,-0.00449
2030,Brazil,BR,Teaching (K-12),Education,Mid,0.51686,0.00439,0.00133,-0.00306,99.69412,-0.00055,-0.00344
2026,Nigeria,NG,Teaching (K-12),Education,Mid,0.0536,0.00056,0.00008,-0.00048,99.95191,-0.00022,-0.00136
2027,Nigeria,NG,Teaching (K-12),Education,Mid,0.09502,0.001,0.00015,-0.00085,99.91541,-0.00037,-0.00228
2028,Nigeria,NG,Teaching (K-12),Education,Mid,0.1593,0.00167,0.00027,-0.0014,99.86016,-0.00055,-0.00345
2029,Nigeria,NG,Teaching (K-12),Education,Mid,0.24627,0.00258,0.00047,-0.00211,99.7888,-0.00071,-0.00446
2030,Nigeria,NG,Teaching (K-12),Education,Mid,0.34443,0.00361,0.00076,-0.00285,99.71477,-0.00074,-0.00463
2026,United States,US,Teaching (K-12),Education,Senior,0.31272,0.00129,0.00053,-0.00076,99.92426,-0.00032,-0.00291
2027,United States,US,Teaching (K-12),Education,Senior,0.50443,0.00208,0.00106,-0.00101,99.89865,-0.00026,-0.00233
2028,United States,US,Teaching (K-12),Education,Senior,0.68352,0.00281,0.00186,-0.00095,99.90512,0.00006,0.00059
2029,United States,US,Teaching (K-12),Education,Senior,0.80581,0.00332,0.00275,-0.00056,99.94357,0.00038,0.0035
2030,United States,US,Teaching (K-12),Education,Senior,0.87252,0.00359,0.00345,-0.00014,99.98643,0.00043,0.0039
2026,Singapore,SG,Teaching (K-12),Education,Senior,0.2925,0.00125,0.00043,-0.00081,99.91852,-0.00038,-0.00347
2027,Singapore,SG,Teaching (K-12),Education,Senior,0.49636,0.00211,0.00092,-0.00119,99.88071,-0.00038,-0.00344
2028,Singapore,SG,Teaching (K-12),Education,Senior,0.69263,0.00295,0.00171,-0.00124,99.87634,-0.00004,-0.0004
2029,Singapore,SG,Teaching (K-12),Education,Senior,0.82532,0.00352,0.00264,-0.00088,99.91194,0.00036,0.00324
2030,Singapore,SG,Teaching (K-12),Education,Senior,0.89503,0.00381,0.00337,-0.00044,99.95593,0.00044,0.004
2026,United Kingdom,UK,Teaching (K-12),Education,Senior,0.22387,0.00084,0.00033,-0.00051,99.94866,-0.00023,-0.0021
2027,United Kingdom,UK,Teaching (K-12),Education,Senior,0.38281,0.00143,0.00065,-0.00078,99.92181,-0.00027,-0.00244
2028,United Kingdom,UK,Teaching (K-12),Education,Senior,0.56215,0.00211,0.00119,-0.00092,99.90838,-0.00013,-0.00122
2029,United Kingdom,UK,Teaching (K-12),Education,Senior,0.71203,0.00267,0.00189,-0.00078,99.92221,0.00014,0.00126
2030,United Kingdom,UK,Teaching (K-12),Education,Senior,0.80894,0.00303,0.00257,-0.00046,99.95378,0.00032,0.00287
2026,Canada,CA,Teaching (K-12),Education,Senior,0.20074,0.0008,0.00029,-0.00052,99.94843,-0.00023,-0.00213
2027,Canada,CA,Teaching (K-12),Education,Senior,0.34658,0.00139,0.00057,-0.00081,99.91852,-0.0003,-0.00272
2028,Canada,CA,Teaching (K-12),Education,Senior,0.51964,0.00208,0.00105,-0.00103,99.89677,-0.00022,-0.00198
2029,Canada,CA,Teaching (K-12),Education,Senior,0.67388,0.0027,0.00169,-0.00101,99.89935,0.00003,0.00023
2030,Canada,CA,Teaching (K-12),Education,Senior,0.78002,0.00312,0.00235,-0.00077,99.92308,0.00024,0.00216
2026,United Arab Emirates,AE,Teaching (K-12),Education,Senior,0.17156,0.00066,0.00024,-0.00042,99.95804,-0.00021,-0.00188
2027,United Arab Emirates,AE,Teaching (K-12),Education,Senior,0.31516,0.0012,0.00051,-0.0007,99.93022,-0.00028,-0.00253
2028,United Arab Emirates,AE,Teaching (K-12),Education,Senior,0.49072,0.00187,0.00099,-0.00088,99.91184,-0.00018,-0.00167
2029,United Arab Emirates,AE,Teaching (K-12),Education,Senior,0.64406,0.00246,0.00169,-0.00077,99.92258,0.00011,0.00098
2030,United Arab Emirates,AE,Teaching (K-12),Education,Senior,0.74334,0.00284,0.0024,-0.00044,99.95637,0.00034,0.00307
2026,Australia,AU,Teaching (K-12),Education,Senior,0.18674,0.00069,0.00026,-0.00043,99.95716,-0.0002,-0.00179
2027,Australia,AU,Teaching (K-12),Education,Senior,0.32645,0.0012,0.00051,-0.00068,99.93161,-0.00026,-0.00232
2028,Australia,AU,Teaching (K-12),Education,Senior,0.49683,0.00182,0.00095,-0.00087,99.91272,-0.00019,-0.00172
2029,Australia,AU,Teaching (K-12),Education,Senior,0.65308,0.0024,0.00156,-0.00084,99.91591,0.00003,0.00029
2030,Australia,AU,Teaching (K-12),Education,Senior,0.7631,0.0028,0.0022,-0.0006,99.93967,0.00024,0.00216
2026,Germany,DE,Teaching (K-12),Education,Senior,0.18062,0.00053,0.00024,-0.00029,99.97096,-0.00012,-0.00113
2027,Germany,DE,Teaching (K-12),Education,Senior,0.30566,0.0009,0.00046,-0.00044,99.95574,-0.00015,-0.00138
2028,Germany,DE,Teaching (K-12),Education,Senior,0.46101,0.00135,0.00081,-0.00055,99.94529,-0.0001,-0.00095
2029,Germany,DE,Teaching (K-12),Education,Senior,0.61255,0.0018,0.00129,-0.00051,99.94942,0.00004,0.00038
2030,Germany,DE,Teaching (K-12),Education,Senior,0.72923,0.00214,0.00183,-0.00031,99.96885,0.00019,0.00177
2026,Japan,JP,Teaching (K-12),Education,Senior,0.16856,0.00046,0.0002,-0.00026,99.97367,-0.00011,-0.00104
2027,Japan,JP,Teaching (K-12),Education,Senior,0.28811,0.00079,0.00037,-0.00041,99.95884,-0.00015,-0.00135
2028,Japan,JP,Teaching (K-12),Education,Senior,0.44,0.0012,0.00067,-0.00053,99.94685,-0.00012,-0.00109
2029,Japan,JP,Teaching (K-12),Education,Senior,0.59189,0.00161,0.00108,-0.00053,99.94693,0,0.00001
2030,Japan,JP,Teaching (K-12),Education,Senior,0.71144,0.00194,0.00155,-0.00039,99.96126,0.00014,0.0013
2026,India,IN,Teaching (K-12),Education,Senior,0.12095,0.00053,0.00017,-0.00036,99.96418,-0.00018,-0.0016
2027,India,IN,Teaching (K-12),Education,Senior,0.22322,0.00098,0.00036,-0.00062,99.93793,-0.00026,-0.00239
2028,India,IN,Teaching (K-12),Education,Senior,0.36,0.00158,0.0007,-0.00088,99.91174,-0.00026,-0.00238
2029,India,IN,Teaching (K-12),Education,Senior,0.49678,0.00218,0.00121,-0.00097,99.90291,-0.00009,-0.0008
2030,India,IN,Teaching (K-12),Education,Senior,0.59905,0.00263,0.00181,-0.00082,99.91756,0.00015,0.00133
2026,France,FR,Teaching (K-12),Education,Senior,0.16451,0.0005,0.00021,-0.00029,99.97106,-0.00012,-0.00113
2027,France,FR,Teaching (K-12),Education,Senior,0.2785,0.00084,0.00039,-0.00045,99.95476,-0.00016,-0.00148
2028,France,FR,Teaching (K-12),Education,Senior,0.42461,0.00129,0.00069,-0.0006,99.94042,-0.00014,-0.0013
2029,France,FR,Teaching (K-12),Education,Senior,0.57419,0.00174,0.00111,-0.00063,99.93737,-0.00003,-0.00028
2030,France,FR,Teaching (K-12),Education,Senior,0.69594,0.00211,0.0016,-0.00051,99.94909,0.00012,0.00107
2026,Brazil,BR,Teaching (K-12),Education,Senior,0.09137,0.00036,0.00012,-0.00024,99.97622,-0.00011,-0.00099
2027,Brazil,BR,Teaching (K-12),Education,Senior,0.16352,0.00064,0.00023,-0.00041,99.959,-0.00017,-0.00157
2028,Brazil,BR,Teaching (K-12),Education,Senior,0.26903,0.00105,0.00042,-0.00063,99.93708,-0.00022,-0.00199
2029,Brazil,BR,Teaching (K-12),Education,Senior,0.39586,0.00154,0.00072,-0.00082,99.91792,-0.00019,-0.00174
2030,Brazil,BR,Teaching (K-12),Education,Senior,0.51686,0.00201,0.00112,-0.00089,99.91115,-0.00007,-0.00062
2026,Nigeria,NG,Teaching (K-12),Education,Senior,0.0536,0.00026,0.00007,-0.00019,99.98108,-0.00009,-0.00077
2027,Nigeria,NG,Teaching (K-12),Education,Senior,0.09502,0.00046,0.00013,-0.00033,99.96702,-0.00014,-0.00128
2028,Nigeria,NG,Teaching (K-12),Education,Senior,0.1593,0.00077,0.00023,-0.00054,99.94637,-0.00021,-0.00188
2029,Nigeria,NG,Teaching (K-12),Education,Senior,0.24627,0.00118,0.0004,-0.00079,99.9213,-0.00025,-0.00228
2030,Nigeria,NG,Teaching (K-12),Education,Senior,0.34443,0.00165,0.00064,-0.00102,99.8985,-0.00023,-0.00207
2026,United States,US,Teaching (K-12),Education,Lead / Executive,0.31272,0.00064,0.00041,-0.00023,99.97714,-0.00008,-0.00114
2027,United States,US,Teaching (K-12),Education,Lead / Executive,0.50443,0.00102,0.00082,-0.00021,99.9791,0.00002,0.00028
2028,United States,US,Teaching (K-12),Education,Lead / Executive,0.68352,0.00139,0.00143,0.00004,100.00428,0.00025,0.0036
2029,United States,US,Teaching (K-12),Education,Lead / Executive,0.80581,0.00164,0.00211,0.00048,100.04759,0.00043,0.00619
2030,United States,US,Teaching (K-12),Education,Lead / Executive,0.87252,0.00177,0.00265,0.00088,100.08802,0.0004,0.00578
2026,Singapore,SG,Teaching (K-12),Education,Lead / Executive,0.2925,0.00061,0.00033,-0.00028,99.97161,-0.00012,-0.00173
2027,Singapore,SG,Teaching (K-12),Education,Lead / Executive,0.49636,0.00104,0.00071,-0.00034,99.9664,-0.00005,-0.00074
2028,Singapore,SG,Teaching (K-12),Education,Lead / Executive,0.69263,0.00146,0.00132,-0.00014,99.98597,0.0002,0.0028
2029,Singapore,SG,Teaching (K-12),Education,Lead / Executive,0.82532,0.00174,0.00202,0.00029,100.0288,0.00043,0.00612
2030,Singapore,SG,Teaching (K-12),Education,Lead / Executive,0.89503,0.00188,0.00259,0.00071,100.07071,0.00042,0.00599
2026,United Kingdom,UK,Teaching (K-12),Education,Lead / Executive,0.22387,0.00041,0.00025,-0.00016,99.98357,-0.00007,-0.00096
2027,United Kingdom,UK,Teaching (K-12),Education,Lead / Executive,0.38281,0.00071,0.0005,-0.00021,99.97929,-0.00004,-0.00061
2028,United Kingdom,UK,Teaching (K-12),Education,Lead / Executive,0.56215,0.00104,0.00091,-0.00013,99.98739,0.00008,0.00116
2029,United Kingdom,UK,Teaching (K-12),Education,Lead / Executive,0.71203,0.00132,0.00145,0.00013,100.01339,0.00026,0.00371
2030,United Kingdom,UK,Teaching (K-12),Education,Lead / Executive,0.80894,0.0015,0.00197,0.00048,100.04758,0.00034,0.00488
2026,Canada,CA,Teaching (K-12),Education,Lead / Executive,0.20074,0.0004,0.00022,-0.00018,99.98244,-0.00007,-0.00107
2027,Canada,CA,Teaching (K-12),Education,Lead / Executive,0.34658,0.00068,0.00044,-0.00025,99.9755,-0.00007,-0.00099
2028,Canada,CA,Teaching (K-12),Education,Lead / Executive,0.51964,0.00103,0.0008,-0.00022,99.9778,0.00002,0.00033
2029,Canada,CA,Teaching (K-12),Education,Lead / Executive,0.67388,0.00133,0.0013,-0.00003,99.99671,0.00019,0.0027
2030,Canada,CA,Teaching (K-12),Education,Lead / Executive,0.78002,0.00154,0.00181,0.00027,100.02658,0.0003,0.00427
2026,United Arab Emirates,AE,Teaching (K-12),Education,Lead / Executive,0.17156,0.00032,0.00018,-0.00014,99.98575,-0.00007,-0.00095
2027,United Arab Emirates,AE,Teaching (K-12),Education,Lead / Executive,0.31516,0.00059,0.00039,-0.00021,99.97943,-0.00006,-0.0009
2028,United Arab Emirates,AE,Teaching (K-12),Education,Lead / Executive,0.49072,0.00092,0.00076,-0.00016,99.9837,0.00004,0.00061
2029,United Arab Emirates,AE,Teaching (K-12),Education,Lead / Executive,0.64406,0.00121,0.00129,0.00008,100.008,0.00024,0.00347
2030,United Arab Emirates,AE,Teaching (K-12),Education,Lead / Executive,0.74334,0.0014,0.00184,0.00044,100.04434,0.00036,0.00519
2026,Australia,AU,Teaching (K-12),Education,Lead / Executive,0.18674,0.00034,0.0002,-0.00014,99.9859,-0.00006,-0.00086
2027,Australia,AU,Teaching (K-12),Education,Lead / Executive,0.32645,0.00059,0.00039,-0.0002,99.98035,-0.00006,-0.00079
2028,Australia,AU,Teaching (K-12),Education,Lead / Executive,0.49683,0.0009,0.00073,-0.00017,99.98299,0.00003,0.00038
2029,Australia,AU,Teaching (K-12),Education,Lead / Executive,0.65308,0.00118,0.00119,0.00001,100.00116,0.00018,0.0026
2030,Australia,AU,Teaching (K-12),Education,Lead / Executive,0.7631,0.00138,0.00169,0.0003,100.03047,0.00029,0.00419
2026,Germany,DE,Teaching (K-12),Education,Lead / Executive,0.18062,0.00026,0.00018,-0.00008,99.99226,-0.00003,-0.00041
2027,Germany,DE,Teaching (K-12),Education,Lead / Executive,0.30566,0.00044,0.00035,-0.00009,99.99065,-0.00002,-0.00023
2028,Germany,DE,Teaching (K-12),Education,Lead / Executive,0.46101,0.00067,0.00062,-0.00005,99.99514,0.00004,0.00064
2029,Germany,DE,Teaching (K-12),Education,Lead / Executive,0.61255,0.00089,0.00099,0.00011,100.01051,0.00015,0.0022
2030,Germany,DE,Teaching (K-12),Education,Lead / Executive,0.72923,0.00106,0.00141,0.00035,100.03483,0.00024,0.00347
2026,Japan,JP,Teaching (K-12),Education,Lead / Executive,0.16856,0.00023,0.00015,-0.00008,99.99239,-0.00003,-0.00043
2027,Japan,JP,Teaching (K-12),Education,Lead / Executive,0.28811,0.00039,0.00029,-0.0001,99.98993,-0.00002,-0.00035
2028,Japan,JP,Teaching (K-12),Education,Lead / Executive,0.44,0.00059,0.00051,-0.00008,99.99208,0.00002,0.00031
2029,Japan,JP,Teaching (K-12),Education,Lead / Executive,0.59189,0.0008,0.00083,0.00003,100.00349,0.00011,0.00163
2030,Japan,JP,Teaching (K-12),Education,Lead / Executive,0.71144,0.00096,0.00119,0.00023,100.02343,0.0002,0.00285
2026,India,IN,Teaching (K-12),Education,Lead / Executive,0.12095,0.00026,0.00013,-0.00013,99.98706,-0.00006,-0.00087
2027,India,IN,Teaching (K-12),Education,Lead / Executive,0.22322,0.00048,0.00028,-0.00021,99.97923,-0.00008,-0.00112
2028,India,IN,Teaching (K-12),Education,Lead / Executive,0.36,0.00078,0.00054,-0.00024,99.97559,-0.00004,-0.00052
2029,India,IN,Teaching (K-12),Education,Lead / Executive,0.49678,0.00108,0.00093,-0.00015,99.98529,0.0001,0.00139
2030,India,IN,Teaching (K-12),Education,Lead / Executive,0.59905,0.0013,0.00139,0.00009,100.00885,0.00024,0.00337
2026,France,FR,Teaching (K-12),Education,Lead / Executive,0.16451,0.00025,0.00016,-0.00009,99.99145,-0.00003,-0.00048
2027,France,FR,Teaching (K-12),Education,Lead / Executive,0.2785,0.00042,0.0003,-0.00012,99.98842,-0.00003,-0.00043
2028,France,FR,Teaching (K-12),Education,Lead / Executive,0.42461,0.00064,0.00053,-0.0001,99.98955,0.00001,0.00016
2029,France,FR,Teaching (K-12),Education,Lead / Executive,0.57419,0.00086,0.00086,0,99.99964,0.0001,0.00144
2030,France,FR,Teaching (K-12),Education,Lead / Executive,0.69594,0.00104,0.00123,0.00019,100.01876,0.00019,0.00273
2026,Brazil,BR,Teaching (K-12),Education,Lead / Executive,0.09137,0.00018,0.00009,-0.00009,99.9915,-0.00004,-0.00054
2027,Brazil,BR,Teaching (K-12),Education,Lead / Executive,0.16352,0.00031,0.00017,-0.00014,99.98598,-0.00006,-0.00079
2028,Brazil,BR,Teaching (K-12),Education,Lead / Executive,0.26903,0.00052,0.00032,-0.0002,99.98041,-0.00006,-0.0008
2029,Brazil,BR,Teaching (K-12),Education,Lead / Executive,0.39586,0.00076,0.00055,-0.00021,99.97925,-0.00001,-0.00017
2030,Brazil,BR,Teaching (K-12),Education,Lead / Executive,0.51686,0.00099,0.00086,-0.00013,99.98697,0.00008,0.0011
2026,Nigeria,NG,Teaching (K-12),Education,Lead / Executive,0.0536,0.00013,0.00005,-0.00007,99.99253,-0.00003,-0.00047
2027,Nigeria,NG,Teaching (K-12),Education,Lead / Executive,0.09502,0.00023,0.0001,-0.00013,99.9872,-0.00005,-0.00076
2028,Nigeria,NG,Teaching (K-12),Education,Lead / Executive,0.1593,0.00038,0.00018,-0.0002,99.97982,-0.00007,-0.00105
2029,Nigeria,NG,Teaching (K-12),Education,Lead / Executive,0.24627,0.00058,0.0003,-0.00028,99.97203,-0.00008,-0.00111
2030,Nigeria,NG,Teaching (K-12),Education,Lead / Executive,0.34443,0.00082,0.00049,-0.00033,99.96745,-0.00005,-0.00065
2026,United States,US,Warehouse & logistics ops,Operations,Entry,0.31272,0.01304,0.00037,-0.01267,98.73314,-0.00598,-0.01696
2027,United States,US,Warehouse & logistics ops,Operations,Entry,0.50443,0.02103,0.00074,-0.02029,97.97094,-0.00772,-0.02178
2028,United States,US,Warehouse & logistics ops,Operations,Entry,0.68352,0.02849,0.00129,-0.0272,97.27995,-0.00705,-0.01974
2029,United States,US,Warehouse & logistics ops,Operations,Entry,0.80581,0.03359,0.00191,-0.03168,96.83172,-0.00461,-0.01281
2030,United States,US,Warehouse & logistics ops,Operations,Entry,0.87252,0.03637,0.00239,-0.03398,96.60233,-0.00237,-0.00655
2026,Singapore,SG,Warehouse & logistics ops,Operations,Entry,0.2925,0.01262,0.0003,-0.01232,98.76758,-0.00621,-0.01764
2027,Singapore,SG,Warehouse & logistics ops,Operations,Entry,0.49636,0.02142,0.00064,-0.02078,97.92176,-0.00856,-0.02417
2028,Singapore,SG,Warehouse & logistics ops,Operations,Entry,0.69263,0.02989,0.00119,-0.0287,97.12962,-0.00809,-0.02263
2029,Singapore,SG,Warehouse & logistics ops,Operations,Entry,0.82532,0.03562,0.00183,-0.03379,96.62082,-0.00524,-0.01454
2030,Singapore,SG,Warehouse & logistics ops,Operations,Entry,0.89503,0.03863,0.00234,-0.03629,96.37102,-0.00259,-0.00714
2026,United Kingdom,UK,Warehouse & logistics ops,Operations,Entry,0.22387,0.00849,0.00023,-0.00827,99.17317,-0.00398,-0.01132
2027,United Kingdom,UK,Warehouse & logistics ops,Operations,Entry,0.38281,0.01452,0.00045,-0.01407,98.59278,-0.00585,-0.01658
2028,United Kingdom,UK,Warehouse & logistics ops,Operations,Entry,0.56215,0.02133,0.00082,-0.0205,97.94962,-0.00652,-0.01838
2029,United Kingdom,UK,Warehouse & logistics ops,Operations,Entry,0.71203,0.02701,0.00131,-0.02571,97.42945,-0.00531,-0.01486
2030,United Kingdom,UK,Warehouse & logistics ops,Operations,Entry,0.80894,0.03069,0.00178,-0.02891,97.10878,-0.00329,-0.00916
2026,Canada,CA,Warehouse & logistics ops,Operations,Entry,0.20074,0.00814,0.0002,-0.00794,99.20574,-0.00381,-0.01084
2027,Canada,CA,Warehouse & logistics ops,Operations,Entry,0.34658,0.01406,0.0004,-0.01366,98.63395,-0.00576,-0.01634
2028,Canada,CA,Warehouse & logistics ops,Operations,Entry,0.51964,0.02108,0.00073,-0.02035,97.96497,-0.00678,-0.01911
2029,Canada,CA,Warehouse & logistics ops,Operations,Entry,0.67388,0.02733,0.00117,-0.02616,97.38391,-0.00593,-0.0166
2030,Canada,CA,Warehouse & logistics ops,Operations,Entry,0.78002,0.03164,0.00163,-0.03001,96.99929,-0.00395,-0.01099
2026,United Arab Emirates,AE,Warehouse & logistics ops,Operations,Entry,0.17156,0.00664,0.00016,-0.00647,99.35258,-0.00334,-0.00953
2027,United Arab Emirates,AE,Warehouse & logistics ops,Operations,Entry,0.31516,0.01219,0.00035,-0.01184,98.81574,-0.0054,-0.01534
2028,United Arab Emirates,AE,Warehouse & logistics ops,Operations,Entry,0.49072,0.01898,0.00069,-0.0183,98.17025,-0.00653,-0.01844
2029,United Arab Emirates,AE,Warehouse & logistics ops,Operations,Entry,0.64406,0.02492,0.00117,-0.02375,97.625,-0.00555,-0.01558
2030,United Arab Emirates,AE,Warehouse & logistics ops,Operations,Entry,0.74334,0.02876,0.00166,-0.02709,97.29057,-0.00343,-0.00956
2026,Australia,AU,Warehouse & logistics ops,Operations,Entry,0.18674,0.00694,0.00018,-0.00677,99.32349,-0.00327,-0.00931
2027,Australia,AU,Warehouse & logistics ops,Operations,Entry,0.32645,0.01214,0.00036,-0.01178,98.82188,-0.00505,-0.01433
2028,Australia,AU,Warehouse & logistics ops,Operations,Entry,0.49683,0.01847,0.00066,-0.01781,98.21862,-0.0061,-0.01724
2029,Australia,AU,Warehouse & logistics ops,Operations,Entry,0.65308,0.02428,0.00108,-0.0232,97.67959,-0.00549,-0.0154
2030,Australia,AU,Warehouse & logistics ops,Operations,Entry,0.7631,0.02837,0.00152,-0.02685,97.31497,-0.00373,-0.01042
2026,Germany,DE,Warehouse & logistics ops,Operations,Entry,0.18062,0.00538,0.00017,-0.00521,99.47908,-0.00238,-0.00678
2027,Germany,DE,Warehouse & logistics ops,Operations,Entry,0.30566,0.0091,0.00032,-0.00878,99.12183,-0.00359,-0.01021
2028,Germany,DE,Warehouse & logistics ops,Operations,Entry,0.46101,0.01372,0.00056,-0.01316,98.68384,-0.00442,-0.01251
2029,Germany,DE,Warehouse & logistics ops,Operations,Entry,0.61255,0.01823,0.0009,-0.01733,98.26653,-0.00423,-0.01192
2030,Germany,DE,Warehouse & logistics ops,Operations,Entry,0.72923,0.0217,0.00127,-0.02044,97.95647,-0.00316,-0.00886
2026,Japan,JP,Warehouse & logistics ops,Operations,Entry,0.16856,0.00465,0.00014,-0.00452,99.54816,-0.00208,-0.00593
2027,Japan,JP,Warehouse & logistics ops,Operations,Entry,0.28811,0.00796,0.00026,-0.0077,99.23037,-0.00319,-0.00908
2028,Japan,JP,Warehouse & logistics ops,Operations,Entry,0.44,0.01215,0.00046,-0.01169,98.83133,-0.00402,-0.0114
2029,Japan,JP,Warehouse & logistics ops,Operations,Entry,0.59189,0.01634,0.00075,-0.01559,98.44065,-0.00395,-0.01116
2030,Japan,JP,Warehouse & logistics ops,Operations,Entry,0.71144,0.01964,0.00107,-0.01857,98.14306,-0.00302,-0.0085
2026,India,IN,Warehouse & logistics ops,Operations,Entry,0.12095,0.00538,0.00012,-0.00526,99.47388,-0.00266,-0.00758
2027,India,IN,Warehouse & logistics ops,Operations,Entry,0.22322,0.00993,0.00025,-0.00968,99.03179,-0.00444,-0.01263
2028,India,IN,Warehouse & logistics ops,Operations,Entry,0.36,0.01602,0.00048,-0.01553,98.4467,-0.00591,-0.01672
2029,India,IN,Warehouse & logistics ops,Operations,Entry,0.49678,0.0221,0.00084,-0.02126,97.87364,-0.00582,-0.01637
2030,India,IN,Warehouse & logistics ops,Operations,Entry,0.59905,0.02665,0.00125,-0.0254,97.45988,-0.00423,-0.01182
2026,France,FR,Warehouse & logistics ops,Operations,Entry,0.16451,0.00505,0.00014,-0.00491,99.50933,-0.00222,-0.00632
2027,France,FR,Warehouse & logistics ops,Operations,Entry,0.2785,0.00855,0.00027,-0.00828,99.17194,-0.00339,-0.00964
2028,France,FR,Warehouse & logistics ops,Operations,Entry,0.42461,0.01304,0.00048,-0.01256,98.74404,-0.00431,-0.01223
2029,France,FR,Warehouse & logistics ops,Operations,Entry,0.57419,0.01763,0.00077,-0.01686,98.31401,-0.00436,-0.01229
2030,France,FR,Warehouse & logistics ops,Operations,Entry,0.69594,0.02137,0.00111,-0.02026,97.97383,-0.00346,-0.00972
2026,Brazil,BR,Warehouse & logistics ops,Operations,Entry,0.09137,0.0036,0.00008,-0.00352,99.6478,-0.00166,-0.00473
2027,Brazil,BR,Warehouse & logistics ops,Operations,Entry,0.16352,0.00645,0.00016,-0.00629,99.37073,-0.00278,-0.00792
2028,Brazil,BR,Warehouse & logistics ops,Operations,Entry,0.26903,0.01061,0.00029,-0.01032,98.96785,-0.00405,-0.01151
2029,Brazil,BR,Warehouse & logistics ops,Operations,Entry,0.39586,0.01561,0.0005,-0.01511,98.48853,-0.00484,-0.0137
2030,Brazil,BR,Warehouse & logistics ops,Operations,Entry,0.51686,0.02039,0.00078,-0.01961,98.03919,-0.00456,-0.01284
2026,Nigeria,NG,Warehouse & logistics ops,Operations,Entry,0.0536,0.00261,0.00005,-0.00256,99.74386,-0.00117,-0.00333
2027,Nigeria,NG,Warehouse & logistics ops,Operations,Entry,0.09502,0.00462,0.00009,-0.00454,99.54628,-0.00198,-0.00565
2028,Nigeria,NG,Warehouse & logistics ops,Operations,Entry,0.1593,0.00775,0.00016,-0.00759,99.24052,-0.00307,-0.00874
2029,Nigeria,NG,Warehouse & logistics ops,Operations,Entry,0.24627,0.01199,0.00027,-0.01171,98.82881,-0.00415,-0.01176
2030,Nigeria,NG,Warehouse & logistics ops,Operations,Entry,0.34443,0.01676,0.00044,-0.01632,98.36792,-0.00466,-0.01317
2026,United States,US,Warehouse & logistics ops,Operations,Junior,0.31272,0.00689,0.00055,-0.00634,99.36578,-0.00296,-0.01228
2027,United States,US,Warehouse & logistics ops,Operations,Junior,0.50443,0.01112,0.00111,-0.01001,98.99868,-0.00369,-0.0153
2028,United States,US,Warehouse & logistics ops,Operations,Junior,0.68352,0.01507,0.00194,-0.01313,98.68739,-0.00314,-0.01297
2029,United States,US,Warehouse & logistics ops,Operations,Junior,0.80581,0.01776,0.00287,-0.0149,98.51029,-0.00179,-0.00738
2030,United States,US,Warehouse & logistics ops,Operations,Junior,0.87252,0.01923,0.0036,-0.01564,98.43647,-0.00075,-0.00308
2026,Singapore,SG,Warehouse & logistics ops,Operations,Junior,0.2925,0.00668,0.00045,-0.00623,99.37737,-0.00311,-0.01292
2027,Singapore,SG,Warehouse & logistics ops,Operations,Junior,0.49636,0.01133,0.00096,-0.01037,98.96318,-0.00417,-0.01726
2028,Singapore,SG,Warehouse & logistics ops,Operations,Junior,0.69263,0.01581,0.00179,-0.01402,98.59778,-0.00369,-0.01522
2029,Singapore,SG,Warehouse & logistics ops,Operations,Junior,0.82532,0.01884,0.00275,-0.01609,98.39092,-0.0021,-0.00862
2030,Singapore,SG,Warehouse & logistics ops,Operations,Junior,0.89503,0.02043,0.00351,-0.01691,98.30858,-0.00084,-0.00343
2026,United Kingdom,UK,Warehouse & logistics ops,Operations,Junior,0.22387,0.00449,0.00034,-0.00415,99.58468,-0.00198,-0.00824
2027,United Kingdom,UK,Warehouse & logistics ops,Operations,Junior,0.38281,0.00768,0.00068,-0.007,99.29982,-0.00286,-0.01187
2028,United Kingdom,UK,Warehouse & logistics ops,Operations,Junior,0.56215,0.01128,0.00124,-0.01004,98.99598,-0.00306,-0.01266
2029,United Kingdom,UK,Warehouse & logistics ops,Operations,Junior,0.71203,0.01429,0.00197,-0.01232,98.76814,-0.0023,-0.00949
2030,United Kingdom,UK,Warehouse & logistics ops,Operations,Junior,0.80894,0.01623,0.00267,-0.01356,98.64439,-0.00125,-0.00516
2026,Canada,CA,Warehouse & logistics ops,Operations,Junior,0.20074,0.00431,0.0003,-0.00401,99.59941,-0.00191,-0.00794
2027,Canada,CA,Warehouse & logistics ops,Operations,Junior,0.34658,0.00743,0.0006,-0.00684,99.31627,-0.00284,-0.0118
2028,Canada,CA,Warehouse & logistics ops,Operations,Junior,0.51964,0.01115,0.00109,-0.01005,98.99458,-0.00324,-0.0134
2029,Canada,CA,Warehouse & logistics ops,Operations,Junior,0.67388,0.01445,0.00176,-0.01269,98.73074,-0.00267,-0.01099
2030,Canada,CA,Warehouse & logistics ops,Operations,Junior,0.78002,0.01673,0.00245,-0.01428,98.57207,-0.00161,-0.00661
2026,United Arab Emirates,AE,Warehouse & logistics ops,Operations,Junior,0.17156,0.00351,0.00025,-0.00326,99.67353,-0.00168,-0.00698
2027,United Arab Emirates,AE,Warehouse & logistics ops,Operations,Junior,0.31516,0.00645,0.00053,-0.00592,99.40787,-0.00267,-0.01107
2028,United Arab Emirates,AE,Warehouse & logistics ops,Operations,Junior,0.49072,0.01004,0.00103,-0.00901,99.09937,-0.0031,-0.01285
2029,United Arab Emirates,AE,Warehouse & logistics ops,Operations,Junior,0.64406,0.01318,0.00176,-0.01142,98.85783,-0.00244,-0.01006
2030,United Arab Emirates,AE,Warehouse & logistics ops,Operations,Junior,0.74334,0.01521,0.0025,-0.01271,98.72939,-0.0013,-0.00535
2026,Australia,AU,Warehouse & logistics ops,Operations,Junior,0.18674,0.00367,0.00027,-0.0034,99.65958,-0.00164,-0.0068
2027,Australia,AU,Warehouse & logistics ops,Operations,Junior,0.32645,0.00642,0.00054,-0.00588,99.41169,-0.00249,-0.01033
2028,Australia,AU,Warehouse & logistics ops,Operations,Junior,0.49683,0.00977,0.00099,-0.00878,99.12214,-0.00291,-0.01206
2029,Australia,AU,Warehouse & logistics ops,Operations,Junior,0.65308,0.01284,0.00162,-0.01122,98.87796,-0.00246,-0.01017
2030,Australia,AU,Warehouse & logistics ops,Operations,Junior,0.7631,0.015,0.00229,-0.01272,98.72845,-0.00151,-0.00623
2026,Germany,DE,Warehouse & logistics ops,Operations,Junior,0.18062,0.00284,0.00025,-0.00259,99.74074,-0.00118,-0.0049
2027,Germany,DE,Warehouse & logistics ops,Operations,Junior,0.30566,0.00481,0.00047,-0.00434,99.56635,-0.00175,-0.00727
2028,Germany,DE,Warehouse & logistics ops,Operations,Junior,0.46101,0.00726,0.00084,-0.00642,99.35848,-0.00209,-0.00866
2029,Germany,DE,Warehouse & logistics ops,Operations,Junior,0.61255,0.00964,0.00135,-0.00829,99.17065,-0.00189,-0.00783
2030,Germany,DE,Warehouse & logistics ops,Operations,Junior,0.72923,0.01148,0.00191,-0.00957,99.04295,-0.00129,-0.00532
2026,Japan,JP,Warehouse & logistics ops,Operations,Junior,0.16856,0.00246,0.0002,-0.00226,99.7743,-0.00103,-0.0043
2027,Japan,JP,Warehouse & logistics ops,Operations,Junior,0.28811,0.00421,0.00039,-0.00382,99.61822,-0.00156,-0.0065
2028,Japan,JP,Warehouse & logistics ops,Operations,Junior,0.44,0.00643,0.0007,-0.00573,99.42706,-0.00192,-0.00797
2029,Japan,JP,Warehouse & logistics ops,Operations,Junior,0.59189,0.00864,0.00113,-0.00752,99.24847,-0.0018,-0.00744
2030,Japan,JP,Warehouse & logistics ops,Operations,Junior,0.71144,0.01039,0.00162,-0.00877,99.12277,-0.00127,-0.00524
2026,India,IN,Warehouse & logistics ops,Operations,Junior,0.12095,0.00285,0.00018,-0.00267,99.73344,-0.00134,-0.00558
2027,India,IN,Warehouse & logistics ops,Operations,Junior,0.22322,0.00525,0.00037,-0.00488,99.51226,-0.00222,-0.00922
2028,India,IN,Warehouse & logistics ops,Operations,Junior,0.36,0.00847,0.00073,-0.00774,99.22572,-0.00288,-0.01194
2029,India,IN,Warehouse & logistics ops,Operations,Junior,0.49678,0.01169,0.00126,-0.01043,98.95727,-0.00271,-0.01119
2030,India,IN,Warehouse & logistics ops,Operations,Junior,0.59905,0.0141,0.00188,-0.01221,98.77868,-0.0018,-0.00744
2026,France,FR,Warehouse & logistics ops,Operations,Junior,0.16451,0.00267,0.00022,-0.00245,99.75465,-0.0011,-0.00459
2027,France,FR,Warehouse & logistics ops,Operations,Junior,0.2785,0.00452,0.00041,-0.00411,99.58855,-0.00167,-0.00692
2028,France,FR,Warehouse & logistics ops,Operations,Junior,0.42461,0.0069,0.00072,-0.00618,99.38248,-0.00207,-0.00859
2029,France,FR,Warehouse & logistics ops,Operations,Junior,0.57419,0.00932,0.00116,-0.00816,99.18362,-0.002,-0.00829
2030,France,FR,Warehouse & logistics ops,Operations,Junior,0.69594,0.0113,0.00167,-0.00963,99.03656,-0.00148,-0.00613
2026,Brazil,BR,Warehouse & logistics ops,Operations,Junior,0.09137,0.00191,0.00012,-0.00178,99.8217,-0.00084,-0.00348
2027,Brazil,BR,Warehouse & logistics ops,Operations,Junior,0.16352,0.00341,0.00024,-0.00317,99.68252,-0.00139,-0.0058
2028,Brazil,BR,Warehouse & logistics ops,Operations,Junior,0.26903,0.00561,0.00044,-0.00518,99.4824,-0.00201,-0.00834
2029,Brazil,BR,Warehouse & logistics ops,Operations,Junior,0.39586,0.00826,0.00075,-0.00751,99.24933,-0.00234,-0.00971
2030,Brazil,BR,Warehouse & logistics ops,Operations,Junior,0.51686,0.01078,0.00117,-0.00961,99.03895,-0.00212,-0.00877
2026,Nigeria,NG,Warehouse & logistics ops,Operations,Junior,0.0536,0.00138,0.00007,-0.00131,99.86916,-0.00059,-0.00248
2027,Nigeria,NG,Warehouse & logistics ops,Operations,Junior,0.09502,0.00245,0.00013,-0.00231,99.76861,-0.00101,-0.00419
2028,Nigeria,NG,Warehouse & logistics ops,Operations,Junior,0.1593,0.0041,0.00024,-0.00386,99.61383,-0.00155,-0.00645
2029,Nigeria,NG,Warehouse & logistics ops,Operations,Junior,0.24627,0.00634,0.00041,-0.00593,99.40739,-0.00207,-0.0086
2030,Nigeria,NG,Warehouse & logistics ops,Operations,Junior,0.34443,0.00887,0.00067,-0.0082,99.1801,-0.00229,-0.00947
2026,United States,US,Warehouse & logistics ops,Operations,Mid,0.31272,0.00263,0.00063,-0.002,99.79981,-0.0009,-0.00562
2027,United States,US,Warehouse & logistics ops,Operations,Mid,0.50443,0.00425,0.00126,-0.00298,99.70188,-0.00098,-0.00612
2028,United States,US,Warehouse & logistics ops,Operations,Mid,0.68352,0.00575,0.00222,-0.00353,99.64658,-0.00055,-0.00346
2029,United States,US,Warehouse & logistics ops,Operations,Mid,0.80581,0.00678,0.00328,-0.00351,99.64933,0.00003,0.00017
2030,United States,US,Warehouse & logistics ops,Operations,Mid,0.87252,0.00734,0.00411,-0.00323,99.67689,0.00028,0.00172
2026,Singapore,SG,Warehouse & logistics ops,Operations,Mid,0.2925,0.00255,0.00051,-0.00204,99.79646,-0.00099,-0.00619
2027,Singapore,SG,Warehouse & logistics ops,Operations,Mid,0.49636,0.00433,0.0011,-0.00323,99.6772,-0.0012,-0.00745
2028,Singapore,SG,Warehouse & logistics ops,Operations,Mid,0.69263,0.00604,0.00204,-0.00399,99.6005,-0.00077,-0.00479
2029,Singapore,SG,Warehouse & logistics ops,Operations,Mid,0.82532,0.00719,0.00314,-0.00405,99.59455,-0.00006,-0.00037
2030,Singapore,SG,Warehouse & logistics ops,Operations,Mid,0.89503,0.0078,0.00401,-0.00378,99.62153,0.00027,0.00169
2026,United Kingdom,UK,Warehouse & logistics ops,Operations,Mid,0.22387,0.00172,0.00039,-0.00133,99.86719,-0.00062,-0.00387
2027,United Kingdom,UK,Warehouse & logistics ops,Operations,Mid,0.38281,0.00293,0.00078,-0.00216,99.78434,-0.00083,-0.00518
2028,United Kingdom,UK,Warehouse & logistics ops,Operations,Mid,0.56215,0.00431,0.00142,-0.00289,99.71092,-0.00074,-0.00459
2029,United Kingdom,UK,Warehouse & logistics ops,Operations,Mid,0.71203,0.00545,0.00225,-0.00321,99.67939,-0.00032,-0.00197
2030,United Kingdom,UK,Warehouse & logistics ops,Operations,Mid,0.80894,0.0062,0.00306,-0.00314,99.68594,0.00007,0.00041
2026,Canada,CA,Warehouse & logistics ops,Operations,Mid,0.20074,0.00164,0.00034,-0.0013,99.86988,-0.00061,-0.0038
2027,Canada,CA,Warehouse & logistics ops,Operations,Mid,0.34658,0.00284,0.00068,-0.00216,99.78436,-0.00086,-0.00535
2028,Canada,CA,Warehouse & logistics ops,Operations,Mid,0.51964,0.00426,0.00125,-0.00301,99.69922,-0.00085,-0.00532
2029,Canada,CA,Warehouse & logistics ops,Operations,Mid,0.67388,0.00552,0.00201,-0.00351,99.64948,-0.0005,-0.00311
2030,Canada,CA,Warehouse & logistics ops,Operations,Mid,0.78002,0.00639,0.0028,-0.00359,99.6414,-0.00008,-0.00051
2026,United Arab Emirates,AE,Warehouse & logistics ops,Operations,Mid,0.17156,0.00134,0.00028,-0.00106,99.89402,-0.00054,-0.00335
2027,United Arab Emirates,AE,Warehouse & logistics ops,Operations,Mid,0.31516,0.00246,0.0006,-0.00186,99.81402,-0.0008,-0.005
2028,United Arab Emirates,AE,Warehouse & logistics ops,Operations,Mid,0.49072,0.00383,0.00118,-0.00265,99.73481,-0.00079,-0.00495
2029,United Arab Emirates,AE,Warehouse & logistics ops,Operations,Mid,0.64406,0.00503,0.00201,-0.00302,99.69752,-0.00037,-0.00233
2030,United Arab Emirates,AE,Warehouse & logistics ops,Operations,Mid,0.74334,0.00581,0.00286,-0.00295,99.70533,0.00008,0.00049
2026,Australia,AU,Warehouse & logistics ops,Operations,Mid,0.18674,0.0014,0.00031,-0.0011,99.89039,-0.00052,-0.00323
2027,Australia,AU,Warehouse & logistics ops,Operations,Mid,0.32645,0.00245,0.00061,-0.00184,99.81614,-0.00074,-0.00464
2028,Australia,AU,Warehouse & logistics ops,Operations,Mid,0.49683,0.00373,0.00113,-0.0026,99.74019,-0.00076,-0.00475
2029,Australia,AU,Warehouse & logistics ops,Operations,Mid,0.65308,0.0049,0.00185,-0.00305,99.69494,-0.00045,-0.00283
2030,Australia,AU,Warehouse & logistics ops,Operations,Mid,0.7631,0.00573,0.00262,-0.00311,99.68871,-0.00006,-0.00039
2026,Germany,DE,Warehouse & logistics ops,Operations,Mid,0.18062,0.00109,0.00029,-0.0008,99.92006,-0.00035,-0.00222
2027,Germany,DE,Warehouse & logistics ops,Operations,Mid,0.30566,0.00184,0.00054,-0.00129,99.87053,-0.0005,-0.0031
2028,Germany,DE,Warehouse & logistics ops,Operations,Mid,0.46101,0.00277,0.00096,-0.00181,99.81906,-0.00052,-0.00322
2029,Germany,DE,Warehouse & logistics ops,Operations,Mid,0.61255,0.00368,0.00154,-0.00214,99.78591,-0.00033,-0.00207
2030,Germany,DE,Warehouse & logistics ops,Operations,Mid,0.72923,0.00438,0.00218,-0.0022,99.77973,-0.00006,-0.00039
2026,Japan,JP,Warehouse & logistics ops,Operations,Mid,0.16856,0.00094,0.00023,-0.00071,99.92937,-0.00032,-0.00198
2027,Japan,JP,Warehouse & logistics ops,Operations,Mid,0.28811,0.00161,0.00044,-0.00116,99.88386,-0.00046,-0.00284
2028,Japan,JP,Warehouse & logistics ops,Operations,Mid,0.44,0.00245,0.0008,-0.00166,99.83419,-0.0005,-0.0031
2029,Japan,JP,Warehouse & logistics ops,Operations,Mid,0.59189,0.0033,0.00129,-0.00201,99.79888,-0.00035,-0.00221
2030,Japan,JP,Warehouse & logistics ops,Operations,Mid,0.71144,0.00397,0.00185,-0.00212,99.78808,-0.00011,-0.00068
2026,India,IN,Warehouse & logistics ops,Operations,Mid,0.12095,0.00109,0.00021,-0.00088,99.91194,-0.00044,-0.00274
2027,India,IN,Warehouse & logistics ops,Operations,Mid,0.22322,0.00201,0.00043,-0.00158,99.84229,-0.0007,-0.00435
2028,India,IN,Warehouse & logistics ops,Operations,Mid,0.36,0.00323,0.00083,-0.0024,99.75974,-0.00083,-0.00516
2029,India,IN,Warehouse & logistics ops,Operations,Mid,0.49678,0.00446,0.00144,-0.00302,99.69787,-0.00062,-0.00387
2030,India,IN,Warehouse & logistics ops,Operations,Mid,0.59905,0.00538,0.00215,-0.00323,99.6769,-0.00021,-0.00131
2026,France,FR,Warehouse & logistics ops,Operations,Mid,0.16451,0.00102,0.00025,-0.00077,99.92291,-0.00034,-0.00213
2027,France,FR,Warehouse & logistics ops,Operations,Mid,0.2785,0.00173,0.00047,-0.00126,99.87396,-0.00049,-0.00306
2028,France,FR,Warehouse & logistics ops,Operations,Mid,0.42461,0.00263,0.00082,-0.00181,99.81903,-0.00055,-0.00343
2029,France,FR,Warehouse & logistics ops,Operations,Mid,0.57419,0.00356,0.00133,-0.00223,99.77663,-0.00042,-0.00265
2030,France,FR,Warehouse & logistics ops,Operations,Mid,0.69594,0.00432,0.00191,-0.00241,99.75902,-0.00018,-0.0011
2026,Brazil,BR,Warehouse & logistics ops,Operations,Mid,0.09137,0.00073,0.00014,-0.00059,99.94127,-0.00027,-0.00171
2027,Brazil,BR,Warehouse & logistics ops,Operations,Mid,0.16352,0.0013,0.00027,-0.00103,99.89675,-0.00045,-0.00278
2028,Brazil,BR,Warehouse & logistics ops,Operations,Mid,0.26903,0.00214,0.0005,-0.00164,99.83553,-0.00061,-0.00383
2029,Brazil,BR,Warehouse & logistics ops,Operations,Mid,0.39586,0.00315,0.00086,-0.00229,99.77051,-0.00065,-0.00406
2030,Brazil,BR,Warehouse & logistics ops,Operations,Mid,0.51686,0.00412,0.00134,-0.00278,99.72216,-0.00048,-0.00302
2026,Nigeria,NG,Warehouse & logistics ops,Operations,Mid,0.0536,0.00053,0.00008,-0.00045,99.95546,-0.0002,-0.00126
2027,Nigeria,NG,Warehouse & logistics ops,Operations,Mid,0.09502,0.00093,0.00015,-0.00078,99.9217,-0.00034,-0.00211
2028,Nigeria,NG,Warehouse & logistics ops,Operations,Mid,0.1593,0.00157,0.00027,-0.00129,99.87072,-0.00051,-0.00319
2029,Nigeria,NG,Warehouse & logistics ops,Operations,Mid,0.24627,0.00242,0.00047,-0.00195,99.80514,-0.00066,-0.0041
2030,Nigeria,NG,Warehouse & logistics ops,Operations,Mid,0.34443,0.00339,0.00076,-0.00262,99.73767,-0.00068,-0.00422
2026,United States,US,Warehouse & logistics ops,Operations,Senior,0.31272,0.00121,0.00053,-0.00067,99.93254,-0.00028,-0.00255
2027,United States,US,Warehouse & logistics ops,Operations,Senior,0.50443,0.00195,0.00107,-0.00088,99.9121,-0.0002,-0.00186
2028,United States,US,Warehouse & logistics ops,Operations,Senior,0.68352,0.00264,0.00187,-0.00076,99.92353,0.00011,0.00104
2029,United States,US,Warehouse & logistics ops,Operations,Senior,0.80581,0.00311,0.00276,-0.00034,99.96552,0.00042,0.00382
2030,United States,US,Warehouse & logistics ops,Operations,Senior,0.87252,0.00337,0.00347,0.0001,100.01042,0.00045,0.00408
2026,Singapore,SG,Warehouse & logistics ops,Operations,Senior,0.2925,0.00117,0.00043,-0.00073,99.9265,-0.00034,-0.0031
2027,Singapore,SG,Warehouse & logistics ops,Operations,Senior,0.49636,0.00198,0.00093,-0.00106,99.89434,-0.00032,-0.00292
2028,Singapore,SG,Warehouse & logistics ops,Operations,Senior,0.69263,0.00277,0.00172,-0.00104,99.89555,0.00001,0.00011
2029,Singapore,SG,Warehouse & logistics ops,Operations,Senior,0.82532,0.0033,0.00265,-0.00065,99.93509,0.0004,0.00359
2030,Singapore,SG,Warehouse & logistics ops,Operations,Senior,0.89503,0.00357,0.00339,-0.00019,99.98126,0.00046,0.0042
2026,United Kingdom,UK,Warehouse & logistics ops,Operations,Senior,0.22387,0.00079,0.00033,-0.00046,99.95404,-0.00021,-0.00187
2027,United Kingdom,UK,Warehouse & logistics ops,Operations,Senior,0.38281,0.00134,0.00065,-0.00069,99.93107,-0.00023,-0.00209
2028,United Kingdom,UK,Warehouse & logistics ops,Operations,Senior,0.56215,0.00197,0.00119,-0.00078,99.92207,-0.00009,-0.00082
2029,United Kingdom,UK,Warehouse & logistics ops,Operations,Senior,0.71203,0.0025,0.0019,-0.0006,99.93972,0.00018,0.0016
2030,United Kingdom,UK,Warehouse & logistics ops,Operations,Senior,0.80894,0.00284,0.00258,-0.00026,99.97386,0.00034,0.0031
2026,Canada,CA,Warehouse & logistics ops,Operations,Senior,0.20074,0.00075,0.00029,-0.00046,99.95358,-0.00021,-0.00191
2027,Canada,CA,Warehouse & logistics ops,Operations,Senior,0.34658,0.0013,0.00058,-0.00073,99.92745,-0.00026,-0.00238
2028,Canada,CA,Warehouse & logistics ops,Operations,Senior,0.51964,0.00195,0.00105,-0.0009,99.91024,-0.00017,-0.00156
2029,Canada,CA,Warehouse & logistics ops,Operations,Senior,0.67388,0.00253,0.0017,-0.00083,99.91697,0.00007,0.00061
2030,Canada,CA,Warehouse & logistics ops,Operations,Senior,0.78002,0.00293,0.00236,-0.00056,99.94365,0.00027,0.00243
2026,United Arab Emirates,AE,Warehouse & logistics ops,Operations,Senior,0.17156,0.00061,0.00024,-0.00038,99.96224,-0.00019,-0.00169
2027,United Arab Emirates,AE,Warehouse & logistics ops,Operations,Senior,0.31516,0.00113,0.00051,-0.00062,99.93797,-0.00024,-0.00221
2028,United Arab Emirates,AE,Warehouse & logistics ops,Operations,Senior,0.49072,0.00176,0.001,-0.00076,99.92399,-0.00014,-0.00127
2029,United Arab Emirates,AE,Warehouse & logistics ops,Operations,Senior,0.64406,0.00231,0.00169,-0.00061,99.9387,0.00015,0.00134
2030,United Arab Emirates,AE,Warehouse & logistics ops,Operations,Senior,0.74334,0.00266,0.00241,-0.00025,99.97518,0.00037,0.00332
2026,Australia,AU,Warehouse & logistics ops,Operations,Senior,0.18674,0.00064,0.00026,-0.00038,99.96155,-0.00018,-0.0016
2027,Australia,AU,Warehouse & logistics ops,Operations,Senior,0.32645,0.00112,0.00052,-0.00061,99.93933,-0.00022,-0.00202
2028,Australia,AU,Warehouse & logistics ops,Operations,Senior,0.49683,0.00171,0.00096,-0.00075,99.92454,-0.00015,-0.00134
2029,Australia,AU,Warehouse & logistics ops,Operations,Senior,0.65308,0.00225,0.00156,-0.00068,99.93158,0.00007,0.00064
2030,Australia,AU,Warehouse & logistics ops,Operations,Senior,0.7631,0.00263,0.00221,-0.00042,99.95815,0.00027,0.00242
2026,Germany,DE,Warehouse & logistics ops,Operations,Senior,0.18062,0.0005,0.00024,-0.00026,99.97439,-0.00011,-0.00098
2027,Germany,DE,Warehouse & logistics ops,Operations,Senior,0.30566,0.00084,0.00046,-0.00038,99.96156,-0.00013,-0.00117
2028,Germany,DE,Warehouse & logistics ops,Operations,Senior,0.46101,0.00127,0.00081,-0.00046,99.95412,-0.00007,-0.00068
2029,Germany,DE,Warehouse & logistics ops,Operations,Senior,0.61255,0.00169,0.0013,-0.00039,99.96125,0.00007,0.00065
2030,Germany,DE,Warehouse & logistics ops,Operations,Senior,0.72923,0.00201,0.00184,-0.00017,99.98306,0.00022,0.00198
2026,Japan,JP,Warehouse & logistics ops,Operations,Senior,0.16856,0.00043,0.0002,-0.00023,99.97663,-0.0001,-0.00092
2027,Japan,JP,Warehouse & logistics ops,Operations,Senior,0.28811,0.00074,0.00038,-0.00036,99.96391,-0.00013,-0.00116
2028,Japan,JP,Warehouse & logistics ops,Operations,Senior,0.44,0.00112,0.00067,-0.00045,99.95465,-0.00009,-0.00084
2029,Japan,JP,Warehouse & logistics ops,Operations,Senior,0.59189,0.00151,0.00109,-0.00043,99.9575,0.00003,0.00026
2030,Japan,JP,Warehouse & logistics ops,Operations,Senior,0.71144,0.00182,0.00156,-0.00026,99.97407,0.00017,0.00151
2026,India,IN,Warehouse & logistics ops,Operations,Senior,0.12095,0.0005,0.00017,-0.00032,99.96758,-0.00016,-0.00144
2027,India,IN,Warehouse & logistics ops,Operations,Senior,0.22322,0.00092,0.00036,-0.00056,99.94422,-0.00023,-0.00212
2028,India,IN,Warehouse & logistics ops,Operations,Senior,0.36,0.00148,0.0007,-0.00078,99.92193,-0.00022,-0.00203
2029,India,IN,Warehouse & logistics ops,Operations,Senior,0.49678,0.00205,0.00122,-0.00083,99.91709,-0.00005,-0.00044
2030,India,IN,Warehouse & logistics ops,Operations,Senior,0.59905,0.00247,0.00181,-0.00065,99.93481,0.00018,0.00161
2026,France,FR,Warehouse & logistics ops,Operations,Senior,0.16451,0.00047,0.00021,-0.00026,99.97427,-0.00011,-0.001
2027,France,FR,Warehouse & logistics ops,Operations,Senior,0.2785,0.00079,0.00039,-0.0004,99.96021,-0.00014,-0.00128
2028,France,FR,Warehouse & logistics ops,Operations,Senior,0.42461,0.00121,0.00069,-0.00051,99.94877,-0.00011,-0.00104
2029,France,FR,Warehouse & logistics ops,Operations,Senior,0.57419,0.00163,0.00112,-0.00051,99.94875,0,0
2030,France,FR,Warehouse & logistics ops,Operations,Senior,0.69594,0.00198,0.00161,-0.00037,99.96299,0.00014,0.00129
2026,Brazil,BR,Warehouse & logistics ops,Operations,Senior,0.09137,0.00033,0.00012,-0.00022,99.9785,-0.0001,-0.0009
2027,Brazil,BR,Warehouse & logistics ops,Operations,Senior,0.16352,0.0006,0.00023,-0.00037,99.96308,-0.00015,-0.0014
2028,Brazil,BR,Warehouse & logistics ops,Operations,Senior,0.26903,0.00098,0.00042,-0.00056,99.94381,-0.00019,-0.00175
2029,Brazil,BR,Warehouse & logistics ops,Operations,Senior,0.39586,0.00145,0.00072,-0.00072,99.92788,-0.00016,-0.00145
2030,Brazil,BR,Warehouse & logistics ops,Operations,Senior,0.51686,0.00189,0.00113,-0.00076,99.92423,-0.00004,-0.00033
2026,Nigeria,NG,Warehouse & logistics ops,Operations,Senior,0.0536,0.00024,0.00007,-0.00017,99.98272,-0.00008,-0.00071
2027,Nigeria,NG,Warehouse & logistics ops,Operations,Senior,0.09502,0.00043,0.00013,-0.0003,99.96993,-0.00013,-0.00116
2028,Nigeria,NG,Warehouse & logistics ops,Operations,Senior,0.1593,0.00072,0.00023,-0.00049,99.95126,-0.00019,-0.0017
2029,Nigeria,NG,Warehouse & logistics ops,Operations,Senior,0.24627,0.00111,0.0004,-0.00071,99.92887,-0.00022,-0.00204
2030,Nigeria,NG,Warehouse & logistics ops,Operations,Senior,0.34443,0.00155,0.00064,-0.00091,99.90913,-0.0002,-0.0018
2026,United States,US,Warehouse & logistics ops,Operations,Lead / Executive,0.31272,0.0006,0.00041,-0.00019,99.98129,-0.00006,-0.00085
2027,United States,US,Warehouse & logistics ops,Operations,Lead / Executive,0.50443,0.00096,0.00082,-0.00014,99.98587,0.00005,0.00065
2028,United States,US,Warehouse & logistics ops,Operations,Lead / Executive,0.68352,0.0013,0.00144,0.00014,100.01359,0.00028,0.00396
2029,United States,US,Warehouse & logistics ops,Operations,Lead / Executive,0.80581,0.00153,0.00212,0.00059,100.05876,0.00045,0.00645
2030,United States,US,Warehouse & logistics ops,Operations,Lead / Executive,0.87252,0.00166,0.00266,0.001,100.10028,0.00041,0.00593
2026,Singapore,SG,Warehouse & logistics ops,Operations,Lead / Executive,0.2925,0.00058,0.00033,-0.00024,99.97561,-0.0001,-0.00145
2027,Singapore,SG,Warehouse & logistics ops,Operations,Lead / Executive,0.49636,0.00098,0.00071,-0.00027,99.97324,-0.00002,-0.00034
2028,Singapore,SG,Warehouse & logistics ops,Operations,Lead / Executive,0.69263,0.00137,0.00132,-0.00004,99.99566,0.00022,0.0032
2029,Singapore,SG,Warehouse & logistics ops,Operations,Lead / Executive,0.82532,0.00163,0.00203,0.00041,100.04055,0.00045,0.00641
2030,Singapore,SG,Warehouse & logistics ops,Operations,Lead / Executive,0.89503,0.00176,0.0026,0.00084,100.08363,0.00043,0.00615
2026,United Kingdom,UK,Warehouse & logistics ops,Operations,Lead / Executive,0.22387,0.00039,0.00025,-0.00014,99.98627,-0.00005,-0.00077
2027,United Kingdom,UK,Warehouse & logistics ops,Operations,Lead / Executive,0.38281,0.00066,0.0005,-0.00016,99.98393,-0.00002,-0.00033
2028,United Kingdom,UK,Warehouse & logistics ops,Operations,Lead / Executive,0.56215,0.00097,0.00092,-0.00006,99.99429,0.0001,0.00148
2029,United Kingdom,UK,Warehouse & logistics ops,Operations,Lead / Executive,0.71203,0.00123,0.00146,0.00022,100.02227,0.00028,0.004
2030,United Kingdom,UK,Warehouse & logistics ops,Operations,Lead / Executive,0.80894,0.0014,0.00198,0.00058,100.05781,0.00036,0.00508
2026,Canada,CA,Warehouse & logistics ops,Operations,Lead / Executive,0.20074,0.00037,0.00022,-0.00015,99.98502,-0.00006,-0.00089
2027,Canada,CA,Warehouse & logistics ops,Operations,Lead / Executive,0.34658,0.00064,0.00044,-0.0002,99.97998,-0.00005,-0.00072
2028,Canada,CA,Warehouse & logistics ops,Operations,Lead / Executive,0.51964,0.00096,0.00081,-0.00015,99.98457,0.00005,0.00066
2029,Canada,CA,Warehouse & logistics ops,Operations,Lead / Executive,0.67388,0.00125,0.0013,0.00006,100.00561,0.00021,0.00301
2030,Canada,CA,Warehouse & logistics ops,Operations,Lead / Executive,0.78002,0.00144,0.00182,0.00037,100.03702,0.00031,0.00449
2026,United Arab Emirates,AE,Warehouse & logistics ops,Operations,Lead / Executive,0.17156,0.0003,0.00018,-0.00012,99.98785,-0.00006,-0.00079
2027,United Arab Emirates,AE,Warehouse & logistics ops,Operations,Lead / Executive,0.31516,0.00056,0.00039,-0.00017,99.98332,-0.00005,-0.00065
2028,United Arab Emirates,AE,Warehouse & logistics ops,Operations,Lead / Executive,0.49072,0.00087,0.00077,-0.0001,99.98982,0.00007,0.00093
2029,United Arab Emirates,AE,Warehouse & logistics ops,Operations,Lead / Executive,0.64406,0.00114,0.0013,0.00016,100.01617,0.00026,0.00376
2030,United Arab Emirates,AE,Warehouse & logistics ops,Operations,Lead / Executive,0.74334,0.00131,0.00185,0.00054,100.05392,0.00038,0.00539
2026,Australia,AU,Warehouse & logistics ops,Operations,Lead / Executive,0.18674,0.00032,0.0002,-0.00012,99.9881,-0.00005,-0.00071
2027,Australia,AU,Warehouse & logistics ops,Operations,Lead / Executive,0.32645,0.00055,0.0004,-0.00016,99.98422,-0.00004,-0.00055
2028,Australia,AU,Warehouse & logistics ops,Operations,Lead / Executive,0.49683,0.00084,0.00073,-0.00011,99.98894,0.00005,0.00067
2029,Australia,AU,Warehouse & logistics ops,Operations,Lead / Executive,0.65308,0.00111,0.0012,0.00009,100.00909,0.0002,0.00288
2030,Australia,AU,Warehouse & logistics ops,Operations,Lead / Executive,0.7631,0.0013,0.00169,0.0004,100.03987,0.00031,0.0044
2026,Germany,DE,Warehouse & logistics ops,Operations,Lead / Executive,0.18062,0.00025,0.00019,-0.00006,99.99398,-0.00002,-0.0003
2027,Germany,DE,Warehouse & logistics ops,Operations,Lead / Executive,0.30566,0.00042,0.00035,-0.00006,99.99357,0,-0.00006
2028,Germany,DE,Warehouse & logistics ops,Operations,Lead / Executive,0.46101,0.00063,0.00062,0,99.99959,0.00006,0.00086
2029,Germany,DE,Warehouse & logistics ops,Operations,Lead / Executive,0.61255,0.00083,0.001,0.00017,100.01651,0.00017,0.00242
2030,Germany,DE,Warehouse & logistics ops,Operations,Lead / Executive,0.72923,0.00099,0.00141,0.00042,100.04206,0.00026,0.00365
2026,Japan,JP,Warehouse & logistics ops,Operations,Lead / Executive,0.16856,0.00021,0.00015,-0.00006,99.99387,-0.00002,-0.00033
2027,Japan,JP,Warehouse & logistics ops,Operations,Lead / Executive,0.28811,0.00036,0.00029,-0.00008,99.99248,-0.00001,-0.0002
2028,Japan,JP,Warehouse & logistics ops,Operations,Lead / Executive,0.44,0.00055,0.00051,-0.00004,99.99601,0.00004,0.0005
2029,Japan,JP,Warehouse & logistics ops,Operations,Lead / Executive,0.59189,0.00075,0.00083,0.00009,100.00884,0.00013,0.00183
2030,Japan,JP,Warehouse & logistics ops,Operations,Lead / Executive,0.71144,0.0009,0.0012,0.0003,100.02994,0.00021,0.00301
2026,India,IN,Warehouse & logistics ops,Operations,Lead / Executive,0.12095,0.00025,0.00013,-0.00011,99.98876,-0.00005,-0.00075
2027,India,IN,Warehouse & logistics ops,Operations,Lead / Executive,0.22322,0.00045,0.00028,-0.00018,99.98238,-0.00006,-0.00091
2028,India,IN,Warehouse & logistics ops,Operations,Lead / Executive,0.36,0.00073,0.00054,-0.00019,99.98071,-0.00002,-0.00024
2029,India,IN,Warehouse & logistics ops,Operations,Lead / Executive,0.49678,0.00101,0.00093,-0.00008,99.99244,0.00012,0.00168
2030,India,IN,Warehouse & logistics ops,Operations,Lead / Executive,0.59905,0.00122,0.00139,0.00018,100.01758,0.00025,0.00359
2026,France,FR,Warehouse & logistics ops,Operations,Lead / Executive,0.16451,0.00023,0.00016,-0.00007,99.99306,-0.00003,-0.00037
2027,France,FR,Warehouse & logistics ops,Operations,Lead / Executive,0.2785,0.00039,0.0003,-0.00009,99.99115,-0.00002,-0.00027
2028,France,FR,Warehouse & logistics ops,Operations,Lead / Executive,0.42461,0.0006,0.00053,-0.00006,99.99376,0.00003,0.00037
2029,France,FR,Warehouse & logistics ops,Operations,Lead / Executive,0.57419,0.00081,0.00086,0.00005,100.00539,0.00012,0.00166
2030,France,FR,Warehouse & logistics ops,Operations,Lead / Executive,0.69594,0.00098,0.00123,0.00026,100.02581,0.0002,0.00292
2026,Brazil,BR,Warehouse & logistics ops,Operations,Lead / Executive,0.09137,0.00016,0.00009,-0.00007,99.99264,-0.00003,-0.00047
2027,Brazil,BR,Warehouse & logistics ops,Operations,Lead / Executive,0.16352,0.00029,0.00017,-0.00012,99.98802,-0.00005,-0.00066
2028,Brazil,BR,Warehouse & logistics ops,Operations,Lead / Executive,0.26903,0.00048,0.00032,-0.00016,99.98379,-0.00004,-0.00061
2029,Brazil,BR,Warehouse & logistics ops,Operations,Lead / Executive,0.39586,0.00071,0.00056,-0.00016,99.98425,0,0.00007
2030,Brazil,BR,Warehouse & logistics ops,Operations,Lead / Executive,0.51686,0.00093,0.00087,-0.00006,99.99356,0.00009,0.00133
2026,Nigeria,NG,Warehouse & logistics ops,Operations,Lead / Executive,0.0536,0.00012,0.00005,-0.00007,99.99335,-0.00003,-0.00042
2027,Nigeria,NG,Warehouse & logistics ops,Operations,Lead / Executive,0.09502,0.00021,0.0001,-0.00011,99.98865,-0.00005,-0.00067
2028,Nigeria,NG,Warehouse & logistics ops,Operations,Lead / Executive,0.1593,0.00035,0.00018,-0.00018,99.98226,-0.00006,-0.00091
2029,Nigeria,NG,Warehouse & logistics ops,Operations,Lead / Executive,0.24627,0.00055,0.00031,-0.00024,99.97581,-0.00006,-0.00092
2030,Nigeria,NG,Warehouse & logistics ops,Operations,Lead / Executive,0.34443,0.00077,0.00049,-0.00027,99.97278,-0.00003,-0.00043
2026,United States,US,Nursing & direct care,Healthcare,Entry,0.31272,0.00348,0.00013,-0.00334,99.66576,-0.00157,-0.00447
2027,United States,US,Nursing & direct care,Healthcare,Entry,0.50443,0.00561,0.00027,-0.00534,99.46611,-0.002,-0.0057
2028,United States,US,Nursing & direct care,Healthcare,Entry,0.68352,0.0076,0.00047,-0.00713,99.28728,-0.0018,-0.00511
2029,United States,US,Nursing & direct care,Healthcare,Entry,0.80581,0.00896,0.00069,-0.00826,99.17376,-0.00114,-0.00324
2030,United States,US,Nursing & direct care,Healthcare,Entry,0.87252,0.0097,0.00087,-0.00883,99.11735,-0.00057,-0.00161
2026,Singapore,SG,Nursing & direct care,Healthcare,Entry,0.2925,0.00337,0.00011,-0.00326,99.67428,-0.00163,-0.00466
2027,Singapore,SG,Nursing & direct care,Healthcare,Entry,0.49636,0.00571,0.00023,-0.00548,99.45204,-0.00223,-0.00635
2028,Singapore,SG,Nursing & direct care,Healthcare,Entry,0.69263,0.00797,0.00043,-0.00754,99.24617,-0.00207,-0.00588
2029,Singapore,SG,Nursing & direct care,Healthcare,Entry,0.82532,0.0095,0.00067,-0.00883,99.11673,-0.0013,-0.0037
2030,Singapore,SG,Nursing & direct care,Healthcare,Entry,0.89503,0.0103,0.00085,-0.00945,99.05511,-0.00062,-0.00176
2026,United Kingdom,UK,Nursing & direct care,Healthcare,Entry,0.22387,0.00226,0.00008,-0.00218,99.78171,-0.00105,-0.00298
2027,United Kingdom,UK,Nursing & direct care,Healthcare,Entry,0.38281,0.00387,0.00016,-0.00371,99.62916,-0.00153,-0.00436
2028,United Kingdom,UK,Nursing & direct care,Healthcare,Entry,0.56215,0.00569,0.0003,-0.00539,99.46129,-0.00168,-0.0048
2029,United Kingdom,UK,Nursing & direct care,Healthcare,Entry,0.71203,0.0072,0.00048,-0.00673,99.32731,-0.00135,-0.00383
2030,United Kingdom,UK,Nursing & direct care,Healthcare,Entry,0.80894,0.00818,0.00065,-0.00754,99.2464,-0.00081,-0.00231
2026,Canada,CA,Nursing & direct care,Healthcare,Entry,0.20074,0.00217,0.00007,-0.0021,99.79015,-0.001,-0.00286
2027,Canada,CA,Nursing & direct care,Healthcare,Entry,0.34658,0.00375,0.00014,-0.0036,99.6396,-0.00151,-0.0043
2028,Canada,CA,Nursing & direct care,Healthcare,Entry,0.51964,0.00562,0.00026,-0.00536,99.46442,-0.00176,-0.00501
2029,Canada,CA,Nursing & direct care,Healthcare,Entry,0.67388,0.00729,0.00043,-0.00686,99.31383,-0.00151,-0.0043
2030,Canada,CA,Nursing & direct care,Healthcare,Entry,0.78002,0.00844,0.00059,-0.00784,99.21575,-0.00099,-0.0028
2026,United Arab Emirates,AE,Nursing & direct care,Healthcare,Entry,0.17156,0.00177,0.00006,-0.00171,99.82895,-0.00088,-0.00251
2027,United Arab Emirates,AE,Nursing & direct care,Healthcare,Entry,0.31516,0.00325,0.00013,-0.00312,99.68762,-0.00142,-0.00404
2028,United Arab Emirates,AE,Nursing & direct care,Healthcare,Entry,0.49072,0.00506,0.00025,-0.00481,99.51879,-0.00169,-0.00482
2029,United Arab Emirates,AE,Nursing & direct care,Healthcare,Entry,0.64406,0.00664,0.00043,-0.00622,99.37808,-0.00141,-0.00402
2030,United Arab Emirates,AE,Nursing & direct care,Healthcare,Entry,0.74334,0.00767,0.00061,-0.00706,99.29376,-0.00085,-0.00241
2026,Australia,AU,Nursing & direct care,Healthcare,Entry,0.18674,0.00185,0.00006,-0.00179,99.82134,-0.00086,-0.00246
2027,Australia,AU,Nursing & direct care,Healthcare,Entry,0.32645,0.00324,0.00013,-0.00311,99.68932,-0.00132,-0.00377
2028,Australia,AU,Nursing & direct care,Healthcare,Entry,0.49683,0.00493,0.00024,-0.00469,99.53141,-0.00158,-0.00451
2029,Australia,AU,Nursing & direct care,Healthcare,Entry,0.65308,0.00648,0.00039,-0.00608,99.39176,-0.0014,-0.00399
2030,Australia,AU,Nursing & direct care,Healthcare,Entry,0.7631,0.00757,0.00055,-0.00701,99.29887,-0.00093,-0.00265
2026,Germany,DE,Nursing & direct care,Healthcare,Entry,0.18062,0.00143,0.00006,-0.00137,99.86272,-0.00063,-0.00178
2027,Germany,DE,Nursing & direct care,Healthcare,Entry,0.30566,0.00243,0.00011,-0.00231,99.76891,-0.00094,-0.00268
2028,Germany,DE,Nursing & direct care,Healthcare,Entry,0.46101,0.00366,0.0002,-0.00346,99.65449,-0.00115,-0.00327
2029,Germany,DE,Nursing & direct care,Healthcare,Entry,0.61255,0.00486,0.00033,-0.00453,99.5465,-0.00108,-0.00309
2030,Germany,DE,Nursing & direct care,Healthcare,Entry,0.72923,0.00579,0.00046,-0.00533,99.46746,-0.00079,-0.00226
2026,Japan,JP,Nursing & direct care,Healthcare,Entry,0.16856,0.00124,0.00005,-0.00119,99.88084,-0.00055,-0.00156
2027,Japan,JP,Nursing & direct care,Healthcare,Entry,0.28811,0.00212,0.00009,-0.00203,99.7973,-0.00084,-0.00239
2028,Japan,JP,Nursing & direct care,Healthcare,Entry,0.44,0.00324,0.00017,-0.00307,99.69288,-0.00105,-0.00298
2029,Japan,JP,Nursing & direct care,Healthcare,Entry,0.59189,0.00436,0.00027,-0.00408,99.59151,-0.00102,-0.0029
2030,Japan,JP,Nursing & direct care,Healthcare,Entry,0.71144,0.00524,0.00039,-0.00485,99.51533,-0.00076,-0.00218
2026,India,IN,Nursing & direct care,Healthcare,Entry,0.12095,0.00143,0.00004,-0.00139,99.86087,-0.0007,-0.002
2027,India,IN,Nursing & direct care,Healthcare,Entry,0.22322,0.00265,0.00009,-0.00256,99.74425,-0.00117,-0.00333
2028,India,IN,Nursing & direct care,Healthcare,Entry,0.36,0.00427,0.00018,-0.00409,99.59052,-0.00154,-0.00439
2029,India,IN,Nursing & direct care,Healthcare,Entry,0.49678,0.00589,0.00031,-0.00559,99.44117,-0.0015,-0.00427
2030,India,IN,Nursing & direct care,Healthcare,Entry,0.59905,0.00711,0.00046,-0.00665,99.33487,-0.00107,-0.00304
2026,France,FR,Nursing & direct care,Healthcare,Entry,0.16451,0.00135,0.00005,-0.00129,99.87057,-0.00058,-0.00167
2027,France,FR,Nursing & direct care,Healthcare,Entry,0.2785,0.00228,0.0001,-0.00218,99.78184,-0.00089,-0.00254
2028,France,FR,Nursing & direct care,Healthcare,Entry,0.42461,0.00348,0.00017,-0.0033,99.66976,-0.00112,-0.0032
2029,France,FR,Nursing & direct care,Healthcare,Entry,0.57419,0.0047,0.00028,-0.00442,99.55795,-0.00112,-0.00319
2030,France,FR,Nursing & direct care,Healthcare,Entry,0.69594,0.0057,0.0004,-0.00529,99.47053,-0.00088,-0.0025
2026,Brazil,BR,Nursing & direct care,Healthcare,Entry,0.09137,0.00096,0.00003,-0.00093,99.90688,-0.00044,-0.00125
2027,Brazil,BR,Nursing & direct care,Healthcare,Entry,0.16352,0.00172,0.00006,-0.00166,99.83373,-0.00073,-0.00209
2028,Brazil,BR,Nursing & direct care,Healthcare,Entry,0.26903,0.00283,0.00011,-0.00272,99.72759,-0.00106,-0.00303
2029,Brazil,BR,Nursing & direct care,Healthcare,Entry,0.39586,0.00416,0.00018,-0.00398,99.60182,-0.00126,-0.00359
2030,Brazil,BR,Nursing & direct care,Healthcare,Entry,0.51686,0.00544,0.00028,-0.00515,99.48473,-0.00118,-0.00335
2026,Nigeria,NG,Nursing & direct care,Healthcare,Entry,0.0536,0.0007,0.00002,-0.00068,99.93216,-0.00031,-0.00088
2027,Nigeria,NG,Nursing & direct care,Healthcare,Entry,0.09502,0.00123,0.00003,-0.0012,99.87987,-0.00052,-0.00149
2028,Nigeria,NG,Nursing & direct care,Healthcare,Entry,0.1593,0.00207,0.00006,-0.00201,99.79902,-0.00081,-0.00231
2029,Nigeria,NG,Nursing & direct care,Healthcare,Entry,0.24627,0.0032,0.0001,-0.0031,99.69037,-0.00109,-0.0031
2030,Nigeria,NG,Nursing & direct care,Healthcare,Entry,0.34443,0.00447,0.00016,-0.00431,99.56911,-0.00122,-0.00346
2026,United States,US,Nursing & direct care,Healthcare,Junior,0.31272,0.00184,0.0002,-0.00164,99.83627,-0.00076,-0.00315
2027,United States,US,Nursing & direct care,Healthcare,Junior,0.50443,0.00297,0.0004,-0.00256,99.7438,-0.00093,-0.00385
2028,United States,US,Nursing & direct care,Healthcare,Junior,0.68352,0.00402,0.00071,-0.00331,99.66895,-0.00075,-0.00312
2029,United States,US,Nursing & direct care,Healthcare,Junior,0.80581,0.00474,0.00104,-0.00369,99.63077,-0.00038,-0.00159
2030,United States,US,Nursing & direct care,Healthcare,Junior,0.87252,0.00513,0.00131,-0.00382,99.61825,-0.00013,-0.00052
2026,Singapore,SG,Nursing & direct care,Healthcare,Junior,0.2925,0.00178,0.00016,-0.00162,99.83836,-0.0008,-0.00334
2027,Singapore,SG,Nursing & direct care,Healthcare,Junior,0.49636,0.00302,0.00035,-0.00267,99.7329,-0.00106,-0.00439
2028,Singapore,SG,Nursing & direct care,Healthcare,Junior,0.69263,0.00422,0.00065,-0.00356,99.64354,-0.0009,-0.00372
2029,Singapore,SG,Nursing & direct care,Healthcare,Junior,0.82532,0.00502,0.001,-0.00402,99.59776,-0.00046,-0.00191
2030,Singapore,SG,Nursing & direct care,Healthcare,Junior,0.89503,0.00545,0.00128,-0.00417,99.5833,-0.00015,-0.0006
2026,United Kingdom,UK,Nursing & direct care,Healthcare,Junior,0.22387,0.0012,0.00012,-0.00107,99.89256,-0.00051,-0.00213
2027,United Kingdom,UK,Nursing & direct care,Healthcare,Junior,0.38281,0.00205,0.00025,-0.0018,99.81993,-0.00073,-0.00303
2028,United Kingdom,UK,Nursing & direct care,Healthcare,Junior,0.56215,0.00301,0.00045,-0.00256,99.74437,-0.00076,-0.00315
2029,United Kingdom,UK,Nursing & direct care,Healthcare,Junior,0.71203,0.00381,0.00072,-0.00309,99.69074,-0.00054,-0.00223
2030,United Kingdom,UK,Nursing & direct care,Healthcare,Junior,0.80894,0.00433,0.00097,-0.00335,99.66465,-0.00026,-0.00109
2026,Canada,CA,Nursing & direct care,Healthcare,Junior,0.20074,0.00115,0.00011,-0.00104,99.89611,-0.00049,-0.00205
2027,Canada,CA,Nursing & direct care,Healthcare,Junior,0.34658,0.00198,0.00022,-0.00176,99.82351,-0.00073,-0.00303
2028,Canada,CA,Nursing & direct care,Healthcare,Junior,0.51964,0.00297,0.0004,-0.00257,99.74256,-0.00081,-0.00337
2029,Canada,CA,Nursing & direct care,Healthcare,Junior,0.67388,0.00385,0.00064,-0.00321,99.67876,-0.00064,-0.00266
2030,Canada,CA,Nursing & direct care,Healthcare,Junior,0.78002,0.00446,0.00089,-0.00357,99.64319,-0.00036,-0.00148
2026,United Arab Emirates,AE,Nursing & direct care,Healthcare,Junior,0.17156,0.00094,0.00009,-0.00085,99.91534,-0.00043,-0.00181
2027,United Arab Emirates,AE,Nursing & direct care,Healthcare,Junior,0.31516,0.00172,0.00019,-0.00153,99.84725,-0.00068,-0.00284
2028,United Arab Emirates,AE,Nursing & direct care,Healthcare,Junior,0.49072,0.00268,0.00038,-0.0023,99.76994,-0.00077,-0.00322
2029,United Arab Emirates,AE,Nursing & direct care,Healthcare,Junior,0.64406,0.00351,0.00064,-0.00287,99.71259,-0.00057,-0.00239
2030,United Arab Emirates,AE,Nursing & direct care,Healthcare,Junior,0.74334,0.00406,0.00091,-0.00314,99.68564,-0.00027,-0.00112
2026,Australia,AU,Nursing & direct care,Healthcare,Junior,0.18674,0.00098,0.0001,-0.00088,99.91184,-0.00042,-0.00176
2027,Australia,AU,Nursing & direct care,Healthcare,Junior,0.32645,0.00171,0.0002,-0.00152,99.84836,-0.00064,-0.00265
2028,Australia,AU,Nursing & direct care,Healthcare,Junior,0.49683,0.00261,0.00036,-0.00224,99.77559,-0.00073,-0.00303
2029,Australia,AU,Nursing & direct care,Healthcare,Junior,0.65308,0.00342,0.00059,-0.00283,99.71664,-0.00059,-0.00246
2030,Australia,AU,Nursing & direct care,Healthcare,Junior,0.7631,0.004,0.00083,-0.00317,99.6833,-0.00033,-0.00139
2026,Germany,DE,Nursing & direct care,Healthcare,Junior,0.18062,0.00076,0.00009,-0.00067,99.93331,-0.0003,-0.00126
2027,Germany,DE,Nursing & direct care,Healthcare,Junior,0.30566,0.00128,0.00017,-0.00111,99.889,-0.00044,-0.00185
2028,Germany,DE,Nursing & direct care,Healthcare,Junior,0.46101,0.00193,0.00031,-0.00163,99.83715,-0.00052,-0.00216
2029,Germany,DE,Nursing & direct care,Healthcare,Junior,0.61255,0.00257,0.00049,-0.00208,99.79202,-0.00045,-0.00188
2030,Germany,DE,Nursing & direct care,Healthcare,Junior,0.72923,0.00306,0.0007,-0.00237,99.76344,-0.00029,-0.00119
2026,Japan,JP,Nursing & direct care,Healthcare,Junior,0.16856,0.00066,0.00007,-0.00058,99.94181,-0.00027,-0.00111
2027,Japan,JP,Nursing & direct care,Healthcare,Junior,0.28811,0.00112,0.00014,-0.00098,99.902,-0.0004,-0.00166
2028,Japan,JP,Nursing & direct care,Healthcare,Junior,0.44,0.00171,0.00025,-0.00146,99.85402,-0.00048,-0.002
2029,Japan,JP,Nursing & direct care,Healthcare,Junior,0.59189,0.0023,0.00041,-0.00189,99.81062,-0.00043,-0.00181
2030,Japan,JP,Nursing & direct care,Healthcare,Junior,0.71144,0.00277,0.00059,-0.00218,99.78188,-0.00029,-0.0012
2026,India,IN,Nursing & direct care,Healthcare,Junior,0.12095,0.00076,0.00007,-0.00069,99.93068,-0.00035,-0.00145
2027,India,IN,Nursing & direct care,Healthcare,Junior,0.22322,0.0014,0.00014,-0.00126,99.8736,-0.00057,-0.00238
2028,India,IN,Nursing & direct care,Healthcare,Junior,0.36,0.00226,0.00027,-0.00199,99.80064,-0.00073,-0.00304
2029,India,IN,Nursing & direct care,Healthcare,Junior,0.49678,0.00312,0.00046,-0.00266,99.73427,-0.00066,-0.00277
2030,India,IN,Nursing & direct care,Healthcare,Junior,0.59905,0.00376,0.00069,-0.00307,99.69272,-0.00042,-0.00173
2026,France,FR,Nursing & direct care,Healthcare,Junior,0.16451,0.00071,0.00008,-0.00063,99.9367,-0.00028,-0.00118
2027,France,FR,Nursing & direct care,Healthcare,Junior,0.2785,0.00121,0.00015,-0.00106,99.89427,-0.00042,-0.00177
2028,France,FR,Nursing & direct care,Healthcare,Junior,0.42461,0.00184,0.00026,-0.00158,99.84237,-0.00052,-0.00216
2029,France,FR,Nursing & direct care,Healthcare,Junior,0.57419,0.00249,0.00042,-0.00206,99.79365,-0.00049,-0.00203
2030,France,FR,Nursing & direct care,Healthcare,Junior,0.69594,0.00301,0.00061,-0.00241,99.75938,-0.00034,-0.00143
2026,Brazil,BR,Nursing & direct care,Healthcare,Junior,0.09137,0.00051,0.00004,-0.00046,99.95366,-0.00022,-0.0009
2027,Brazil,BR,Nursing & direct care,Healthcare,Junior,0.16352,0.00091,0.00009,-0.00082,99.91765,-0.00036,-0.0015
2028,Brazil,BR,Nursing & direct care,Healthcare,Junior,0.26903,0.0015,0.00016,-0.00134,99.86623,-0.00051,-0.00214
2029,Brazil,BR,Nursing & direct care,Healthcare,Junior,0.39586,0.0022,0.00027,-0.00193,99.80716,-0.00059,-0.00246
2030,Brazil,BR,Nursing & direct care,Healthcare,Junior,0.51686,0.00288,0.00043,-0.00245,99.75517,-0.00052,-0.00217
2026,Nigeria,NG,Nursing & direct care,Healthcare,Junior,0.0536,0.00037,0.00003,-0.00034,99.9658,-0.00016,-0.00065
2027,Nigeria,NG,Nursing & direct care,Healthcare,Junior,0.09502,0.00065,0.00005,-0.0006,99.93959,-0.00026,-0.00109
2028,Nigeria,NG,Nursing & direct care,Healthcare,Junior,0.1593,0.00109,0.00009,-0.00101,99.89935,-0.0004,-0.00168
2029,Nigeria,NG,Nursing & direct care,Healthcare,Junior,0.24627,0.00169,0.00015,-0.00154,99.84601,-0.00053,-0.00222
2030,Nigeria,NG,Nursing & direct care,Healthcare,Junior,0.34443,0.00236,0.00024,-0.00212,99.78788,-0.00058,-0.00242
2026,United States,US,Nursing & direct care,Healthcare,Mid,0.31272,0.0007,0.00023,-0.00047,99.95278,-0.00021,-0.00129
2027,United States,US,Nursing & direct care,Healthcare,Mid,0.50443,0.00113,0.00046,-0.00067,99.93287,-0.0002,-0.00124
2028,United States,US,Nursing & direct care,Healthcare,Mid,0.68352,0.00153,0.00081,-0.00073,99.92745,-0.00005,-0.00034
2029,United States,US,Nursing & direct care,Healthcare,Mid,0.80581,0.00181,0.00119,-0.00061,99.93852,0.00011,0.00069
2030,United States,US,Nursing & direct care,Healthcare,Mid,0.87252,0.00196,0.0015,-0.00046,99.95405,0.00016,0.00097
2026,Singapore,SG,Nursing & direct care,Healthcare,Mid,0.2925,0.00068,0.00019,-0.00049,99.95074,-0.00024,-0.00147
2027,Singapore,SG,Nursing & direct care,Healthcare,Mid,0.49636,0.00115,0.0004,-0.00075,99.92465,-0.00026,-0.00163
2028,Singapore,SG,Nursing & direct care,Healthcare,Mid,0.69263,0.00161,0.00074,-0.00087,99.91342,-0.00011,-0.0007
2029,Singapore,SG,Nursing & direct care,Healthcare,Mid,0.82532,0.00192,0.00114,-0.00077,99.92256,0.00009,0.00057
2030,Singapore,SG,Nursing & direct care,Healthcare,Mid,0.89503,0.00208,0.00146,-0.00062,99.93833,0.00016,0.00099
2026,United Kingdom,UK,Nursing & direct care,Healthcare,Mid,0.22387,0.00046,0.00014,-0.00032,99.96837,-0.00015,-0.00091
2027,United Kingdom,UK,Nursing & direct care,Healthcare,Mid,0.38281,0.00078,0.00028,-0.0005,99.95008,-0.00018,-0.00114
2028,United Kingdom,UK,Nursing & direct care,Healthcare,Mid,0.56215,0.00115,0.00052,-0.00063,99.93676,-0.00013,-0.00083
2029,United Kingdom,UK,Nursing & direct care,Healthcare,Mid,0.71203,0.00145,0.00082,-0.00064,99.93649,0,-0.00002
2030,United Kingdom,UK,Nursing & direct care,Healthcare,Mid,0.80894,0.00165,0.00111,-0.00054,99.94614,0.0001,0.0006
2026,Canada,CA,Nursing & direct care,Healthcare,Mid,0.20074,0.00044,0.00012,-0.00031,99.96865,-0.00014,-0.00091
2027,Canada,CA,Nursing & direct care,Healthcare,Mid,0.34658,0.00076,0.00025,-0.00051,99.94916,-0.00019,-0.00122
2028,Canada,CA,Nursing & direct care,Healthcare,Mid,0.51964,0.00113,0.00045,-0.00068,99.93199,-0.00017,-0.00107
2029,Canada,CA,Nursing & direct care,Healthcare,Mid,0.67388,0.00147,0.00073,-0.00074,99.92622,-0.00006,-0.00036
2030,Canada,CA,Nursing & direct care,Healthcare,Mid,0.78002,0.0017,0.00102,-0.00068,99.93178,0.00006,0.00035
2026,United Arab Emirates,AE,Nursing & direct care,Healthcare,Mid,0.17156,0.00036,0.0001,-0.00026,99.97448,-0.00013,-0.0008
2027,United Arab Emirates,AE,Nursing & direct care,Healthcare,Mid,0.31516,0.00066,0.00022,-0.00044,99.95629,-0.00018,-0.00114
2028,United Arab Emirates,AE,Nursing & direct care,Healthcare,Mid,0.49072,0.00102,0.00043,-0.00059,99.94083,-0.00015,-0.00097
2029,United Arab Emirates,AE,Nursing & direct care,Healthcare,Mid,0.64406,0.00134,0.00073,-0.00061,99.93896,-0.00002,-0.00012
2030,United Arab Emirates,AE,Nursing & direct care,Healthcare,Mid,0.74334,0.00155,0.00104,-0.00051,99.94939,0.0001,0.00065
2026,Australia,AU,Nursing & direct care,Healthcare,Mid,0.18674,0.00037,0.00011,-0.00026,99.97376,-0.00012,-0.00076
2027,Australia,AU,Nursing & direct care,Healthcare,Mid,0.32645,0.00065,0.00022,-0.00043,99.95696,-0.00017,-0.00105
2028,Australia,AU,Nursing & direct care,Healthcare,Mid,0.49683,0.00099,0.00041,-0.00058,99.94178,-0.00015,-0.00095
2029,Australia,AU,Nursing & direct care,Healthcare,Mid,0.65308,0.00131,0.00068,-0.00063,99.93677,-0.00005,-0.00031
2030,Australia,AU,Nursing & direct care,Healthcare,Mid,0.7631,0.00153,0.00095,-0.00057,99.94257,0.00006,0.00036
2026,Germany,DE,Nursing & direct care,Healthcare,Mid,0.18062,0.00029,0.0001,-0.00019,99.98148,-0.00008,-0.00051
2027,Germany,DE,Nursing & direct care,Healthcare,Mid,0.30566,0.00049,0.0002,-0.00029,99.97078,-0.00011,-0.00067
2028,Germany,DE,Nursing & direct care,Healthcare,Mid,0.46101,0.00074,0.00035,-0.00039,99.96115,-0.0001,-0.0006
2029,Germany,DE,Nursing & direct care,Healthcare,Mid,0.61255,0.00098,0.00056,-0.00042,99.95797,-0.00003,-0.0002
2030,Germany,DE,Nursing & direct care,Healthcare,Mid,0.72923,0.00117,0.00079,-0.00037,99.96258,0.00005,0.00029
2026,Japan,JP,Nursing & direct care,Healthcare,Mid,0.16856,0.00025,0.00009,-0.00017,99.98345,-0.00007,-0.00046
2027,Japan,JP,Nursing & direct care,Healthcare,Mid,0.28811,0.00043,0.00016,-0.00027,99.97338,-0.0001,-0.00063
2028,Japan,JP,Nursing & direct care,Healthcare,Mid,0.44,0.00065,0.00029,-0.00036,99.96356,-0.0001,-0.00061
2029,Japan,JP,Nursing & direct care,Healthcare,Mid,0.59189,0.00088,0.00047,-0.00041,99.95897,-0.00005,-0.00029
2030,Japan,JP,Nursing & direct care,Healthcare,Mid,0.71144,0.00106,0.00067,-0.00038,99.96155,0.00003,0.00016
2026,India,IN,Nursing & direct care,Healthcare,Mid,0.12095,0.00029,0.00008,-0.00021,99.97853,-0.00011,-0.00066
2027,India,IN,Nursing & direct care,Healthcare,Mid,0.22322,0.00053,0.00016,-0.00038,99.96213,-0.00016,-0.00102
2028,India,IN,Nursing & direct care,Healthcare,Mid,0.36,0.00086,0.0003,-0.00056,99.94406,-0.00018,-0.00113
2029,India,IN,Nursing & direct care,Healthcare,Mid,0.49678,0.00119,0.00053,-0.00066,99.93353,-0.00011,-0.00066
2030,India,IN,Nursing & direct care,Healthcare,Mid,0.59905,0.00144,0.00078,-0.00065,99.93487,0.00001,0.00008
2026,France,FR,Nursing & direct care,Healthcare,Mid,0.16451,0.00027,0.00009,-0.00018,99.98188,-0.00008,-0.00049
2027,France,FR,Nursing & direct care,Healthcare,Mid,0.2785,0.00046,0.00017,-0.00029,99.97095,-0.00011,-0.00068
2028,France,FR,Nursing & direct care,Healthcare,Mid,0.42461,0.0007,0.0003,-0.0004,99.95979,-0.00011,-0.0007
2029,France,FR,Nursing & direct care,Healthcare,Mid,0.57419,0.00095,0.00048,-0.00047,99.9534,-0.00006,-0.0004
2030,France,FR,Nursing & direct care,Healthcare,Mid,0.69594,0.00115,0.00069,-0.00046,99.95437,0.00001,0.00006
2026,Brazil,BR,Nursing & direct care,Healthcare,Mid,0.09137,0.00019,0.00005,-0.00014,99.98571,-0.00007,-0.00041
2027,Brazil,BR,Nursing & direct care,Healthcare,Mid,0.16352,0.00035,0.0001,-0.00025,99.97511,-0.00011,-0.00066
2028,Brazil,BR,Nursing & direct care,Healthcare,Mid,0.26903,0.00057,0.00018,-0.00039,99.96101,-0.00014,-0.00088
2029,Brazil,BR,Nursing & direct care,Healthcare,Mid,0.39586,0.00084,0.00031,-0.00053,99.94719,-0.00014,-0.00086
2030,Brazil,BR,Nursing & direct care,Healthcare,Mid,0.51686,0.0011,0.00049,-0.00061,99.93899,-0.00008,-0.00051
2026,Nigeria,NG,Nursing & direct care,Healthcare,Mid,0.0536,0.00014,0.00003,-0.00011,99.98892,-0.00005,-0.00031
2027,Nigeria,NG,Nursing & direct care,Healthcare,Mid,0.09502,0.00025,0.00005,-0.00019,99.9806,-0.00008,-0.00052
2028,Nigeria,NG,Nursing & direct care,Healthcare,Mid,0.1593,0.00042,0.0001,-0.00032,99.96819,-0.00012,-0.00078
2029,Nigeria,NG,Nursing & direct care,Healthcare,Mid,0.24627,0.00065,0.00017,-0.00047,99.95265,-0.00016,-0.00097
2030,Nigeria,NG,Nursing & direct care,Healthcare,Mid,0.34443,0.0009,0.00028,-0.00063,99.93749,-0.00015,-0.00095
2026,United States,US,Nursing & direct care,Healthcare,Senior,0.31272,0.00032,0.00019,-0.00013,99.98721,-0.00005,-0.00043
2027,United States,US,Nursing & direct care,Healthcare,Senior,0.50443,0.00052,0.00039,-0.00013,99.98699,0,-0.00002
2028,United States,US,Nursing & direct care,Healthcare,Senior,0.68352,0.0007,0.00068,-0.00002,99.99792,0.00011,0.00099
2029,United States,US,Nursing & direct care,Healthcare,Senior,0.80581,0.00083,0.00101,0.00018,100.01783,0.0002,0.00181
2030,United States,US,Nursing & direct care,Healthcare,Senior,0.87252,0.0009,0.00126,0.00037,100.03671,0.00019,0.00172
2026,Singapore,SG,Nursing & direct care,Healthcare,Senior,0.2925,0.00031,0.00016,-0.00015,99.98464,-0.00007,-0.00061
2027,Singapore,SG,Nursing & direct care,Healthcare,Senior,0.49636,0.00053,0.00034,-0.00019,99.98088,-0.00004,-0.00034
2028,Singapore,SG,Nursing & direct care,Healthcare,Senior,0.69263,0.00074,0.00063,-0.00011,99.98898,0.00008,0.00074
2029,Singapore,SG,Nursing & direct care,Healthcare,Senior,0.82532,0.00088,0.00096,0.00009,100.00858,0.0002,0.00178
2030,Singapore,SG,Nursing & direct care,Healthcare,Senior,0.89503,0.00095,0.00123,0.00028,100.02812,0.0002,0.00178
2026,United Kingdom,UK,Nursing & direct care,Healthcare,Senior,0.22387,0.00021,0.00012,-0.00009,99.99094,-0.00004,-0.00034
2027,United Kingdom,UK,Nursing & direct care,Healthcare,Senior,0.38281,0.00036,0.00024,-0.00012,99.98802,-0.00003,-0.00027
2028,United Kingdom,UK,Nursing & direct care,Healthcare,Senior,0.56215,0.00053,0.00044,-0.00009,99.9909,0.00003,0.00026
2029,United Kingdom,UK,Nursing & direct care,Healthcare,Senior,0.71203,0.00067,0.00069,0.00002,100.00248,0.00012,0.00105
2030,United Kingdom,UK,Nursing & direct care,Healthcare,Senior,0.80894,0.00076,0.00094,0.00018,100.01825,0.00016,0.00143
2026,Canada,CA,Nursing & direct care,Healthcare,Senior,0.20074,0.0002,0.00011,-0.0001,99.99045,-0.00004,-0.00038
2027,Canada,CA,Nursing & direct care,Healthcare,Senior,0.34658,0.00035,0.00021,-0.00014,99.98628,-0.00004,-0.00038
2028,Canada,CA,Nursing & direct care,Healthcare,Senior,0.51964,0.00052,0.00038,-0.00014,99.98636,0,0.00001
2029,Canada,CA,Nursing & direct care,Healthcare,Senior,0.67388,0.00067,0.00062,-0.00006,99.99447,0.00008,0.00074
2030,Canada,CA,Nursing & direct care,Healthcare,Senior,0.78002,0.00078,0.00086,0.00008,100.00809,0.00014,0.00124
2026,United Arab Emirates,AE,Nursing & direct care,Healthcare,Senior,0.17156,0.00016,0.00009,-0.00008,99.99224,-0.00004,-0.00033
2027,United Arab Emirates,AE,Nursing & direct care,Healthcare,Senior,0.31516,0.0003,0.00019,-0.00012,99.98843,-0.00004,-0.00035
2028,United Arab Emirates,AE,Nursing & direct care,Healthcare,Senior,0.49072,0.00047,0.00036,-0.00011,99.98948,0.00001,0.0001
2029,United Arab Emirates,AE,Nursing & direct care,Healthcare,Senior,0.64406,0.00061,0.00062,0,100.00021,0.00011,0.00098
2030,United Arab Emirates,AE,Nursing & direct care,Healthcare,Senior,0.74334,0.00071,0.00088,0.00017,100.01698,0.00017,0.00152
2026,Australia,AU,Nursing & direct care,Healthcare,Senior,0.18674,0.00017,0.00009,-0.00008,99.99227,-0.00003,-0.00031
2027,Australia,AU,Nursing & direct care,Healthcare,Senior,0.32645,0.0003,0.00019,-0.00011,99.98887,-0.00003,-0.00031
2028,Australia,AU,Nursing & direct care,Healthcare,Senior,0.49683,0.00046,0.00035,-0.00011,99.98922,0,0.00003
2029,Australia,AU,Nursing & direct care,Healthcare,Senior,0.65308,0.0006,0.00057,-0.00003,99.99704,0.00008,0.00071
2030,Australia,AU,Nursing & direct care,Healthcare,Senior,0.7631,0.0007,0.0008,0.0001,100.01042,0.00013,0.00122
2026,Germany,DE,Nursing & direct care,Healthcare,Senior,0.18062,0.00013,0.00009,-0.00004,99.99553,-0.00002,-0.00016
2027,Germany,DE,Nursing & direct care,Healthcare,Senior,0.30566,0.00022,0.00017,-0.00006,99.99422,-0.00001,-0.00012
2028,Germany,DE,Nursing & direct care,Healthcare,Senior,0.46101,0.00034,0.0003,-0.00004,99.99569,0.00001,0.00013
2029,Germany,DE,Nursing & direct care,Healthcare,Senior,0.61255,0.00045,0.00047,0.00002,100.00237,0.00007,0.00061
2030,Germany,DE,Nursing & direct care,Healthcare,Senior,0.72923,0.00054,0.00067,0.00013,100.01346,0.00011,0.00101
2026,Japan,JP,Nursing & direct care,Healthcare,Senior,0.16856,0.00011,0.00007,-0.00004,99.9957,-0.00002,-0.00016
2027,Japan,JP,Nursing & direct care,Healthcare,Senior,0.28811,0.0002,0.00014,-0.00006,99.99405,-0.00002,-0.00015
2028,Japan,JP,Nursing & direct care,Healthcare,Senior,0.44,0.0003,0.00024,-0.00006,99.99446,0,0.00004
2029,Japan,JP,Nursing & direct care,Healthcare,Senior,0.59189,0.0004,0.0004,-0.00001,99.9993,0.00005,0.00044
2030,Japan,JP,Nursing & direct care,Healthcare,Senior,0.71144,0.00048,0.00057,0.00008,100.00833,0.00009,0.00082
2026,India,IN,Nursing & direct care,Healthcare,Senior,0.12095,0.00013,0.00006,-0.00007,99.99305,-0.00003,-0.0003
2027,India,IN,Nursing & direct care,Healthcare,Senior,0.22322,0.00025,0.00013,-0.00011,99.98866,-0.00004,-0.0004
2028,India,IN,Nursing & direct care,Healthcare,Senior,0.36,0.0004,0.00026,-0.00014,99.98604,-0.00003,-0.00024
2029,India,IN,Nursing & direct care,Healthcare,Senior,0.49678,0.00055,0.00044,-0.0001,99.98979,0.00004,0.00034
2030,India,IN,Nursing & direct care,Healthcare,Senior,0.59905,0.00066,0.00066,0,100.00036,0.00011,0.00096
2026,France,FR,Nursing & direct care,Healthcare,Senior,0.16451,0.00012,0.00008,-0.00005,99.99519,-0.00002,-0.00017
2027,France,FR,Nursing & direct care,Healthcare,Senior,0.2785,0.00021,0.00014,-0.00007,99.99324,-0.00002,-0.00018
2028,France,FR,Nursing & direct care,Healthcare,Senior,0.42461,0.00032,0.00025,-0.00007,99.99313,0,-0.00001
2029,France,FR,Nursing & direct care,Healthcare,Senior,0.57419,0.00044,0.00041,-0.00003,99.99728,0.00004,0.00038
2030,France,FR,Nursing & direct care,Healthcare,Senior,0.69594,0.00053,0.00059,0.00006,100.00585,0.00009,0.00078
2026,Brazil,BR,Nursing & direct care,Healthcare,Senior,0.09137,0.00009,0.00004,-0.00005,99.99542,-0.00002,-0.00019
2027,Brazil,BR,Nursing & direct care,Healthcare,Senior,0.16352,0.00016,0.00008,-0.00008,99.99238,-0.00003,-0.00028
2028,Brazil,BR,Nursing & direct care,Healthcare,Senior,0.26903,0.00026,0.00015,-0.00011,99.98912,-0.00003,-0.0003
2029,Brazil,BR,Nursing & direct care,Healthcare,Senior,0.39586,0.00039,0.00026,-0.00012,99.98784,-0.00001,-0.00012
2030,Brazil,BR,Nursing & direct care,Healthcare,Senior,0.51686,0.0005,0.00041,-0.00009,99.99083,0.00003,0.00027
2026,Nigeria,NG,Nursing & direct care,Healthcare,Senior,0.0536,0.00006,0.00003,-0.00004,99.99606,-0.00002,-0.00016
2027,Nigeria,NG,Nursing & direct care,Healthcare,Senior,0.09502,0.00011,0.00005,-0.00007,99.99323,-0.00003,-0.00026
2028,Nigeria,NG,Nursing & direct care,Healthcare,Senior,0.1593,0.00019,0.00008,-0.00011,99.98925,-0.00004,-0.00036
2029,Nigeria,NG,Nursing & direct care,Healthcare,Senior,0.24627,0.0003,0.00015,-0.00015,99.98492,-0.00004,-0.00039
2030,Nigeria,NG,Nursing & direct care,Healthcare,Senior,0.34443,0.00041,0.00023,-0.00018,99.98205,-0.00003,-0.00026
2026,United States,US,Nursing & direct care,Healthcare,Lead / Executive,0.31272,0.00016,0.00015,-0.00001,99.999,0.00001,0.00008
2027,United States,US,Nursing & direct care,Healthcare,Lead / Executive,0.50443,0.00026,0.0003,0.00004,100.00424,0.00005,0.00075
2028,United States,US,Nursing & direct care,Healthcare,Lead / Executive,0.68352,0.00035,0.00052,0.00018,100.01768,0.00013,0.00192
2029,United States,US,Nursing & direct care,Healthcare,Lead / Executive,0.80581,0.00041,0.00077,0.00036,100.03641,0.00019,0.00268
2030,United States,US,Nursing & direct care,Healthcare,Lead / Executive,0.87252,0.00044,0.00097,0.00053,100.05279,0.00016,0.00234
2026,Singapore,SG,Nursing & direct care,Healthcare,Lead / Executive,0.2925,0.00015,0.00012,-0.00003,99.99675,-0.00001,-0.00012
2027,Singapore,SG,Nursing & direct care,Healthcare,Lead / Executive,0.49636,0.00026,0.00026,0,99.99981,0.00003,0.00044
2028,Singapore,SG,Nursing & direct care,Healthcare,Lead / Executive,0.69263,0.00036,0.00048,0.00012,100.01177,0.00012,0.00171
2029,Singapore,SG,Nursing & direct care,Healthcare,Lead / Executive,0.82532,0.00043,0.00074,0.00031,100.03068,0.00019,0.0027
2030,Singapore,SG,Nursing & direct care,Healthcare,Lead / Executive,0.89503,0.00047,0.00095,0.00048,100.04773,0.00017,0.00243
2026,United Kingdom,UK,Nursing & direct care,Healthcare,Lead / Executive,0.22387,0.0001,0.00009,-0.00001,99.99879,0,-0.00002
2027,United Kingdom,UK,Nursing & direct care,Healthcare,Lead / Executive,0.38281,0.00018,0.00018,0.00001,100.00063,0.00002,0.00026
2028,United Kingdom,UK,Nursing & direct care,Healthcare,Lead / Executive,0.56215,0.00026,0.00033,0.00007,100.00744,0.00007,0.00097
2029,United Kingdom,UK,Nursing & direct care,Healthcare,Lead / Executive,0.71203,0.00033,0.00053,0.0002,100.02018,0.00013,0.00182
2030,United Kingdom,UK,Nursing & direct care,Healthcare,Lead / Executive,0.80894,0.00037,0.00072,0.00035,100.03477,0.00015,0.00208
2026,Canada,CA,Nursing & direct care,Healthcare,Lead / Executive,0.20074,0.0001,0.00008,-0.00002,99.99818,-0.00001,-0.00008
2027,Canada,CA,Nursing & direct care,Healthcare,Lead / Executive,0.34658,0.00017,0.00016,-0.00001,99.99898,0.00001,0.00011
2028,Canada,CA,Nursing & direct care,Healthcare,Lead / Executive,0.51964,0.00026,0.00029,0.00004,100.00379,0.00005,0.00069
2029,Canada,CA,Nursing & direct care,Healthcare,Lead / Executive,0.67388,0.00033,0.00048,0.00014,100.01425,0.0001,0.00149
2030,Canada,CA,Nursing & direct care,Healthcare,Lead / Executive,0.78002,0.00039,0.00066,0.00028,100.02762,0.00013,0.00191
2026,United Arab Emirates,AE,Nursing & direct care,Healthcare,Lead / Executive,0.17156,0.00008,0.00007,-0.00001,99.99854,0,-0.00007
2027,United Arab Emirates,AE,Nursing & direct care,Healthcare,Lead / Executive,0.31516,0.00015,0.00014,-0.00001,99.99937,0.00001,0.00012
2028,United Arab Emirates,AE,Nursing & direct care,Healthcare,Lead / Executive,0.49072,0.00023,0.00028,0.00005,100.00477,0.00005,0.00077
2029,United Arab Emirates,AE,Nursing & direct care,Healthcare,Lead / Executive,0.64406,0.0003,0.00047,0.00017,100.01702,0.00012,0.00175
2030,United Arab Emirates,AE,Nursing & direct care,Healthcare,Lead / Executive,0.74334,0.00035,0.00068,0.00032,100.03249,0.00015,0.00221
2026,Australia,AU,Nursing & direct care,Healthcare,Lead / Executive,0.18674,0.00008,0.00007,-0.00001,99.99877,0,-0.00004
2027,Australia,AU,Nursing & direct care,Healthcare,Lead / Executive,0.32645,0.00015,0.00014,0,99.99967,0.00001,0.00013
2028,Australia,AU,Nursing & direct care,Healthcare,Lead / Executive,0.49683,0.00022,0.00027,0.00004,100.00422,0.00005,0.00065
2029,Australia,AU,Nursing & direct care,Healthcare,Lead / Executive,0.65308,0.0003,0.00044,0.00014,100.01416,0.0001,0.00142
2030,Australia,AU,Nursing & direct care,Healthcare,Lead / Executive,0.7631,0.00035,0.00062,0.00027,100.0272,0.00013,0.00186
2026,Germany,DE,Nursing & direct care,Healthcare,Lead / Executive,0.18062,0.00007,0.00007,0,100.00021,0,0.00005
2027,Germany,DE,Nursing & direct care,Healthcare,Lead / Executive,0.30566,0.00011,0.00013,0.00002,100.00172,0.00002,0.00022
2028,Germany,DE,Nursing & direct care,Healthcare,Lead / Executive,0.46101,0.00017,0.00023,0.00006,100.00598,0.00004,0.00061
2029,Germany,DE,Nursing & direct care,Healthcare,Lead / Executive,0.61255,0.00022,0.00036,0.00014,100.01416,0.00008,0.00117
2030,Germany,DE,Nursing & direct care,Healthcare,Lead / Executive,0.72923,0.00026,0.00051,0.00025,100.02502,0.00011,0.00155
2026,Japan,JP,Nursing & direct care,Healthcare,Lead / Executive,0.16856,0.00006,0.00006,0,99.99984,0,0.00002
2027,Japan,JP,Nursing & direct care,Healthcare,Lead / Executive,0.28811,0.0001,0.00011,0.00001,100.00081,0.00001,0.00014
2028,Japan,JP,Nursing & direct care,Healthcare,Lead / Executive,0.44,0.00015,0.00019,0.00004,100.00397,0.00003,0.00045
2029,Japan,JP,Nursing & direct care,Healthcare,Lead / Executive,0.59189,0.0002,0.0003,0.00011,100.01052,0.00007,0.00094
2030,Japan,JP,Nursing & direct care,Healthcare,Lead / Executive,0.71144,0.00024,0.00044,0.0002,100.01968,0.00009,0.00131
2026,India,IN,Nursing & direct care,Healthcare,Lead / Executive,0.12095,0.00007,0.00005,-0.00002,99.99831,-0.00001,-0.0001
2027,India,IN,Nursing & direct care,Healthcare,Lead / Executive,0.22322,0.00012,0.0001,-0.00002,99.99801,0,-0.00004
2028,India,IN,Nursing & direct care,Healthcare,Lead / Executive,0.36,0.0002,0.0002,0,100.00012,0.00002,0.0003
2029,India,IN,Nursing & direct care,Healthcare,Lead / Executive,0.49678,0.00027,0.00034,0.00007,100.00711,0.00007,0.001
2030,India,IN,Nursing & direct care,Healthcare,Lead / Executive,0.59905,0.00032,0.00051,0.00018,100.01831,0.00011,0.0016
2026,France,FR,Nursing & direct care,Healthcare,Lead / Executive,0.16451,0.00006,0.00006,0,99.99973,0,0.00001
2027,France,FR,Nursing & direct care,Healthcare,Lead / Executive,0.2785,0.0001,0.00011,0.00001,100.0006,0.00001,0.00012
2028,France,FR,Nursing & direct care,Healthcare,Lead / Executive,0.42461,0.00016,0.00019,0.00004,100.00355,0.00003,0.00042
2029,France,FR,Nursing & direct care,Healthcare,Lead / Executive,0.57419,0.00021,0.00031,0.0001,100.00984,0.00006,0.0009
2030,France,FR,Nursing & direct care,Healthcare,Lead / Executive,0.69594,0.00026,0.00045,0.00019,100.01895,0.00009,0.0013
2026,Brazil,BR,Nursing & direct care,Healthcare,Lead / Executive,0.09137,0.00004,0.00003,-0.00001,99.99893,0,-0.00006
2027,Brazil,BR,Nursing & direct care,Healthcare,Lead / Executive,0.16352,0.00008,0.00006,-0.00001,99.99852,0,-0.00006
2028,Brazil,BR,Nursing & direct care,Healthcare,Lead / Executive,0.26903,0.00013,0.00012,-0.00001,99.99883,0,0.00004
2029,Brazil,BR,Nursing & direct care,Healthcare,Lead / Executive,0.39586,0.00019,0.0002,0.00001,100.00123,0.00002,0.00034
2030,Brazil,BR,Nursing & direct care,Healthcare,Lead / Executive,0.51686,0.00025,0.00032,0.00007,100.00676,0.00006,0.00079
2026,Nigeria,NG,Nursing & direct care,Healthcare,Lead / Executive,0.0536,0.00003,0.00002,-0.00001,99.99874,-0.00001,-0.00008
2027,Nigeria,NG,Nursing & direct care,Healthcare,Lead / Executive,0.09502,0.00006,0.00004,-0.00002,99.99793,-0.00001,-0.00012
2028,Nigeria,NG,Nursing & direct care,Healthcare,Lead / Executive,0.1593,0.00009,0.00006,-0.00003,99.997,-0.00001,-0.00013
2029,Nigeria,NG,Nursing & direct care,Healthcare,Lead / Executive,0.24627,0.00015,0.00011,-0.00003,99.99654,0,-0.00007
2030,Nigeria,NG,Nursing & direct care,Healthcare,Lead / Executive,0.34443,0.0002,0.00018,-0.00002,99.99756,0.00001,0.00015
2026,United States,US,Skilled trades & construction,Operations,Entry,0.31272,0.00117,0.00004,-0.00113,99.88653,-0.00053,-0.00152
2027,United States,US,Skilled trades & construction,Operations,Entry,0.50443,0.00189,0.00008,-0.00182,99.81849,-0.00068,-0.00194
2028,United States,US,Skilled trades & construction,Operations,Entry,0.68352,0.00256,0.00014,-0.00243,99.75713,-0.00061,-0.00175
2029,United States,US,Skilled trades & construction,Operations,Entry,0.80581,0.00302,0.0002,-0.00282,99.71771,-0.0004,-0.00113
2030,United States,US,Skilled trades & construction,Operations,Entry,0.87252,0.00327,0.00025,-0.00302,99.6978,-0.0002,-0.00057
2026,Singapore,SG,Skilled trades & construction,Operations,Entry,0.2925,0.00114,0.00003,-0.0011,99.88953,-0.00055,-0.00158
2027,Singapore,SG,Skilled trades & construction,Operations,Entry,0.49636,0.00193,0.00007,-0.00186,99.81392,-0.00076,-0.00216
2028,Singapore,SG,Skilled trades & construction,Operations,Entry,0.69263,0.00269,0.00012,-0.00257,99.74345,-0.00071,-0.00201
2029,Singapore,SG,Skilled trades & construction,Operations,Entry,0.82532,0.00321,0.00019,-0.00301,99.69861,-0.00045,-0.00128
2030,Singapore,SG,Skilled trades & construction,Operations,Entry,0.89503,0.00348,0.00025,-0.00323,99.6769,-0.00022,-0.00062
2026,United Kingdom,UK,Skilled trades & construction,Operations,Entry,0.22387,0.00076,0.00002,-0.00074,99.92592,-0.00035,-0.00101
2027,United Kingdom,UK,Skilled trades & construction,Operations,Entry,0.38281,0.00131,0.00005,-0.00126,99.87403,-0.00052,-0.00148
2028,United Kingdom,UK,Skilled trades & construction,Operations,Entry,0.56215,0.00192,0.00009,-0.00183,99.8167,-0.00057,-0.00164
2029,United Kingdom,UK,Skilled trades & construction,Operations,Entry,0.71203,0.00243,0.00014,-0.00229,99.77061,-0.00046,-0.00132
2030,United Kingdom,UK,Skilled trades & construction,Operations,Entry,0.80894,0.00276,0.00019,-0.00258,99.74246,-0.00028,-0.0008
2026,Canada,CA,Skilled trades & construction,Operations,Entry,0.20074,0.00073,0.00002,-0.00071,99.92882,-0.00034,-0.00097
2027,Canada,CA,Skilled trades & construction,Operations,Entry,0.34658,0.00127,0.00004,-0.00122,99.87765,-0.00051,-0.00146
2028,Canada,CA,Skilled trades & construction,Operations,Entry,0.51964,0.0019,0.00008,-0.00182,99.81794,-0.0006,-0.00171
2029,Canada,CA,Skilled trades & construction,Operations,Entry,0.67388,0.00246,0.00012,-0.00234,99.76631,-0.00052,-0.00148
2030,Canada,CA,Skilled trades & construction,Operations,Entry,0.78002,0.00285,0.00017,-0.00268,99.73238,-0.00034,-0.00097
2026,United Arab Emirates,AE,Skilled trades & construction,Operations,Entry,0.17156,0.0006,0.00002,-0.00058,99.94198,-0.0003,-0.00085
2027,United Arab Emirates,AE,Skilled trades & construction,Operations,Entry,0.31516,0.0011,0.00004,-0.00106,99.89394,-0.00048,-0.00137
2028,United Arab Emirates,AE,Skilled trades & construction,Operations,Entry,0.49072,0.00171,0.00007,-0.00164,99.83635,-0.00058,-0.00165
2029,United Arab Emirates,AE,Skilled trades & construction,Operations,Entry,0.64406,0.00224,0.00012,-0.00212,99.788,-0.00048,-0.00138
2030,United Arab Emirates,AE,Skilled trades & construction,Operations,Entry,0.74334,0.00259,0.00017,-0.00241,99.75865,-0.00029,-0.00084
2026,Australia,AU,Skilled trades & construction,Operations,Entry,0.18674,0.00062,0.00002,-0.00061,99.93938,-0.00029,-0.00083
2027,Australia,AU,Skilled trades & construction,Operations,Entry,0.32645,0.00109,0.00004,-0.00105,99.8945,-0.00045,-0.00128
2028,Australia,AU,Skilled trades & construction,Operations,Entry,0.49683,0.00166,0.00007,-0.00159,99.84066,-0.00054,-0.00154
2029,Australia,AU,Skilled trades & construction,Operations,Entry,0.65308,0.00219,0.00011,-0.00207,99.79278,-0.00048,-0.00137
2030,Australia,AU,Skilled trades & construction,Operations,Entry,0.7631,0.00255,0.00016,-0.00239,99.76063,-0.00032,-0.00092
2026,Germany,DE,Skilled trades & construction,Operations,Entry,0.18062,0.00048,0.00002,-0.00047,99.95337,-0.00021,-0.00061
2027,Germany,DE,Skilled trades & construction,Operations,Entry,0.30566,0.00082,0.00003,-0.00079,99.92144,-0.00032,-0.00091
2028,Germany,DE,Skilled trades & construction,Operations,Entry,0.46101,0.00123,0.00006,-0.00118,99.88238,-0.00039,-0.00112
2029,Germany,DE,Skilled trades & construction,Operations,Entry,0.61255,0.00164,0.00009,-0.00155,99.84533,-0.00037,-0.00106
2030,Germany,DE,Skilled trades & construction,Operations,Entry,0.72923,0.00195,0.00013,-0.00182,99.81798,-0.00027,-0.00078
2026,Japan,JP,Skilled trades & construction,Operations,Entry,0.16856,0.00042,0.00001,-0.0004,99.95954,-0.00019,-0.00053
2027,Japan,JP,Skilled trades & construction,Operations,Entry,0.28811,0.00072,0.00003,-0.00069,99.93112,-0.00028,-0.00081
2028,Japan,JP,Skilled trades & construction,Operations,Entry,0.44,0.00109,0.00005,-0.00104,99.89551,-0.00036,-0.00102
2029,Japan,JP,Skilled trades & construction,Operations,Entry,0.59189,0.00147,0.00008,-0.00139,99.86078,-0.00035,-0.00099
2030,Japan,JP,Skilled trades & construction,Operations,Entry,0.71144,0.00177,0.00011,-0.00166,99.83449,-0.00026,-0.00075
2026,India,IN,Skilled trades & construction,Operations,Entry,0.12095,0.00048,0.00001,-0.00047,99.95283,-0.00024,-0.00068
2027,India,IN,Skilled trades & construction,Operations,Entry,0.22322,0.00089,0.00003,-0.00087,99.91323,-0.0004,-0.00113
2028,India,IN,Skilled trades & construction,Operations,Entry,0.36,0.00144,0.00005,-0.00139,99.86093,-0.00052,-0.00149
2029,India,IN,Skilled trades & construction,Operations,Entry,0.49678,0.00199,0.00009,-0.0019,99.80989,-0.00051,-0.00146
2030,India,IN,Skilled trades & construction,Operations,Entry,0.59905,0.0024,0.00013,-0.00227,99.77327,-0.00037,-0.00105
2026,France,FR,Skilled trades & construction,Operations,Entry,0.16451,0.00045,0.00002,-0.00044,99.95606,-0.0002,-0.00057
2027,France,FR,Skilled trades & construction,Operations,Entry,0.2785,0.00077,0.00003,-0.00074,99.92588,-0.0003,-0.00086
2028,France,FR,Skilled trades & construction,Operations,Entry,0.42461,0.00117,0.00005,-0.00112,99.88768,-0.00038,-0.00109
2029,France,FR,Skilled trades & construction,Operations,Entry,0.57419,0.00159,0.00008,-0.00151,99.84942,-0.00038,-0.00109
2030,France,FR,Skilled trades & construction,Operations,Entry,0.69594,0.00192,0.00012,-0.00181,99.81931,-0.0003,-0.00086
2026,Brazil,BR,Skilled trades & construction,Operations,Entry,0.09137,0.00032,0.00001,-0.00032,99.96842,-0.00015,-0.00042
2027,Brazil,BR,Skilled trades & construction,Operations,Entry,0.16352,0.00058,0.00002,-0.00056,99.9436,-0.00025,-0.00071
2028,Brazil,BR,Skilled trades & construction,Operations,Entry,0.26903,0.00096,0.00003,-0.00092,99.90754,-0.00036,-0.00103
2029,Brazil,BR,Skilled trades & construction,Operations,Entry,0.39586,0.00141,0.00005,-0.00135,99.86472,-0.00043,-0.00122
2030,Brazil,BR,Skilled trades & construction,Operations,Entry,0.51686,0.00183,0.00008,-0.00175,99.82469,-0.0004,-0.00114
2026,Nigeria,NG,Skilled trades & construction,Operations,Entry,0.0536,0.00023,0,-0.00023,99.97702,-0.0001,-0.0003
2027,Nigeria,NG,Skilled trades & construction,Operations,Entry,0.09502,0.00042,0.00001,-0.00041,99.9593,-0.00018,-0.00051
2028,Nigeria,NG,Skilled trades & construction,Operations,Entry,0.1593,0.0007,0.00002,-0.00068,99.93188,-0.00027,-0.00078
2029,Nigeria,NG,Skilled trades & construction,Operations,Entry,0.24627,0.00108,0.00003,-0.00105,99.895,-0.00037,-0.00105
2030,Nigeria,NG,Skilled trades & construction,Operations,Entry,0.34443,0.00151,0.00005,-0.00146,99.85378,-0.00041,-0.00118
2026,United States,US,Skilled trades & construction,Operations,Junior,0.31272,0.00062,0.00006,-0.00056,99.94375,-0.00026,-0.00109
2027,United States,US,Skilled trades & construction,Operations,Junior,0.50443,0.001,0.00012,-0.00088,99.91154,-0.00032,-0.00134
2028,United States,US,Skilled trades & construction,Operations,Junior,0.68352,0.00136,0.0002,-0.00115,99.88478,-0.00027,-0.00112
2029,United States,US,Skilled trades & construction,Operations,Junior,0.80581,0.0016,0.0003,-0.0013,99.87023,-0.00015,-0.00061
2030,United States,US,Skilled trades & construction,Operations,Junior,0.87252,0.00173,0.00038,-0.00135,99.86468,-0.00006,-0.00023
2026,Singapore,SG,Skilled trades & construction,Operations,Junior,0.2925,0.0006,0.00005,-0.00055,99.94464,-0.00028,-0.00115
2027,Singapore,SG,Skilled trades & construction,Operations,Junior,0.49636,0.00102,0.0001,-0.00092,99.90813,-0.00037,-0.00152
2028,Singapore,SG,Skilled trades & construction,Operations,Junior,0.69263,0.00142,0.00019,-0.00124,99.87648,-0.00032,-0.00132
2029,Singapore,SG,Skilled trades & construction,Operations,Junior,0.82532,0.0017,0.00029,-0.00141,99.8593,-0.00017,-0.00072
2030,Singapore,SG,Skilled trades & construction,Operations,Junior,0.89503,0.00184,0.00037,-0.00147,99.85304,-0.00006,-0.00026
2026,United Kingdom,UK,Skilled trades & construction,Operations,Junior,0.22387,0.0004,0.00004,-0.00037,99.96313,-0.00018,-0.00073
2027,United Kingdom,UK,Skilled trades & construction,Operations,Junior,0.38281,0.00069,0.00007,-0.00062,99.938,-0.00025,-0.00105
2028,United Kingdom,UK,Skilled trades & construction,Operations,Junior,0.56215,0.00102,0.00013,-0.00089,99.9115,-0.00027,-0.0011
2029,United Kingdom,UK,Skilled trades & construction,Operations,Junior,0.71203,0.00129,0.00021,-0.00108,99.89208,-0.00019,-0.00081
2030,United Kingdom,UK,Skilled trades & construction,Operations,Junior,0.80894,0.00146,0.00028,-0.00118,99.88201,-0.0001,-0.00042
2026,Canada,CA,Skilled trades & construction,Operations,Junior,0.20074,0.00039,0.00003,-0.00036,99.9644,-0.00017,-0.0007
2027,Canada,CA,Skilled trades & construction,Operations,Junior,0.34658,0.00067,0.00006,-0.00061,99.93936,-0.00025,-0.00104
2028,Canada,CA,Skilled trades & construction,Operations,Junior,0.51964,0.001,0.00011,-0.00089,99.91115,-0.00028,-0.00118
2029,Canada,CA,Skilled trades & construction,Operations,Junior,0.67388,0.0013,0.00019,-0.00112,99.88841,-0.00023,-0.00095
2030,Canada,CA,Skilled trades & construction,Operations,Junior,0.78002,0.00151,0.00026,-0.00125,99.87516,-0.00013,-0.00055
2026,United Arab Emirates,AE,Skilled trades & construction,Operations,Junior,0.17156,0.00032,0.00003,-0.00029,99.97099,-0.00015,-0.00062
2027,United Arab Emirates,AE,Skilled trades & construction,Operations,Junior,0.31516,0.00058,0.00006,-0.00053,99.9475,-0.00023,-0.00098
2028,United Arab Emirates,AE,Skilled trades & construction,Operations,Junior,0.49072,0.0009,0.00011,-0.0008,99.92049,-0.00027,-0.00113
2029,United Arab Emirates,AE,Skilled trades & construction,Operations,Junior,0.64406,0.00119,0.00018,-0.001,99.89984,-0.00021,-0.00086
2030,United Arab Emirates,AE,Skilled trades & construction,Operations,Junior,0.74334,0.00137,0.00026,-0.00111,99.8894,-0.0001,-0.00043
2026,Australia,AU,Skilled trades & construction,Operations,Junior,0.18674,0.00033,0.00003,-0.0003,99.96976,-0.00014,-0.0006
2027,Australia,AU,Skilled trades & construction,Operations,Junior,0.32645,0.00058,0.00006,-0.00052,99.94786,-0.00022,-0.00091
2028,Australia,AU,Skilled trades & construction,Operations,Junior,0.49683,0.00088,0.0001,-0.00078,99.92248,-0.00025,-0.00106
2029,Australia,AU,Skilled trades & construction,Operations,Junior,0.65308,0.00116,0.00017,-0.00099,99.90145,-0.00021,-0.00088
2030,Australia,AU,Skilled trades & construction,Operations,Junior,0.7631,0.00135,0.00024,-0.00111,99.88899,-0.00012,-0.00052
2026,Germany,DE,Skilled trades & construction,Operations,Junior,0.18062,0.00026,0.00003,-0.00023,99.97704,-0.0001,-0.00043
2027,Germany,DE,Skilled trades & construction,Operations,Junior,0.30566,0.00043,0.00005,-0.00038,99.96168,-0.00015,-0.00064
2028,Germany,DE,Skilled trades & construction,Operations,Junior,0.46101,0.00065,0.00009,-0.00056,99.94352,-0.00018,-0.00076
2029,Germany,DE,Skilled trades & construction,Operations,Junior,0.61255,0.00087,0.00014,-0.00073,99.92738,-0.00016,-0.00067
2030,Germany,DE,Skilled trades & construction,Operations,Junior,0.72923,0.00103,0.0002,-0.00083,99.91673,-0.00011,-0.00044
2026,Japan,JP,Skilled trades & construction,Operations,Junior,0.16856,0.00022,0.00002,-0.0002,99.97999,-0.00009,-0.00038
2027,Japan,JP,Skilled trades & construction,Operations,Junior,0.28811,0.00038,0.00004,-0.00034,99.96622,-0.00014,-0.00057
2028,Japan,JP,Skilled trades & construction,Operations,Junior,0.44,0.00058,0.00007,-0.00051,99.94948,-0.00017,-0.0007
2029,Japan,JP,Skilled trades & construction,Operations,Junior,0.59189,0.00078,0.00012,-0.00066,99.93405,-0.00015,-0.00064
2030,Japan,JP,Skilled trades & construction,Operations,Junior,0.71144,0.00093,0.00017,-0.00077,99.92347,-0.00011,-0.00044
2026,India,IN,Skilled trades & construction,Operations,Junior,0.12095,0.00026,0.00002,-0.00024,99.97628,-0.00012,-0.0005
2027,India,IN,Skilled trades & construction,Operations,Junior,0.22322,0.00047,0.00004,-0.00043,99.95667,-0.0002,-0.00082
2028,India,IN,Skilled trades & construction,Operations,Junior,0.36,0.00076,0.00008,-0.00069,99.93141,-0.00025,-0.00105
2029,India,IN,Skilled trades & construction,Operations,Junior,0.49678,0.00105,0.00013,-0.00092,99.90805,-0.00023,-0.00097
2030,India,IN,Skilled trades & construction,Operations,Junior,0.59905,0.00127,0.0002,-0.00107,99.8929,-0.00015,-0.00063
2026,France,FR,Skilled trades & construction,Operations,Junior,0.16451,0.00024,0.00002,-0.00022,99.97825,-0.0001,-0.00041
2027,France,FR,Skilled trades & construction,Operations,Junior,0.2785,0.00041,0.00004,-0.00036,99.96358,-0.00015,-0.00061
2028,France,FR,Skilled trades & construction,Operations,Junior,0.42461,0.00062,0.00008,-0.00054,99.9455,-0.00018,-0.00075
2029,France,FR,Skilled trades & construction,Operations,Junior,0.57419,0.00084,0.00012,-0.00072,99.92827,-0.00017,-0.00072
2030,France,FR,Skilled trades & construction,Operations,Junior,0.69594,0.00102,0.00018,-0.00084,99.91579,-0.00012,-0.00052
2026,Brazil,BR,Skilled trades & construction,Operations,Junior,0.09137,0.00017,0.00001,-0.00016,99.98414,-0.00007,-0.00031
2027,Brazil,BR,Skilled trades & construction,Operations,Junior,0.16352,0.00031,0.00002,-0.00028,99.97178,-0.00012,-0.00051
2028,Brazil,BR,Skilled trades & construction,Operations,Junior,0.26903,0.00051,0.00005,-0.00046,99.95407,-0.00018,-0.00074
2029,Brazil,BR,Skilled trades & construction,Operations,Junior,0.39586,0.00074,0.00008,-0.00066,99.93357,-0.00021,-0.00085
2030,Brazil,BR,Skilled trades & construction,Operations,Junior,0.51686,0.00097,0.00012,-0.00085,99.91526,-0.00018,-0.00076
2026,Nigeria,NG,Skilled trades & construction,Operations,Junior,0.0536,0.00012,0.00001,-0.00012,99.98833,-0.00005,-0.00022
2027,Nigeria,NG,Skilled trades & construction,Operations,Junior,0.09502,0.00022,0.00001,-0.00021,99.97937,-0.00009,-0.00037
2028,Nigeria,NG,Skilled trades & construction,Operations,Junior,0.1593,0.00037,0.00003,-0.00034,99.9656,-0.00014,-0.00057
2029,Nigeria,NG,Skilled trades & construction,Operations,Junior,0.24627,0.00057,0.00004,-0.00053,99.94728,-0.00018,-0.00076
2030,Nigeria,NG,Skilled trades & construction,Operations,Junior,0.34443,0.0008,0.00007,-0.00073,99.92721,-0.0002,-0.00084
2026,United States,US,Skilled trades & construction,Operations,Mid,0.31272,0.00024,0.00007,-0.00017,99.98293,-0.00008,-0.00047
2027,United States,US,Skilled trades & construction,Operations,Mid,0.50443,0.00038,0.00013,-0.00025,99.97507,-0.00008,-0.00049
2028,United States,US,Skilled trades & construction,Operations,Mid,0.68352,0.00052,0.00023,-0.00028,99.97152,-0.00004,-0.00022
2029,United States,US,Skilled trades & construction,Operations,Mid,0.80581,0.00061,0.00034,-0.00027,99.97335,0.00002,0.00011
2030,United States,US,Skilled trades & construction,Operations,Mid,0.87252,0.00066,0.00043,-0.00023,99.97709,0.00004,0.00023
2026,Singapore,SG,Skilled trades & construction,Operations,Mid,0.2925,0.00023,0.00005,-0.00018,99.98245,-0.00008,-0.00053
2027,Singapore,SG,Skilled trades & construction,Operations,Mid,0.49636,0.00039,0.00012,-0.00027,99.97259,-0.0001,-0.00062
2028,Singapore,SG,Skilled trades & construction,Operations,Mid,0.69263,0.00054,0.00021,-0.00033,99.96711,-0.00005,-0.00034
2029,Singapore,SG,Skilled trades & construction,Operations,Mid,0.82532,0.00065,0.00033,-0.00032,99.96822,0.00001,0.00007
2030,Singapore,SG,Skilled trades & construction,Operations,Mid,0.89503,0.0007,0.00042,-0.00028,99.97196,0.00004,0.00023
2026,United Kingdom,UK,Skilled trades & construction,Operations,Mid,0.22387,0.00015,0.00004,-0.00011,99.98863,-0.00005,-0.00033
2027,United Kingdom,UK,Skilled trades & construction,Operations,Mid,0.38281,0.00026,0.00008,-0.00018,99.98175,-0.00007,-0.00043
2028,United Kingdom,UK,Skilled trades & construction,Operations,Mid,0.56215,0.00039,0.00015,-0.00024,99.97611,-0.00006,-0.00035
2029,United Kingdom,UK,Skilled trades & construction,Operations,Mid,0.71203,0.00049,0.00024,-0.00025,99.97452,-0.00002,-0.0001
2030,United Kingdom,UK,Skilled trades & construction,Operations,Mid,0.80894,0.00056,0.00032,-0.00024,99.97632,0.00002,0.00011
2026,Canada,CA,Skilled trades & construction,Operations,Mid,0.20074,0.00015,0.00004,-0.00011,99.9888,-0.00005,-0.00033
2027,Canada,CA,Skilled trades & construction,Operations,Mid,0.34658,0.00026,0.00007,-0.00018,99.98162,-0.00007,-0.00045
2028,Canada,CA,Skilled trades & construction,Operations,Mid,0.51964,0.00038,0.00013,-0.00025,99.9748,-0.00007,-0.00043
2029,Canada,CA,Skilled trades & construction,Operations,Mid,0.67388,0.0005,0.00021,-0.00029,99.97147,-0.00003,-0.00021
2030,Canada,CA,Skilled trades & construction,Operations,Mid,0.78002,0.00057,0.00029,-0.00028,99.97193,0,0.00003
2026,United Arab Emirates,AE,Skilled trades & construction,Operations,Mid,0.17156,0.00012,0.00003,-0.00009,99.99088,-0.00005,-0.00029
2027,United Arab Emirates,AE,Skilled trades & construction,Operations,Mid,0.31516,0.00022,0.00006,-0.00016,99.98416,-0.00007,-0.00042
2028,United Arab Emirates,AE,Skilled trades & construction,Operations,Mid,0.49072,0.00035,0.00012,-0.00022,99.9779,-0.00006,-0.00039
2029,United Arab Emirates,AE,Skilled trades & construction,Operations,Mid,0.64406,0.00045,0.00021,-0.00024,99.97579,-0.00002,-0.00013
2030,United Arab Emirates,AE,Skilled trades & construction,Operations,Mid,0.74334,0.00052,0.0003,-0.00022,99.97777,0.00002,0.00012
2026,Australia,AU,Skilled trades & construction,Operations,Mid,0.18674,0.00013,0.00003,-0.00009,99.99059,-0.00004,-0.00028
2027,Australia,AU,Skilled trades & construction,Operations,Mid,0.32645,0.00022,0.00006,-0.00016,99.98437,-0.00006,-0.00039
2028,Australia,AU,Skilled trades & construction,Operations,Mid,0.49683,0.00034,0.00012,-0.00022,99.97831,-0.00006,-0.00038
2029,Australia,AU,Skilled trades & construction,Operations,Mid,0.65308,0.00044,0.00019,-0.00025,99.97532,-0.00003,-0.00019
2030,Australia,AU,Skilled trades & construction,Operations,Mid,0.7631,0.00052,0.00027,-0.00024,99.97591,0.00001,0.00004
2026,Germany,DE,Skilled trades & construction,Operations,Mid,0.18062,0.0001,0.00003,-0.00007,99.99323,-0.00003,-0.00019
2027,Germany,DE,Skilled trades & construction,Operations,Mid,0.30566,0.00017,0.00006,-0.00011,99.98916,-0.00004,-0.00025
2028,Germany,DE,Skilled trades & construction,Operations,Mid,0.46101,0.00025,0.0001,-0.00015,99.98516,-0.00004,-0.00025
2029,Germany,DE,Skilled trades & construction,Operations,Mid,0.61255,0.00033,0.00016,-0.00017,99.98304,-0.00002,-0.00013
2030,Germany,DE,Skilled trades & construction,Operations,Mid,0.72923,0.00039,0.00023,-0.00017,99.98345,0,0.00003
2026,Japan,JP,Skilled trades & construction,Operations,Mid,0.16856,0.00008,0.00002,-0.00006,99.99399,-0.00003,-0.00017
2027,Japan,JP,Skilled trades & construction,Operations,Mid,0.28811,0.00014,0.00005,-0.0001,99.99021,-0.00004,-0.00024
2028,Japan,JP,Skilled trades & construction,Operations,Mid,0.44,0.00022,0.00008,-0.00014,99.98627,-0.00004,-0.00025
2029,Japan,JP,Skilled trades & construction,Operations,Mid,0.59189,0.0003,0.00014,-0.00016,99.98383,-0.00002,-0.00015
2030,Japan,JP,Skilled trades & construction,Operations,Mid,0.71144,0.00036,0.00019,-0.00016,99.9837,0,-0.00001
2026,India,IN,Skilled trades & construction,Operations,Mid,0.12095,0.0001,0.00002,-0.00008,99.99238,-0.00004,-0.00024
2027,India,IN,Skilled trades & construction,Operations,Mid,0.22322,0.00018,0.00004,-0.00014,99.98645,-0.00006,-0.00037
2028,India,IN,Skilled trades & construction,Operations,Mid,0.36,0.00029,0.00009,-0.0002,99.97962,-0.00007,-0.00043
2029,India,IN,Skilled trades & construction,Operations,Mid,0.49678,0.0004,0.00015,-0.00025,99.97497,-0.00005,-0.00029
2030,India,IN,Skilled trades & construction,Operations,Mid,0.59905,0.00048,0.00023,-0.00026,99.97415,-0.00001,-0.00005
2026,France,FR,Skilled trades & construction,Operations,Mid,0.16451,0.00009,0.00003,-0.00007,99.99344,-0.00003,-0.00018
2027,France,FR,Skilled trades & construction,Operations,Mid,0.2785,0.00016,0.00005,-0.00011,99.98936,-0.00004,-0.00025
2028,France,FR,Skilled trades & construction,Operations,Mid,0.42461,0.00024,0.00009,-0.00015,99.98495,-0.00004,-0.00028
2029,France,FR,Skilled trades & construction,Operations,Mid,0.57419,0.00032,0.00014,-0.00018,99.98189,-0.00003,-0.00019
2030,France,FR,Skilled trades & construction,Operations,Mid,0.69594,0.00039,0.0002,-0.00019,99.98117,-0.00001,-0.00004
2026,Brazil,BR,Skilled trades & construction,Operations,Mid,0.09137,0.00007,0.00001,-0.00005,99.99493,-0.00002,-0.00015
2027,Brazil,BR,Skilled trades & construction,Operations,Mid,0.16352,0.00012,0.00003,-0.00009,99.99111,-0.00004,-0.00024
2028,Brazil,BR,Skilled trades & construction,Operations,Mid,0.26903,0.00019,0.00005,-0.00014,99.98594,-0.00005,-0.00032
2029,Brazil,BR,Skilled trades & construction,Operations,Mid,0.39586,0.00028,0.00009,-0.00019,99.98063,-0.00005,-0.00033
2030,Brazil,BR,Skilled trades & construction,Operations,Mid,0.51686,0.00037,0.00014,-0.00023,99.977,-0.00004,-0.00023
2026,Nigeria,NG,Skilled trades & construction,Operations,Mid,0.0536,0.00005,0.00001,-0.00004,99.99611,-0.00002,-0.00011
2027,Nigeria,NG,Skilled trades & construction,Operations,Mid,0.09502,0.00008,0.00002,-0.00007,99.99318,-0.00003,-0.00018
2028,Nigeria,NG,Skilled trades & construction,Operations,Mid,0.1593,0.00014,0.00003,-0.00011,99.98877,-0.00004,-0.00028
2029,Nigeria,NG,Skilled trades & construction,Operations,Mid,0.24627,0.00022,0.00005,-0.00017,99.98317,-0.00006,-0.00035
2030,Nigeria,NG,Skilled trades & construction,Operations,Mid,0.34443,0.0003,0.00008,-0.00022,99.97753,-0.00006,-0.00035
2026,United States,US,Skilled trades & construction,Operations,Senior,0.31272,0.00011,0.00006,-0.00005,99.99473,-0.00002,-0.00019
2027,United States,US,Skilled trades & construction,Operations,Senior,0.50443,0.00018,0.00011,-0.00006,99.99369,-0.00001,-0.00009
2028,United States,US,Skilled trades & construction,Operations,Senior,0.68352,0.00024,0.0002,-0.00004,99.99593,0.00002,0.0002
2029,United States,US,Skilled trades & construction,Operations,Senior,0.80581,0.00028,0.00029,0.00001,100.00104,0.00005,0.00047
2030,United States,US,Skilled trades & construction,Operations,Senior,0.87252,0.0003,0.00036,0.00006,100.00614,0.00005,0.00046
2026,Singapore,SG,Skilled trades & construction,Operations,Senior,0.2925,0.00011,0.00005,-0.00006,99.99403,-0.00003,-0.00025
2027,Singapore,SG,Skilled trades & construction,Operations,Senior,0.49636,0.00018,0.0001,-0.00008,99.99188,-0.00002,-0.0002
2028,Singapore,SG,Skilled trades & construction,Operations,Senior,0.69263,0.00025,0.00018,-0.00007,99.99318,0.00001,0.00012
2029,Singapore,SG,Skilled trades & construction,Operations,Senior,0.82532,0.0003,0.00028,-0.00002,99.99813,0.00005,0.00045
2030,Singapore,SG,Skilled trades & construction,Operations,Senior,0.89503,0.00032,0.00036,0.00003,100.00339,0.00005,0.00048
2026,United Kingdom,UK,Skilled trades & construction,Operations,Senior,0.22387,0.00007,0.00003,-0.00004,99.99635,-0.00002,-0.00014
2027,United Kingdom,UK,Skilled trades & construction,Operations,Senior,0.38281,0.00012,0.00007,-0.00005,99.99478,-0.00002,-0.00014
2028,United Kingdom,UK,Skilled trades & construction,Operations,Senior,0.56215,0.00018,0.00013,-0.00005,99.99478,0,0
2029,United Kingdom,UK,Skilled trades & construction,Operations,Senior,0.71203,0.00023,0.0002,-0.00003,99.99742,0.00003,0.00024
2030,United Kingdom,UK,Skilled trades & construction,Operations,Senior,0.80894,0.00026,0.00027,0.00002,100.00152,0.00004,0.00037
2026,Canada,CA,Skilled trades & construction,Operations,Senior,0.20074,0.00007,0.00003,-0.00004,99.99626,-0.00002,-0.00015
2027,Canada,CA,Skilled trades & construction,Operations,Senior,0.34658,0.00012,0.00006,-0.00006,99.99433,-0.00002,-0.00017
2028,Canada,CA,Skilled trades & construction,Operations,Senior,0.51964,0.00018,0.00011,-0.00006,99.9935,-0.00001,-0.00008
2029,Canada,CA,Skilled trades & construction,Operations,Senior,0.67388,0.00023,0.00018,-0.00005,99.99508,0.00002,0.00014
2030,Canada,CA,Skilled trades & construction,Operations,Senior,0.78002,0.00026,0.00025,-0.00002,99.99848,0.00003,0.00031
2026,United Arab Emirates,AE,Skilled trades & construction,Operations,Senior,0.17156,0.00006,0.00002,-0.00003,99.99696,-0.00001,-0.00013
2027,United Arab Emirates,AE,Skilled trades & construction,Operations,Senior,0.31516,0.0001,0.00005,-0.00005,99.99518,-0.00002,-0.00016
2028,United Arab Emirates,AE,Skilled trades & construction,Operations,Senior,0.49072,0.00016,0.0001,-0.00005,99.99465,-0.00001,-0.00005
2029,United Arab Emirates,AE,Skilled trades & construction,Operations,Senior,0.64406,0.00021,0.00018,-0.00003,99.99702,0.00002,0.00022
2030,United Arab Emirates,AE,Skilled trades & construction,Operations,Senior,0.74334,0.00024,0.00025,0.00001,100.00139,0.00004,0.0004
2026,Australia,AU,Skilled trades & construction,Operations,Senior,0.18674,0.00006,0.00003,-0.00003,99.99693,-0.00001,-0.00013
2027,Australia,AU,Skilled trades & construction,Operations,Senior,0.32645,0.0001,0.00005,-0.00005,99.99531,-0.00002,-0.00015
2028,Australia,AU,Skilled trades & construction,Operations,Senior,0.49683,0.00015,0.0001,-0.00005,99.99464,-0.00001,-0.00006
2029,Australia,AU,Skilled trades & construction,Operations,Senior,0.65308,0.0002,0.00016,-0.00004,99.99619,0.00002,0.00014
2030,Australia,AU,Skilled trades & construction,Operations,Senior,0.7631,0.00024,0.00023,0,99.99954,0.00003,0.00031
2026,Germany,DE,Skilled trades & construction,Operations,Senior,0.18062,0.00004,0.00003,-0.00002,99.99806,-0.00001,-0.00007
2027,Germany,DE,Skilled trades & construction,Operations,Senior,0.30566,0.00008,0.00005,-0.00003,99.99723,-0.00001,-0.00008
2028,Germany,DE,Skilled trades & construction,Operations,Senior,0.46101,0.00011,0.00009,-0.00003,99.99709,0,-0.00001
2029,Germany,DE,Skilled trades & construction,Operations,Senior,0.61255,0.00015,0.00014,-0.00002,99.99846,0.00001,0.00012
2030,Germany,DE,Skilled trades & construction,Operations,Senior,0.72923,0.00018,0.00019,0.00001,100.00123,0.00003,0.00025
2026,Japan,JP,Skilled trades & construction,Operations,Senior,0.16856,0.00004,0.00002,-0.00002,99.99819,-0.00001,-0.00007
2027,Japan,JP,Skilled trades & construction,Operations,Senior,0.28811,0.00007,0.00004,-0.00003,99.99732,-0.00001,-0.00008
2028,Japan,JP,Skilled trades & construction,Operations,Senior,0.44,0.0001,0.00007,-0.00003,99.99692,0,-0.00004
2029,Japan,JP,Skilled trades & construction,Operations,Senior,0.59189,0.00014,0.00011,-0.00002,99.99781,0.00001,0.00008
2030,Japan,JP,Skilled trades & construction,Operations,Senior,0.71144,0.00016,0.00016,0,100,0.00002,0.0002
2026,India,IN,Skilled trades & construction,Operations,Senior,0.12095,0.00004,0.00002,-0.00003,99.99734,-0.00001,-0.00012
2027,India,IN,Skilled trades & construction,Operations,Senior,0.22322,0.00008,0.00004,-0.00004,99.99552,-0.00002,-0.00017
2028,India,IN,Skilled trades & construction,Operations,Senior,0.36,0.00013,0.00007,-0.00006,99.99403,-0.00001,-0.00014
2029,India,IN,Skilled trades & construction,Operations,Senior,0.49678,0.00018,0.00013,-0.00006,99.99436,0,0.00003
2030,India,IN,Skilled trades & construction,Operations,Senior,0.59905,0.00022,0.00019,-0.00003,99.99685,0.00002,0.00023
2026,France,FR,Skilled trades & construction,Operations,Senior,0.16451,0.00004,0.00002,-0.00002,99.998,-0.00001,-0.00008
2027,France,FR,Skilled trades & construction,Operations,Senior,0.2785,0.00007,0.00004,-0.00003,99.99701,-0.00001,-0.00009
2028,France,FR,Skilled trades & construction,Operations,Senior,0.42461,0.00011,0.00007,-0.00004,99.99643,-0.00001,-0.00005
2029,France,FR,Skilled trades & construction,Operations,Senior,0.57419,0.00015,0.00012,-0.00003,99.99707,0.00001,0.00006
2030,France,FR,Skilled trades & construction,Operations,Senior,0.69594,0.00018,0.00017,-0.00001,99.99908,0.00002,0.00018
2026,Brazil,BR,Skilled trades & construction,Operations,Senior,0.09137,0.00003,0.00001,-0.00002,99.99824,-0.00001,-0.00007
2027,Brazil,BR,Skilled trades & construction,Operations,Senior,0.16352,0.00005,0.00002,-0.00003,99.99702,-0.00001,-0.00011
2028,Brazil,BR,Skilled trades & construction,Operations,Senior,0.26903,0.00009,0.00004,-0.00004,99.99557,-0.00001,-0.00013
2029,Brazil,BR,Skilled trades & construction,Operations,Senior,0.39586,0.00013,0.00008,-0.00005,99.99459,-0.00001,-0.00009
2030,Brazil,BR,Skilled trades & construction,Operations,Senior,0.51686,0.00017,0.00012,-0.00005,99.99487,0,0.00003
2026,Nigeria,NG,Skilled trades & construction,Operations,Senior,0.0536,0.00002,0.00001,-0.00001,99.99855,-0.00001,-0.00006
2027,Nigeria,NG,Skilled trades & construction,Operations,Senior,0.09502,0.00004,0.00001,-0.00003,99.99748,-0.00001,-0.0001
2028,Nigeria,NG,Skilled trades & construction,Operations,Senior,0.1593,0.00006,0.00002,-0.00004,99.99596,-0.00002,-0.00014
2029,Nigeria,NG,Skilled trades & construction,Operations,Senior,0.24627,0.0001,0.00004,-0.00006,99.9942,-0.00002,-0.00016
2030,Nigeria,NG,Skilled trades & construction,Operations,Senior,0.34443,0.00014,0.00007,-0.00007,99.99279,-0.00001,-0.00013
2026,United States,US,Skilled trades & construction,Operations,Lead / Executive,0.31272,0.00005,0.00004,-0.00001,99.99893,0,-0.00003
2027,United States,US,Skilled trades & construction,Operations,Lead / Executive,0.50443,0.00009,0.00009,0,99.99996,0.00001,0.00015
2028,United States,US,Skilled trades & construction,Operations,Lead / Executive,0.68352,0.00012,0.00015,0.00003,100.00338,0.00003,0.00049
2029,United States,US,Skilled trades & construction,Operations,Lead / Executive,0.80581,0.00014,0.00022,0.00008,100.00847,0.00005,0.00073
2030,United States,US,Skilled trades & construction,Operations,Lead / Executive,0.87252,0.00015,0.00028,0.00013,100.01302,0.00005,0.00065
2026,Singapore,SG,Skilled trades & construction,Operations,Lead / Executive,0.2925,0.00005,0.00003,-0.00002,99.9983,-0.00001,-0.00009
2027,Singapore,SG,Skilled trades & construction,Operations,Lead / Executive,0.49636,0.00009,0.00007,-0.00001,99.99866,0,0.00005
2028,Singapore,SG,Skilled trades & construction,Operations,Lead / Executive,0.69263,0.00012,0.00014,0.00002,100.00159,0.00003,0.00042
2029,Singapore,SG,Skilled trades & construction,Operations,Lead / Executive,0.82532,0.00015,0.00021,0.00007,100.0067,0.00005,0.00073
2030,Singapore,SG,Skilled trades & construction,Operations,Lead / Executive,0.89503,0.00016,0.00027,0.00011,100.01143,0.00005,0.00068
2026,United Kingdom,UK,Skilled trades & construction,Operations,Lead / Executive,0.22387,0.00003,0.00003,-0.00001,99.99914,0,-0.00004
2027,United Kingdom,UK,Skilled trades & construction,Operations,Lead / Executive,0.38281,0.00006,0.00005,-0.00001,99.99931,0,0.00002
2028,United Kingdom,UK,Skilled trades & construction,Operations,Lead / Executive,0.56215,0.00009,0.0001,0.00001,100.00086,0.00002,0.00022
2029,United Kingdom,UK,Skilled trades & construction,Operations,Lead / Executive,0.71203,0.00011,0.00015,0.00004,100.00419,0.00003,0.00048
2030,United Kingdom,UK,Skilled trades & construction,Operations,Lead / Executive,0.80894,0.00013,0.00021,0.00008,100.00817,0.00004,0.00057
2026,Canada,CA,Skilled trades & construction,Operations,Lead / Executive,0.20074,0.00003,0.00002,-0.00001,99.99899,0,-0.00006
2027,Canada,CA,Skilled trades & construction,Operations,Lead / Executive,0.34658,0.00006,0.00005,-0.00001,99.99886,0,-0.00002
2028,Canada,CA,Skilled trades & construction,Operations,Lead / Executive,0.51964,0.00009,0.00008,0,99.99982,0.00001,0.00014
2029,Canada,CA,Skilled trades & construction,Operations,Lead / Executive,0.67388,0.00011,0.00014,0.00002,100.00246,0.00003,0.00038
2030,Canada,CA,Skilled trades & construction,Operations,Lead / Executive,0.78002,0.00013,0.00019,0.00006,100.00605,0.00004,0.00051
2026,United Arab Emirates,AE,Skilled trades & construction,Operations,Lead / Executive,0.17156,0.00003,0.00002,-0.00001,99.99918,0,-0.00005
2027,United Arab Emirates,AE,Skilled trades & construction,Operations,Lead / Executive,0.31516,0.00005,0.00004,-0.00001,99.99908,0,-0.00001
2028,United Arab Emirates,AE,Skilled trades & construction,Operations,Lead / Executive,0.49072,0.00008,0.00008,0,100.00023,0.00001,0.00016
2029,United Arab Emirates,AE,Skilled trades & construction,Operations,Lead / Executive,0.64406,0.0001,0.00014,0.00003,100.0034,0.00003,0.00045
2030,United Arab Emirates,AE,Skilled trades & construction,Operations,Lead / Executive,0.74334,0.00012,0.00019,0.00008,100.00763,0.00004,0.0006
2026,Australia,AU,Skilled trades & construction,Operations,Lead / Executive,0.18674,0.00003,0.00002,-0.00001,99.99923,0,-0.00004
2027,Australia,AU,Skilled trades & construction,Operations,Lead / Executive,0.32645,0.00005,0.00004,-0.00001,99.99917,0,-0.00001
2028,Australia,AU,Skilled trades & construction,Operations,Lead / Executive,0.49683,0.00008,0.00008,0,100.0001,0.00001,0.00013
2029,Australia,AU,Skilled trades & construction,Operations,Lead / Executive,0.65308,0.0001,0.00013,0.00003,100.00262,0.00003,0.00036
2030,Australia,AU,Skilled trades & construction,Operations,Lead / Executive,0.7631,0.00012,0.00018,0.00006,100.00613,0.00004,0.0005
2026,Germany,DE,Skilled trades & construction,Operations,Lead / Executive,0.18062,0.00002,0.00002,0,99.99974,0,-0.00001
2027,Germany,DE,Skilled trades & construction,Operations,Lead / Executive,0.30566,0.00004,0.00004,0,99.99995,0,0.00003
2028,Germany,DE,Skilled trades & construction,Operations,Lead / Executive,0.46101,0.00006,0.00007,0.00001,100.0009,0.00001,0.00014
2029,Germany,DE,Skilled trades & construction,Operations,Lead / Executive,0.61255,0.00007,0.0001,0.00003,100.00298,0.00002,0.0003
2030,Germany,DE,Skilled trades & construction,Operations,Lead / Executive,0.72923,0.00009,0.00015,0.00006,100.0059,0.00003,0.00042
2026,Japan,JP,Skilled trades & construction,Operations,Lead / Executive,0.16856,0.00002,0.00002,0,99.99968,0,-0.00001
2027,Japan,JP,Skilled trades & construction,Operations,Lead / Executive,0.28811,0.00003,0.00003,0,99.99976,0,0.00001
2028,Japan,JP,Skilled trades & construction,Operations,Lead / Executive,0.44,0.00005,0.00005,0,100.00041,0.00001,0.00009
2029,Japan,JP,Skilled trades & construction,Operations,Lead / Executive,0.59189,0.00007,0.00009,0.00002,100.00205,0.00002,0.00023
2030,Japan,JP,Skilled trades & construction,Operations,Lead / Executive,0.71144,0.00008,0.00013,0.00004,100.00449,0.00002,0.00035
2026,India,IN,Skilled trades & construction,Operations,Lead / Executive,0.12095,0.00002,0.00001,-0.00001,99.99919,0,-0.00005
2027,India,IN,Skilled trades & construction,Operations,Lead / Executive,0.22322,0.00004,0.00003,-0.00001,99.99883,0,-0.00005
2028,India,IN,Skilled trades & construction,Operations,Lead / Executive,0.36,0.00007,0.00006,-0.00001,99.99907,0,0.00003
2029,India,IN,Skilled trades & construction,Operations,Lead / Executive,0.49678,0.00009,0.0001,0.00001,100.00072,0.00002,0.00024
2030,India,IN,Skilled trades & construction,Operations,Lead / Executive,0.59905,0.00011,0.00015,0.00004,100.00367,0.00003,0.00042
2026,France,FR,Skilled trades & construction,Operations,Lead / Executive,0.16451,0.00002,0.00002,0,99.99962,0,-0.00002
2027,France,FR,Skilled trades & construction,Operations,Lead / Executive,0.2785,0.00004,0.00003,0,99.99966,0,0.00001
2028,France,FR,Skilled trades & construction,Operations,Lead / Executive,0.42461,0.00005,0.00006,0,100.00024,0.00001,0.00008
2029,France,FR,Skilled trades & construction,Operations,Lead / Executive,0.57419,0.00007,0.00009,0.00002,100.00177,0.00002,0.00022
2030,France,FR,Skilled trades & construction,Operations,Lead / Executive,0.69594,0.00009,0.00013,0.00004,100.00417,0.00002,0.00034
2026,Brazil,BR,Skilled trades & construction,Operations,Lead / Executive,0.09137,0.00001,0.00001,-0.00001,99.99947,0,-0.00003
2027,Brazil,BR,Skilled trades & construction,Operations,Lead / Executive,0.16352,0.00003,0.00002,-0.00001,99.99918,0,-0.00004
2028,Brazil,BR,Skilled trades & construction,Operations,Lead / Executive,0.26903,0.00004,0.00003,-0.00001,99.99902,0,-0.00002
2029,Brazil,BR,Skilled trades & construction,Operations,Lead / Executive,0.39586,0.00006,0.00006,-0.00001,99.99942,0,0.00006
2030,Brazil,BR,Skilled trades & construction,Operations,Lead / Executive,0.51686,0.00008,0.00009,0.00001,100.00072,0.00001,0.00019
2026,Nigeria,NG,Skilled trades & construction,Operations,Lead / Executive,0.0536,0.00001,0.00001,-0.00001,99.99948,0,-0.00003
2027,Nigeria,NG,Skilled trades & construction,Operations,Lead / Executive,0.09502,0.00002,0.00001,-0.00001,99.99913,0,-0.00005
2028,Nigeria,NG,Skilled trades & construction,Operations,Lead / Executive,0.1593,0.00003,0.00002,-0.00001,99.99867,0,-0.00007
2029,Nigeria,NG,Skilled trades & construction,Operations,Lead / Executive,0.24627,0.00005,0.00003,-0.00002,99.99828,0,-0.00006
2030,Nigeria,NG,Skilled trades & construction,Operations,Lead / Executive,0.34443,0.00007,0.00005,-0.00002,99.99829,0,0
